game_id,name,min_players,max_players,playing_time_min,complexity_weight,avg_rating,categories,mechanics,board_game_rank,top_category,users_rated,players_fit,playtime_fit,complexity_fit,score
429373,Cola Wars,1.0,4.0,120.0,,4.64062,Economic;Educational;Humor;Industry / Manufacturing;Territory Building,Area Majority / Influence;Investment;Worker Placement,30828.0,Economic,160.0,1.0,0.6165754530113879,0.5,0.6893305906022776
462479,Timespan,1.0,5.0,90.0,3.0,8.06952,Civilization,Tech Trees / Tech Tracks;Variable Player Powers;Worker Placement,,Civilization,21.0,1.0,0.7109813678954644,1.0,0.8939342735790929
207330,Hellas,2.0,4.0,60.0,2.5,7.08396,Ancient;City Building,Action Drafting;Follow;Hexagon Grid;Turn Order: Claim Action,4475.0,Ancient,621.0,1.0,0.8683883697146904,0.7788007830714049,0.8565368305572191
473658,Dino Battle!,2.0,4.0,120.0,,8.25,Dice;Fantasy;Miniatures;Prehistoric,Dice Rolling;Hand Management;Hexagon Grid;Modular Board;Multiple Maps,,Dice,4.0,1.0,0.6165754530113879,0.5,0.7795650906022775
454103,Magical Athlete,2.0,6.0,30.0,1.2201,7.77468,Animals;Dice;Humor;Party Game;Racing,Dice Rolling;Open Drafting;Race;Roll / Spin and Move;Track Movement;Variable Player Powers,307.0,Animals,8461.0,1.0,0.8209220690651828,0.41067628605331136,0.7906866710236988
456018,Lionwake,1.0,4.0,120.0,,8.46667,Animals;Dice;Fantasy;Mythology,"Chaining;Deck Construction;Deck, Bag, and Pool Building;Dice Rolling;End Game Bonuses;Layering;Modular Board;Multi-Use Cards;Variable Player Powers;Worker Placement",,Animals,15.0,1.0,0.6165754530113879,0.5,0.7849818406022776
422541,Star Trek: Captain's Chair,1.0,2.0,120.0,4.0663,8.67809,Card Game;Movies / TV / Radio theme;Science Fiction;Space Exploration,"Area Majority / Influence;Deck, Bag, and Pool Building;Hand Management;Market;Move Through Deck;Solo / Solitaire Game;Variable Player Powers",610.0,Card Game,2146.0,0.0,0.6165754530113879,0.58675378117646,0.4576180968375696
436217,The Lord of the Rings: Fate of the Fellowship,1.0,5.0,150.0,3.1036,8.33672,Fantasy;Novel-based,Action Points;Cooperative Game;Dice Rolling;Hand Management;Set Collection;Solo / Solitaire Game;Tags;Variable Player Powers,58.0,Fantasy,11589.0,1.0,0.5519381863844937,0.9495187516041013,0.858709387597719
9209,Ticket to Ride,2.0,5.0,60.0,1.8187,7.38407,Trains,Connections;Contracts;End Game Bonuses;Hand Management;Network and Route Building;Open Drafting;Push Your Luck;Set Collection,263.0,Trains,99435.0,1.0,0.8683883697146904,0.5539670890757006,0.8190728417580783
465669,Drillers,1.0,4.0,120.0,2.6667,7.94448,Card Game;Exploration;Industry / Manufacturing;Science Fiction,"Area Majority / Influence;Area Movement;Deck, Bag, and Pool Building;Delayed Purchase;Hand Management;Multi-Use Cards;Open Drafting;Resource to Move;Solo / Solitaire Game",3615.0,Card Game,585.0,1.0,0.6165754530113879,0.8464958330369299,0.8412262572096636
402276,Avalon: The Riven Veil,2.0,4.0,120.0,3.6,8.6867,Adventure;Bluffing;Exploration;Fantasy;Fighting;Medieval;Miniatures;Mythology;Religious,Area Majority / Influence;Card Play Conflict Resolution;End Game Bonuses;Hand Management;King of the Hill;Map Addition;Multi-Use Cards;Prisoner's Dilemma;Simultaneous Action Selection;Turn Order: Stat-Based;Variable Player Powers,3312.0,Adventure,580.0,1.0,0.6165754530113879,0.7408182206817179,0.8386462347386212
437337,Abroad,1.0,5.0,90.0,2.75,7.76362,Travel,Area Majority / Influence;End Game Bonuses;Hand Management;Income;Solo / Solitaire Game;Tags,3922.0,Travel,583.0,1.0,0.7109813678954644,0.8824969025845955,0.862786154096012
455933,ASHES: Blackout Protocol,1.0,4.0,120.0,,8.53033,Civilization;Science Fiction;Territory Building,End Game Bonuses;Income;Network and Route Building;Pick-up and Deliver;Point to Point Movement;Tech Trees / Tech Tracks;Worker Placement,,Civilization,15.0,1.0,0.6165754530113879,0.5,0.7865733406022776
394897,Horror on the Orient Express: The Board Game,1.0,4.0,120.0,3.76,8.15873,Adventure;Deduction;Dice;Horror;Miniatures;Murder / Mystery;Mythology;Novel-based;Trains;Travel,"Action Retrieval;Cooperative Game;Deck, Bag, and Pool Building;Deduction;Modular Board;Narrative Choice / Paragraph;Push Your Luck;Scenario / Mission / Campaign Game;Solo / Solitaire Game;Variable Player Powers",5699.0,Adventure,283.0,1.0,0.6165754530113879,0.6838614092123559,0.8140556224447488
418059,SETI: Search for Extraterrestrial Intelligence,1.0,4.0,160.0,3.8362,8.4119,Science Fiction;Space Exploration,Area Majority / Influence;End Game Bonuses;Income;Multi-Use Cards;Resource to Move;Solo / Solitaire Game;Turn Order: Progressive;Variable Set-up,14.0,Science Fiction,21991.0,1.0,0.5345224838248488,0.6582963954936861,0.798861275863707
462941,Entropy,1.0,4.0,150.0,3.5435,7.74128,Economic;Science Fiction,End Game Bonuses;Multi-Use Cards;Race;Rondel;Set Collection;Solo / Solitaire Game;Variable Player Powers;Variable Set-up,4668.0,Economic,425.0,1.0,0.5519381863844937,0.7620447484650398,0.8063285869699066
443306,Deckers,1.0,4.0,90.0,3.75,8.06438,Science Fiction,"Command Cards;Cooperative Game;Deck, Bag, and Pool Building;Dice Rolling;Modular Board;Network and Route Building;Open Drafting;Solo / Solitaire Game;Variable Player Powers;Variable Set-up",2058.0,Science Fiction,1096.0,1.0,0.7109813678954644,0.6872892787909722,0.8312636293372874
342942,Ark Nova,1.0,4.0,150.0,3.7982,8.53782,Animals;Card Game;Environmental,Contracts;End Game Bonuses;Events;Grid Coverage;Hand Management;Hexagon Grid;Income;Increase Value of Unchosen Resources;Open Drafting;Race;Set Collection;Solo / Solitaire Game;Tags;Tile Placement;Track Movement;Variable Player Powers;Variable Set-up,2.0,Animals,63016.0,1.0,0.5519381863844937,0.6709236056381522,0.8080178584045292
224517,Brass: Birmingham,2.0,4.0,120.0,3.8603,8.55983,Age of Reason;Economic;Industry / Manufacturing;Post-Napoleonic;Trains;Transportation,Chaining;End Game Bonuses;Hand Management;Income;Loans;Market;Multi-Use Cards;Network and Route Building;Ownership;Tags;Tech Trees / Tech Tracks;Tile Placement;Turn Order: Stat-Based;Variable Set-up,1.0,Age of Reason,60120.0,1.0,0.6165754530113879,0.6504115256769695,0.8173931457376715
414317,Harmonies,1.0,4.0,45.0,2.0116,8.03265,Animals;Environmental;Puzzle,Chaining;Hexagon Grid;Open Drafting;Pattern Building;Set Collection;Solo / Solitaire Game;Tile Placement;Variable Player Powers,52.0,Animals,32630.0,1.0,1.0,0.6100587591368638,0.8728280018273729
456236,Queen Alice,1.0,4.0,120.0,3.7273,8.62,Novel-based,"Deck, Bag, and Pool Building;End Game Bonuses;Hand Management;Multi-Use Cards;Track Movement",9172.0,Novel-based,110.0,1.0,0.6165754530113879,0.6951344492281223,0.827841980447902
473508,Wingspan Pocket,1.0,5.0,35.0,1.9048,7.88347,Animals;Card Game,Hand Management;Open Drafting,1714.0,Animals,1478.0,1.0,0.8846517369293827,0.5783361528709441,0.8396843279600653
468395,Everdell Journeys,2.0,5.0,60.0,,8.06429,Animals;Card Game;Fantasy,Closed Drafting;Open Drafting;Resource to Move,,Animals,14.0,1.0,0.8683883697146904,0.5,0.8252849239429381
424981,Eternal Decks,1.0,4.0,40.0,2.8295,8.19765,Card Game;Mythology;Puzzle,"Communication Limits;Cooperative Game;Deck, Bag, and Pool Building;Hand Management;Once-Per-Game Abilities;Ordering;Variable Player Powers;Variable Set-up",536.0,Card Game,3126.0,1.0,0.9440891630699333,0.918282685031474,0.9274156196202814
437246,Catvale,2.0,6.0,180.0,2.8,8.40278,Adventure;Animals;Dice;Exploration,"Action Points;Auction / Bidding;Dice Rolling;Drawing;Events;Hidden Roles;Market;Modular Board;Movement Points;Re-rolling and Locking;Role Playing;Tile Placement;Worker Placement, Different Worker Types",20433.0,Adventure,36.0,1.0,0.5041266174373653,0.9048374180359595,0.841862307094665
357873,The Old King's Crown,1.0,4.0,120.0,3.7012,8.04768,Card Game;Fantasy;Medieval,"Betting and Bluffing;Card Play Conflict Resolution;Deck, Bag, and Pool Building;Hand Management;Selection Order Bid;Simultaneous Action Selection;Variable Player Powers",504.0,Card Game,4182.0,1.0,0.6165754530113879,0.7042654036833734,0.8153601713389522
11,Bohnanza,3.0,7.0,45.0,1.6659,7.08294,Card Game;Farming;Negotiation,Hand Management;Multi-Use Cards;Negotiation;Resource Queue;Set Collection;Trading,545.0,Card Game,51938.0,1.0,1.0,0.5132203468540399,0.829717569370808
425549,Moon Colony Bloodbath,1.0,5.0,90.0,2.1565,7.62672,Card Game;Science Fiction,"Deck, Bag, and Pool Building;Delayed Purchase;Events;Simultaneous Action Selection;Variable Phase Order",452.0,Card Game,6973.0,1.0,0.7109813678954644,0.6558979933966865,0.8140438722584302
427388,Tend,1.0,6.0,90.0,3.0213,7.85888,Animals;Farming;Science Fiction,Action / Event;Chaining;Grid Coverage;Paper-and-Pencil;Simultaneous Action Selection,1478.0,Animals,1744.0,1.0,0.7109813678954644,0.9894065104599504,0.886549575671083
449018,Gunsen: The Battle for Toshi Ranbo,2.0,6.0,90.0,3.0,7.78383,Fighting,Dice Rolling;Die Icon Resolution;Hexagon Grid;Open Drafting;Race;Variable Player Powers;Variable Set-up,6990.0,Fighting,222.0,1.0,0.7109813678954644,1.0,0.8867920235790929
417197,Rebirth,2.0,4.0,60.0,1.9723,7.76749,Environmental;Fantasy;Farming;Science Fiction,Area Majority / Influence;Contracts;End Game Bonuses;Hexagon Grid;Tile Placement,319.0,Environmental,7577.0,1.0,0.8683883697146904,0.5981881155508142,0.8375025470531008
397598,Dune: Imperium – Uprising,1.0,6.0,120.0,3.5288,8.69757,Movies / TV / Radio theme;Novel-based;Science Fiction,"Automatic Resource Growth;Card Play Conflict Resolution;Contracts;Deck, Bag, and Pool Building;Delayed Purchase;Force Commitment;Increase Value of Unchosen Resources;Multi-Use Cards;Open Drafting;Solo / Solitaire Game;Team-Based Game;Turn Order: Progressive;Variable Player Powers;Worker Placement",5.0,Movies / TV / Radio theme,20172.0,1.0,0.6165754530113879,0.7676664116705358,0.8442876229363847
162886,Spirit Island,1.0,4.0,120.0,4.0758,8.3397,Environmental;Fantasy;Mythology;Territory Building,"Action Retrieval;Area Majority / Influence;Automatic Resource Growth;Campaign / Battle Card Driven;Cooperative Game;Deck, Bag, and Pool Building;Hand Management;Modular Board;Simultaneous Action Selection;Solo / Solitaire Game;Tags;Variable Player Powers;Variable Set-up",11.0,Environmental,64593.0,1.0,0.6165754530113879,0.5839733095638159,0.7986022525150407
312484,Lost Ruins of Arnak,1.0,4.0,120.0,2.934,8.08454,Adventure;Card Game;Exploration;Fantasy,"Area Movement;Contracts;Deck, Bag, and Pool Building;Delayed Purchase;End Game Bonuses;Hand Management;Multi-Use Cards;Once-Per-Game Abilities;Open Drafting;Resource to Move;Solo / Solitaire Game;Track Movement;Turn Order: Progressive;Worker Placement",30.0,Adventure,58709.0,1.0,0.6165754530113879,0.9675385595890321,0.868936302520084
366013,Heat: Pedal to the Metal,1.0,6.0,60.0,2.2013,7.99181,Racing;Sports,"Catch the Leader;Deck, Bag, and Pool Building;Hand Management;Programmed Movement;Push Your Luck;Race;Simulation;Simultaneous Action Selection;Solo / Solitaire Game;Track Movement;Variable Set-up",47.0,Racing,43118.0,1.0,0.8683883697146904,0.6707558957013582,0.8576241030832097
167791,Terraforming Mars,1.0,5.0,120.0,3.2724,8.33088,Civilization;Economic;Environmental;Industry / Manufacturing;Science Fiction;Space Exploration;Territory Building,Closed Drafting;Contracts;End Game Bonuses;Hand Management;Hexagon Grid;Income;Solo / Solitaire Game;Tags;Take That;Tile Placement;Turn Order: Progressive;Variable Player Powers;Variable Set-up,9.0,Civilization,114913.0,1.0,0.6165754530113879,0.8726680814179104,0.8561207068858596
371942,The White Castle,1.0,4.0,80.0,3.0711,7.97745,Dice;Economic;Medieval,Action Drafting;Area Movement;Dice Rolling;End Game Bonuses;Income;Melding and Splaying;Multi-Use Cards;Open Drafting;Race;Resource Queue;Solo / Solitaire Game;Tech Trees / Tech Tracks;Turn Order: Stat-Based;Variable Set-up;Worker Placement;Worker Placement with Dice Workers,72.0,Dice,24298.0,1.0,0.7535922203472519,0.9650744792996723,0.8931695899293848
359871,Arcs,2.0,4.0,120.0,3.4472,7.98658,Science Fiction;Space Exploration;Wargame,Area Majority / Influence;Area Movement;Campaign / Battle Card Driven;Dice Rolling;Die Icon Resolution;Hand Management;Negotiation;Resource to Move;Take That;Trick-taking;Turn Order: Claim Action;Variable Player Powers,101.0,Science Fiction,18648.0,1.0,0.6165754530113879,0.7996349243768505,0.8329065754776477
470760,The Adventure Store,2.0,4.0,60.0,,7.73636,Card Game;Fantasy;Fighting,"Deck, Bag, and Pool Building;End Game Bonuses;Hand Management;Trick-taking;Variable Set-up",,Card Game,11.0,1.0,0.8683883697146904,0.5,0.8170866739429381
266192,Wingspan,1.0,5.0,70.0,2.4807,7.99414,Animals;Card Game;Educational;Environmental,Action Queue;Dice Rolling;End Game Bonuses;Hand Management;Once-Per-Game Abilities;Open Drafting;Set Collection;Solo / Solitaire Game;Turn Order: Progressive,38.0,Animals,115380.0,1.0,0.8049144823791295,0.7713215010910175,0.8651006966940293
237182,Root,2.0,4.0,90.0,3.8421,8.06928,Animals;Fantasy;Negotiation;Territory Building;Wargame,Action Points;Action Queue;Action Retrieval;Area Majority / Influence;Area Movement;Dice Rolling;Hand Management;Multi-Use Cards;Negotiation;Point to Point Movement;Race;Sudden Death Ending;Take That;Variable Player Powers;Variable Set-up,34.0,Animals,66038.0,1.0,0.7109813678954644,0.6563572827245747,0.8251997301240079
367966,Endeavor: Deep Sea,1.0,4.0,120.0,2.9307,8.21163,Environmental;Exploration;Nautical,Action Points;Action Retrieval;Chaining;Cooperative Game;End Game Bonuses;Grid Movement;Map Addition;Modular Board;Scenario / Mission / Campaign Game;Solo / Solitaire Game;Tech Trees / Tech Tracks;Variable Set-up,71.0,Environmental,11547.0,1.0,0.6165754530113879,0.965943437303489,0.8717945280629753
338960,Slay the Spire: The Board Game,1.0,4.0,150.0,2.9112,8.61682,Adventure;Card Game;Fantasy;Fighting;Video Game Theme,"Cooperative Game;Deck Construction;Deck, Bag, and Pool Building;Dice Rolling;Hand Management;Scenario / Mission / Campaign Game;Simultaneous Action Selection;Solo / Solitaire Game;Variable Player Powers",15.0,Adventure,14298.0,1.0,0.5519381863844937,0.9565712524361676,0.8671223877641322
420033,Vantage,1.0,6.0,180.0,2.3378,8.1666,Adventure;Exploration;Fantasy;Science Fiction,Cooperative Game;Dice Rolling;Die Icon Resolution;Narrative Choice / Paragraph;Scenario / Mission / Campaign Game;Solo / Solitaire Game,181.0,Adventure,7688.0,1.0,0.5041266174373653,0.7181333521145724,0.7986169939103877
285774,Marvel Champions: The Card Game,1.0,4.0,90.0,2.964,8.10439,Card Game;Collectible Components;Comic Book / Strip;Fighting,Card Play Conflict Resolution;Cooperative Game;Deck Construction;Events;Hand Management;Interrupts;Scenario / Mission / Campaign Game;Solo / Solitaire Game;Turn Order: Progressive;Variable Player Powers;Variable Set-up,50.0,Card Game,28285.0,1.0,0.7109813678954644,0.9821610323583007,0.8912382300507531
356080,The Elder Scrolls: Betrayal of the Second Era,1.0,4.0,240.0,4.0868,8.92954,Adventure;Dice;Exploration;Fantasy;Video Game Theme,Cooperative Game;Dice Rolling;Die Icon Resolution;Hexagon Grid;Modular Board;Role Playing;Scenario / Mission / Campaign Game;Tech Trees / Tech Tracks;Variable Player Powers;Variable Set-up,143.0,Adventure,4259.0,1.0,0.43688828010671776,0.5807702727866698,0.7767702105786775
14996,Ticket to Ride: Europe,2.0,5.0,60.0,1.9148,7.52257,Trains,Connections;Contracts;End Game Bonuses;Hand Management;Network and Route Building;Open Drafting;Push Your Luck;Set Collection,180.0,Trains,86490.0,1.0,0.8683883697146904,0.5812350749009555,0.8279889389231292
63888,Innovation,2.0,5.0,60.0,2.7837,7.32767,Card Game;Civilization,Follow;Hand Management;Layering;Melding and Splaying;Sudden Death Ending;Tags;Take That;Tech Trees / Tech Tracks,382.0,Card Game,20866.0,1.0,0.8683883697146904,0.8974929623887759,0.8863680164206933
337627,Voidfall,1.0,4.0,240.0,4.6224,8.49897,Civilization;Economic;Science Fiction;Space Exploration,Command Cards;Cooperative Game;Events;Grid Movement;Hand Management;Hexagon Grid;Modular Board;Solo / Solitaire Game;Variable Player Powers,80.0,Civilization,7392.0,1.0,0.43688828010671776,0.44432455671320065,0.7387168173639836
400366,Wondrous Creatures,1.0,4.0,80.0,3.0266,8.02936,Fantasy,"End Game Bonuses;Hand Management;Hexagon Grid;Open Drafting;Set Collection;Tags;Variable Player Powers;Worker Placement;Worker Placement, Different Worker Types",196.0,Fantasy,7402.0,1.0,0.7535922203472519,0.986788054194126,0.8988100549082756
123386,Baden-Württemberg Catan,3.0,4.0,60.0,2.0,7.012,Negotiation,Dice Rolling;Hand Management;Network and Route Building;Trading,16776.0,Negotiation,50.0,1.0,0.8683883697146904,0.6065306597126334,0.8202838058854648
5824,The Kids of Catan,2.0,4.0,20.0,1.0575,5.27045,Children's Game;City Building,Dice Rolling;Random Production;Roll / Spin and Move;Set Collection;Track Movement,30870.0,Children's Game,739.0,1.0,0.6756639246921762,0.37860948034103226,0.6926159310066418
13,Catan,3.0,4.0,120.0,2.2807,7.09024,Economic;Negotiation,Chaining;Dice Rolling;Hand Management;Hexagon Grid;Hidden Victory Points;Income;Market;Modular Board;Negotiation;Network and Route Building;Race;Random Production;Take That;Trading;Variable Set-up,627.0,Economic,144317.0,1.0,0.6165754530113879,0.6979205555228167,0.7901552017068408
17419,Catan 3D Collector's Edition,3.0,4.0,45.0,2.6446,7.89988,Negotiation,Dice Rolling;Hand Management;Memory;Modular Board;Network and Route Building;Trading,,Negotiation,1089.0,1.0,1.0,0.8371935438819903,0.9149357087763981
278,Catan Card Game,2.0,2.0,120.0,2.4377,6.69581,Card Game;City Building;Territory Building,Dice Rolling;Hand Management;Map Addition;Open Drafting;Race;Random Production;Trading,1390.0,Card Game,14619.0,0.0,0.6165754530113879,0.75491508972353,0.4416933585469836
451387,Catan Connect,4.0,6.0,30.0,,7.37045,Economic;Negotiation,Chaining;Dice Rolling;Hand Management;Hexagon Grid;Hidden Victory Points;Income;Market;Modular Board;Network and Route Building;Race;Random Production;Take That;Trading;Variable Set-up,15951.0,Economic,44.0,1.0,0.8209220690651828,0.5,0.7984456638130366
27710,Catan Dice Game,1.0,4.0,30.0,1.2269,5.73312,Dice,Dice Rolling;Paper-and-Pencil;Set Collection;Solo / Solitaire Game,7951.0,Dice,7206.0,1.0,0.8209220690651828,0.41207496182731773,0.7399274061785002
47410,Catan Dice Game Deluxe Edition,1.0,4.0,30.0,1.2,6.40394,Dice,Dice Rolling;Paper-and-Pencil;Set Collection,,Dice,104.0,1.0,0.8209220690651828,0.4065696597405991,0.7555968457611565
38749,Catan Geographies: Germany,3.0,4.0,60.0,2.35,6.82188,Negotiation,Dice Rolling;Hand Management;Memory;Network and Route Building;Trading,4873.0,Negotiation,736.0,1.0,0.8683883697146904,0.7225273536420722,0.8387301446713525
103091,Catan Histories: Merchants of Europe,3.0,4.0,120.0,2.4318,6.64429,Civilization;Exploration;Negotiation,Dice Rolling;Network and Route Building;Trading,5665.0,Civilization,696.0,1.0,0.6165754530113879,0.7526913718054333,0.7899606149633642
244144,Catan Histories: Rise of the Inkas,3.0,4.0,90.0,2.6667,7.15198,Negotiation;Prehistoric,Dice Rolling;Hand Management;Network and Route Building;Trading,4896.0,Negotiation,636.0,1.0,0.7109813678954644,0.8464958330369299,0.8402949401864789
67239,Catan Histories: Settlers of America – Trails to Rails,3.0,4.0,120.0,2.6948,6.78617,Civilization;Exploration;Negotiation;Trains,Dice Rolling;Hand Management;Network and Route Building;Trading,2480.0,Civilization,2623.0,1.0,0.6165754530113879,0.8584730423596504,0.8146639490742076
25234,Catan Histories: Struggle for Rome,3.0,4.0,120.0,2.5467,6.42944,Ancient;Civilization,Area Movement;Trading,4439.0,Ancient,1466.0,1.0,0.6165754530113879,0.7971997533810342,0.7934910412784844
229218,A Game of Thrones: Catan – Brotherhood of the Watch,3.0,4.0,75.0,2.5714,7.13746,Civilization;Negotiation;Novel-based,Dice Rolling;Hand Management;Modular Board;Network and Route Building;Trading,2474.0,Civilization,1957.0,1.0,0.7779866052154991,0.8071062168342192,0.8454550644099437
184842,Catan Junior,2.0,4.0,30.0,1.3226,6.49927,Children's Game;Economic;Pirates,Dice Rolling;Trading,4426.0,Children's Game,1452.0,1.0,0.8209220690651828,0.4322721120630592,0.7631205862256484
140743,Catan Junior Madagascar,2.0,4.0,30.0,1.6,6.76142,Animals;Children's Game;Dice;Movies / TV / Radio theme,Dice Rolling;Network and Route Building;Trading,16161.0,Animals,67.0,1.0,0.8209220690651828,0.4965853037914095,0.7825369745713185
269978,Catan Junior Mitbringspiel,2.0,4.0,15.0,,5.25362,Children's Game,,28149.0,Children's Game,69.0,1.0,0.5897678246195884,0.5,0.6992940649239177
91534,Struggle for Catan,2.0,4.0,30.0,1.6647,6.16406,Card Game;City Building,Hand Management;Trading,4387.0,Card Game,3331.0,1.0,0.8209220690651828,0.5129125070071169,0.7708684152144599
27766,Die Siedler von Catan: Junior,3.0,4.0,30.0,1.5484,6.30814,Children's Game;Economic;Negotiation;Pirates,Dice Rolling;Hand Management;Memory;Network and Route Building;Trading,8069.0,Children's Game,548.0,1.0,0.8209220690651828,0.4839372642427395,0.7686753666615844
66056,Rivals for Catan,2.0,2.0,60.0,2.3245,6.93053,Card Game;City Building;Medieval;Territory Building,Dice Rolling;Hand Management;Open Drafting;Race,1195.0,Card Game,8567.0,0.0,0.8683883697146904,0.713373609009467,0.4896156457448315
298278,Catan: 25 Jahre Jubiläums-Edition,3.0,4.0,120.0,2.0,7.78467,Negotiation,Dice Rolling;Hexagon Grid;Income;Modular Board;Network and Route Building;Race;Random Production;Trading;Variable Set-up,,Negotiation,106.0,1.0,0.6165754530113879,0.6065306597126334,0.7892379725448042
305668,Catan: 25th Anniversary Edition,3.0,6.0,120.0,2.1429,7.5906,Economic;Negotiation,Dice Rolling;Hexagon Grid;Income;Modular Board;Network and Route Building;Race;Random Production;Trading;Variable Set-up,,Economic,372.0,1.0,0.6165754530113879,0.6514530170889974,0.7933706940200771
338697,Catan: 3D Edition,3.0,4.0,120.0,1.8333,7.99552,Economic;Negotiation,Dice Rolling;Hexagon Grid;Income;Modular Board;Network and Route Building;Random Production;Trading;Variable Set-up,,Economic,470.0,1.0,0.6165754530113879,0.5580258452617887,0.7848082596546353
161527,Catan: Ancient Egypt,3.0,4.0,75.0,2.4737,7.25511,Civilization;Negotiation,Dice Rolling;Network and Route Building;Trading,5582.0,Civilization,437.0,1.0,0.7779866052154991,0.7686265946744776,0.8407003899779953
182880,Catan: Big Box,3.0,6.0,90.0,3.0,7.34563,Civilization;Negotiation,Dice Rolling;Hand Management;Modular Board;Network and Route Building;Trading,,Civilization,125.0,1.0,0.7109813678954644,1.0,0.875837023579093
191710,Catan: Big Box,3.0,6.0,75.0,2.1,7.57672,Civilization;Negotiation,Dice Rolling;Hand Management;Modular Board;Network and Route Building;Trading,,Civilization,620.0,1.0,0.7779866052154991,0.6376281516217733,0.8225409513674545
269980,Catan: Big Box,3.0,6.0,75.0,2.125,7.61068,Civilization;Negotiation,Dice Rolling;Hand Management;Modular Board;Network and Route Building;Trading,,Civilization,400.0,1.0,0.7779866052154991,0.645648526427892,0.8249940263286784
394723,Catan: Big Box,3.0,6.0,75.0,2.0,7.3322,Civilization;Negotiation,Dice Rolling;Hand Management;Modular Board;Network and Route Building;Trading,,Civilization,59.0,1.0,0.7779866052154991,0.6065306597126334,0.8102084529856266
265030,Catan: Big Box Jubileumeditie,3.0,6.0,90.0,,7.47917,Civilization;Negotiation,Dice Rolling;Hand Management;Modular Board;Network and Route Building;Trading,,Civilization,24.0,1.0,0.7109813678954644,0.5,0.7791755235790929
194097,Catan: Big Game Event Kit,6.0,,90.0,,7.22669,Civilization;Negotiation,,17727.0,Civilization,42.0,0.0,0.7109813678954644,0.5,0.4228635235790929
181471,Catan: Chocolate Edition,2.0,4.0,,2.4,5.20185,Civilization;Negotiation,Hand Management;Network and Route Building;Trading,28313.0,Civilization,54.0,1.0,0.5,0.7408182206817179,0.7282098941363436
284815,Catan: Core + China Map,3.0,4.0,75.0,,6.275,Animals;Dice;Economic;Industry / Manufacturing,Area Majority / Influence;Dice Rolling;Hand Management;Hexagon Grid;Team-Based Game,,Animals,20.0,1.0,0.7779866052154991,0.5,0.7624723210430998
394739,Catan: Das Duell – Die Big Box,2.0,2.0,75.0,2.6667,7.49444,Card Game;City Building;Medieval;Territory Building,Dice Rolling;Hand Management;Open Drafting,,Card Game,45.0,0.0,0.7779866052154991,0.8464958330369299,0.5122574876504858
358858,Catan: Dawn of Humankind,3.0,4.0,120.0,2.6,7.21877,Civilization;Prehistoric,Dice Rolling;Hexagon Grid;Random Production;Resource to Move;Trading,6126.0,Civilization,419.0,1.0,0.6165754530113879,0.8187307530779819,0.817530491217874
203219,Rivals for Catan: Deluxe,2.0,2.0,60.0,2.3125,7.12016,Card Game;Territory Building,Dice Rolling;Hand Management;Open Drafting;Random Production;Trading,,Card Game,846.0,0.0,0.8683883697146904,0.7091061824373984,0.4935029104304178
147240,Catan: Family Edition,3.0,4.0,90.0,2.25,6.56244,Negotiation,Dice Rolling;Hand Management;Modular Board;Network and Route Building;Trading,8264.0,Negotiation,488.0,1.0,0.7109813678954644,0.6872892787909722,0.7937151293372874
325333,Catan: First Adventure,2.0,4.0,20.0,,6.44444,Children's Game;Print & Play,,,Children's Game,9.0,1.0,0.6756639246921762,0.5,0.7462437849384352
250619,Catan: Het Duel Big Box,2.0,2.0,120.0,2.3333,7.61306,Card Game;City Building;Medieval;Territory Building,Dice Rolling;Hand Management;Open Drafting,,Card Game,31.0,0.0,0.6165754530113879,0.7165193684847974,0.4569454642992371
125921,Catan: Junior,2.0,4.0,30.0,1.5,6.57048,Children's Game;Economic;Nautical;Pirates,Dice Rolling;Network and Route Building,2623.0,Children's Game,3796.0,1.0,0.8209220690651828,0.4723665527410147,0.7729197243612396
408727,Catan: New Energies,3.0,4.0,90.0,2.2778,6.6477,Civilization;Economic;Environmental;Territory Building,Area Majority / Influence;Dice Rolling;Hexagon Grid;Modular Board;Trading;Variable Set-up,7059.0,Civilization,521.0,1.0,0.7109813678954644,0.6969093040518048,0.797770634389454
464675,Catan: On the Road,3.0,4.0,30.0,1.5714,7.08044,Card Game,Hand Management;Income;Market;Race;Trading,4418.0,Card Game,667.0,1.0,0.8209220690651828,0.4895346661546267,0.789102347043962
3972,Catan: Portable Edition,3.0,4.0,90.0,2.25,6.75043,City Building;Civilization;Negotiation,Dice Rolling;Hand Management;Modular Board;Network and Route Building;Trading,3416.0,City Building,1565.0,1.0,0.7109813678954644,0.6872892787909722,0.7984148793372874
282853,Catan: Starfarers,3.0,4.0,120.0,2.5962,7.50598,Exploration;Negotiation;Science Fiction;Space Exploration,Hexagon Grid;Modular Board;Trading;Variable Set-up,1758.0,Exploration,1963.0,1.0,0.6165754530113879,0.8171766415206417,0.824399918906406
383481,Catan: Starfarers Duel,2.0,2.0,75.0,2.625,7.28876,Space Exploration,Dice Rolling;Resource to Move,7211.0,Space Exploration,282.0,0.0,0.7779866052154991,0.8290291181804004,0.50362214467918
172994,Catan: Traveler – Compact Edition,2.0,4.0,75.0,2.2,7.13716,Civilization;Negotiation,Chaining;Dice Rolling;Hand Management;Hidden Victory Points;Income;Market;Modular Board;Network and Route Building;Race;Random Production;Take That;Trading;Variable Set-up,5094.0,Civilization,582.0,1.0,0.7779866052154991,0.6703200460356393,0.8180903302502278
822,Carcassonne,2.0,5.0,45.0,1.8837,7.41664,Medieval;Territory Building,Area Majority / Influence;Enclosure;Kill Steal;Map Addition;Pattern Building;Square Grid;Tile Placement,240.0,Medieval,141463.0,1.0,1.0,0.5722667787015049,0.8498693557403011
142057,Carcassonne Big Box,2.0,6.0,45.0,2.2632,7.56287,City Building;Medieval,Area Majority / Influence;Tile Placement,,City Building,1308.0,1.0,1.0,0.6918403901780475,0.8774398280356096
141008,Carcassonne Big Box 2,2.0,6.0,30.0,2.0,7.74316,City Building;Medieval,Area Majority / Influence;Tile Placement,,City Building,503.0,1.0,0.8209220690651828,0.6065306597126334,0.8290695457555632
141007,Carcassonne Big Box 3,2.0,6.0,30.0,2.0857,7.87772,City Building;Medieval,Area Majority / Influence;Tile Placement,,City Building,963.0,1.0,0.8209220690651828,0.6330853701346731,0.8377444878399712
140711,Carcassonne Big Box 4,2.0,6.0,100.0,2.0441,7.73822,City Building;Medieval;Territory Building,Area Majority / Influence;Tile Placement,,City Building,1323.0,1.0,0.674867056948593,0.6200531988668837,0.8024395511630954
164127,Carcassonne Big Box 5,2.0,8.0,40.0,2.2237,7.85935,City Building;Medieval;Territory Building,Area Majority / Influence;Map Addition;Pattern Recognition;Tile Placement,,City Building,2242.0,1.0,0.9440891630699333,0.6783105890443717,0.870963700422861
230914,Carcassonne Big Box 6,2.0,6.0,35.0,1.9514,8.05411,City Building;Medieval;Territory Building,Area Majority / Influence;Pattern Building;Tile Placement,,City Building,5362.0,1.0,0.8846517369293827,0.5919695980867593,0.8466770170032284
364405,Carcassonne Big Box 7,2.0,6.0,35.0,1.963,8.2315,City Building;Medieval;Territory Building,Area Majority / Influence;Map Addition;Tile Placement,,City Building,1422.0,1.0,0.8846517369293827,0.5954129979623094,0.8518004469783385
358124,Mists over Carcassonne,1.0,5.0,35.0,2.1356,7.26926,Medieval,Cooperative Game;Tile Placement,1494.0,Medieval,2922.0,1.0,0.8846517369293827,0.6490795477931324,0.838477756944503
137492,Carcassonne Demo,2.0,5.0,15.0,1.5,6.15385,City Building;Medieval;Print & Play;Territory Building,Area Majority / Influence;Map Addition;Tile Placement,,City Building,26.0,1.0,0.5897678246195884,0.4723665527410147,0.7162731254721206
182082,Carcassonne: Over Hill and Dale,2.0,5.0,35.0,1.9333,7.28193,Farming,Set Collection;Tile Placement,3425.0,Farming,874.0,1.0,0.8846517369293827,0.5866364421545182,0.8263058858167802
16216,Carcassonne: The Discovery,2.0,5.0,45.0,1.9367,6.47913,Exploration;Medieval;Territory Building,Area Majority / Influence;Tile Placement,3451.0,Exploration,2344.0,1.0,1.0,0.5876345722764015,0.8295051644552803
230751,Carcassonne für 2,2.0,2.0,25.0,1.7143,7.06841,Medieval;Territory Building,Area Majority / Influence;Tile Placement,8275.0,Medieval,226.0,0.0,0.7518094115561123,0.5257917800679386,0.4322304883248102
41010,My First Carcassonne,2.0,4.0,20.0,1.1265,6.64981,Children's Game;Medieval,Enclosure;Modular Board;Tile Placement,2150.0,Children's Game,4956.0,1.0,0.6756639246921762,0.39189944106342905,0.7297579231511211
161729,Carcassonne inklusive Händler & Baumeister,2.0,5.0,45.0,2.3333,7.28163,City Building;Medieval;Territory Building,Area Majority / Influence;Tile Placement,,City Building,49.0,1.0,1.0,0.7165193684847974,0.8753446236969595
58798,Cardcassonne,2.0,5.0,45.0,1.732,6.30697,Card Game;City Building;Medieval,Hand Management;Open Drafting;Set Collection,5132.0,Card Game,1350.0,1.0,1.0,0.5304656888619749,0.8137673877723951
469594,Carcassonne Labyrinth,1.0,4.0,,1.8571,7.51875,Maze;Medieval;Puzzle;Territory Building,Enclosure;Map Addition;Map Deformation;Modular Board;Network and Route Building;Pattern Building;Slide / Push;Square Grid;Tile Placement,12286.0,Maze,112.0,1.0,0.5,0.5647060210347985,0.7509099542069597
154094,Carcassonne Limited Edition,2.0,6.0,45.0,1.8571,7.79191,Medieval,Area Majority / Influence;Tile Placement,,Medieval,68.0,1.0,1.0,0.5647060210347985,0.8577389542069598
34615,New World: A Carcassonne Game,2.0,5.0,45.0,2.0457,6.47838,Exploration;Territory Building,Area Majority / Influence;Tile Placement,3436.0,Exploration,2350.0,1.0,1.0,0.6205494398959227,0.8360693879791845
147782,Carcassonne Müller Exklusiv-Edition,2.0,5.0,40.0,1.0,7.55952,City Building;Medieval,Area Majority / Influence;Tile Placement,,City Building,42.0,1.0,0.9440891630699333,0.36787944117144233,0.8013817208482752
89952,Carcassonne: 10 Year Special Edition,2.0,5.0,45.0,2.0194,7.68278,City Building;Medieval,Area Majority / Influence;Tile Placement,,City Building,1827.0,1.0,1.0,0.6124426338315919,0.8645580267663184
329954,Carcassonne: 20th Anniversary Edition,2.0,5.0,35.0,1.8621,8.0098,City Building;Medieval;Territory Building,Area Majority / Influence;Map Addition;Tile Placement,,City Building,3280.0,1.0,0.8846517369293827,0.5661195522652094,0.8403992578389184
206940,Carcassonne: Amazonas,2.0,5.0,35.0,1.8889,7.00955,Animals;Exploration;Territory Building,Area Majority / Influence;Map Addition;Tile Placement;Track Movement,2100.0,Animals,2372.0,1.0,0.8846517369293827,0.5737566082652912,0.8169204190389348
12902,Carcassonne: The City,2.0,4.0,45.0,2.2642,7.20695,City Building;Medieval,Area Majority / Influence;Tile Placement,1106.0,City Building,4616.0,1.0,1.0,0.6921863968676006,0.8686110293735202
45748,Carcassonne: Wheel of Fortune,2.0,5.0,30.0,2.0448,6.97525,City Building;Medieval;Territory Building,Area Majority / Influence;Tile Placement,3245.0,City Building,1275.0,1.0,0.8209220690651828,0.6202702554691767,0.8126197149068719
89953,Carcassonne: The Dice Game,2.0,5.0,10.0,1.1087,4.93482,City Building;Dice,Dice Rolling;Push Your Luck,31184.0,City Building,934.0,1.0,0.4890096469218258,0.3884270112714389,0.648857831638653
7717,Carcassonne: The Castle,2.0,2.0,45.0,1.9866,7.10648,City Building;Medieval,Area Majority / Influence;End Game Bonuses;Tile Placement,863.0,City Building,8747.0,0.0,1.0,0.6024804875204105,0.49815809750408213
183453,Carcassonne: Demo-Spiel,2.0,2.0,30.0,,6.58625,Medieval,Tile Placement,20131.0,Medieval,40.0,0.0,0.8209220690651828,0.5,0.4288406638130366
147303,Carcassonne: South Seas,2.0,5.0,35.0,1.8774,7.05397,Economic;Nautical,Area Majority / Influence;Set Collection;Tile Placement,1579.0,Economic,3617.0,1.0,0.8846517369293827,0.5704669745283806,0.8173729922915527
131014,Carcassonne: Winter Edition,2.0,5.0,40.0,1.7778,7.49865,Medieval;Territory Building,Area Majority / Influence;Tile Placement,1581.0,Medieval,2137.0,1.0,0.9440891630699333,0.5427535117252934,0.8348347849590454
163370,Carcassonne: Gold Rush,2.0,5.0,35.0,1.9242,7.1322,American West;Territory Building,Area Majority / Influence;Map Addition;Tile Placement,2359.0,American West,1736.0,1.0,0.8846517369293827,0.5839733095638159,0.8220300092986397
4390,Carcassonne: Hunters and Gatherers,2.0,5.0,40.0,1.9223,7.1309,Prehistoric;Territory Building,Area Majority / Influence;Enclosure;Kill Steal;Map Addition;Pattern Building;Square Grid;Tile Placement,697.0,Prehistoric,13835.0,1.0,0.9440891630699333,0.5834187983542586,0.8337740922848385
362009,Argentina (fan expansion for Ticket to Ride),2.0,4.0,40.0,2.0,8.33333,Expansion for Base-game;Fan Expansion;Territory Building;Trains;Transportation,Network and Route Building,,Expansion for Base-game,3.0,1.0,0.9440891630699333,0.6065306597126334,0.8684572145565134
347224,Melbourne (fan expansion for Ticket to Ride),,,,,,Expansion for Base-game;Fan Expansion;Print & Play;Trains,Network and Route Building,,Expansion for Base-game,0.0,0.0,0.5,0.5,
244525,Ticket to Ride Demo,2.0,4.0,15.0,1.0,7.01064,Trains;Travel,Hand Management;Network and Route Building;Open Drafting,18766.0,Trains,47.0,1.0,0.5897678246195884,0.36787944117144233,0.7167954531582061
258140,Les Aventuriers du Rail Express,2.0,4.0,30.0,1.6667,7.09359,Trains;Travel,Hand Management;Network and Route Building;Open Drafting;Set Collection,10433.0,Trains,142.0,1.0,0.8209220690651828,0.5134256760558843,0.7942092990242134
390092,Ticket to Ride Legacy: Legends of the West,2.0,5.0,90.0,2.557,8.6059,American West;Trains,Connections;Contracts;End Game Bonuses;Hand Management;Legacy Game;Network and Route Building;Open Drafting;Push Your Luck;Set Collection,49.0,American West,7180.0,1.0,0.7109813678954644,0.8013159221479349,0.8676069580086798
160069,Ticket to Ride: 10th Anniversary,2.0,5.0,60.0,1.8841,8.23995,Trains;Travel,Connections;End Game Bonuses;Hand Management;Network and Route Building;Open Drafting;Set Collection,,Trains,5679.0,1.0,0.8683883697146904,0.5723812435033439,0.8441526726436068
309113,Ticket to Ride: Amsterdam,2.0,4.0,15.0,1.4242,6.90104,Trains,Connections;Contracts;End Game Bonuses;Hand Management;Network and Route Building;Open Drafting;Set Collection,2669.0,Trains,1978.0,1.0,0.5897678246195884,0.4547988707810997,0.7314393390801377
388036,Ticket To Ride: Berlin,2.0,4.0,15.0,1.6667,7.20962,Trains,Connections;Contracts;End Game Bonuses;Hand Management;Network and Route Building;Open Drafting;Push Your Luck;Set Collection,3912.0,Trains,750.0,1.0,0.5897678246195884,0.5134256760558843,0.7508792001350946
329841,Ticket to Ride: Europe – 15th Anniversary,2.0,5.0,60.0,1.87,8.17668,Trains;Travel,Connections;End Game Bonuses;Hand Management;Network and Route Building;Open Drafting;Set Collection,,Trains,4925.0,1.0,0.8683883697146904,0.5683601467575405,0.8417667032944461
218208,Ticket to Ride: First Journey (Europe),2.0,4.0,30.0,1.4667,7.01101,Children's Game;Trains,Hand Management;Network and Route Building;Set Collection,2238.0,Children's Game,2334.0,1.0,0.8209220690651828,0.46456676307577327,0.7823730164281912
205125,Ticket to Ride: First Journey (U.S.),2.0,4.0,30.0,1.3704,6.84104,Children's Game;Trains,Hand Management;Network and Route Building;Set Collection,2306.0,Children's Game,2823.0,1.0,0.8209220690651828,0.44272786408020015,0.7737559866290766
225244,Ticket to Ride: Germany,2.0,5.0,60.0,1.7755,7.58449,Trains;Transportation,Hand Management;Network and Route Building;Open Drafting;Set Collection,1567.0,Trains,2051.0,1.0,0.8683883697146904,0.5421297039450318,0.8217158647319445
366488,Ticket to Ride: Ghost Train,2.0,4.0,30.0,1.5455,6.78455,Children's Game;Trains,Hand Management;Network and Route Building;Set Collection,6587.0,Children's Game,446.0,1.0,0.8209220690651828,0.4832360637028351,0.7804453765536036
276894,Ticket to Ride: London,2.0,4.0,15.0,1.3475,7.04135,Trains,Hand Management;Network and Route Building;Open Drafting;Set Collection,1178.0,Trains,5901.0,1.0,0.5897678246195884,0.43768754095284584,0.7315248231144869
21348,Ticket to Ride: Märklin,2.0,5.0,60.0,2.2431,7.40903,Trains;Transportation,Hand Management;Network and Route Building;Open Drafting;Point to Point Movement;Set Collection,520.0,Trains,9393.0,1.0,0.8683883697146904,0.6849222163097531,0.8458878672048887
253284,Ticket to Ride: New York,2.0,4.0,15.0,1.2701,6.87882,Trains,Hand Management;Network and Route Building;Open Drafting;Set Collection,1286.0,Trains,7818.0,1.0,0.5897678246195884,0.42107260573127575,0.7241385860701728
31627,Ticket to Ride: Nordic Countries,2.0,3.0,60.0,1.9669,7.61954,Trains,Hand Management;Network and Route Building;Open Drafting;Push Your Luck;Set Collection,242.0,Trains,15270.0,0.5,0.8683883697146904,0.5965751860734759,0.6584812111576333
371140,Ticket to Ride: Northern Lights,2.0,5.0,60.0,1.6429,7.80666,Trains,Connections;Contracts;End Game Bonuses;Hand Management;Network and Route Building;Open Drafting;Push Your Luck;Set Collection,3572.0,Trains,611.0,1.0,0.8683883697146904,0.5073521198431404,0.8203145979115662
403221,Ticket to Ride: Paris,2.0,4.0,15.0,1.5,6.97964,Trains,Connections;Contracts;End Game Bonuses;Hand Management;Network and Route Building;Open Drafting;Push Your Luck;Set Collection,5738.0,Trains,480.0,1.0,0.5897678246195884,0.4723665527410147,0.7369178754721206
202670,Ticket to Ride: Rails & Sails,2.0,5.0,120.0,2.4821,7.42942,Nautical;Trains,Connections;Hand Management;Network and Route Building;Open Drafting;Set Collection,825.0,Nautical,5496.0,1.0,0.6165754530113879,0.7718616151596506,0.8134229136342077
362541,Ticket to Ride: San Francisco,2.0,4.0,15.0,1.6296,7.12381,Trains,Hand Management;Network and Route Building;Open Drafting;Set Collection,2595.0,Trains,1555.0,1.0,0.5897678246195884,0.503989421610043,0.7468466992459262
34127,Ticket to Ride: The Card Game,2.0,4.0,30.0,1.8794,6.12212,Card Game;Trains,Hand Management;Memory;Set Collection,4130.0,Card Game,4141.0,1.0,0.8209220690651828,0.5710377268314979,0.7814449591793362
375090,3rd World Labour: Pandemic Edition,2.0,5.0,45.0,,9.5,City Building;Economic;Educational,Action Drafting;Dice Rolling;Loans;Pattern Building;Push Your Luck,,City Building,2.0,1.0,1.0,0.5,0.8875
329712,American Pandemic: The Party Card Game,2.0,10.0,120.0,2.0,5.72222,Card Game;Humor;Party Game,Bribery;End Game Bonuses;Events;Negotiation;Trading,,Card Game,9.0,1.0,0.6165754530113879,0.6065306597126334,0.7376767225448042
30549,Pandemic,2.0,4.0,45.0,2.3934,7.51067,Medical;Travel,Action Points;Chaining;Contracts;Cooperative Game;Events;Hand Management;Multi-Use Cards;Point to Point Movement;Set Collection;Simulation;Solo / Solitaire Game;Tags;Trading;Variable Player Powers;Variable Set-up,174.0,Medical,136290.0,1.0,1.0,0.7383775498752073,0.8854422599750416
314040,Pandemic Legacy: Season 0,2.0,4.0,60.0,3.1872,8.32975,Medical;Spies / Secret Agents,Action Points;Cooperative Game;Hand Management;Legacy Game;Point to Point Movement;Scenario / Mission / Campaign Game;Set Collection;Tags;Trading;Variable Player Powers,60.0,Medical,9734.0,1.0,0.8683883697146904,0.910646948177995,0.914050813578537
161936,Pandemic Legacy: Season 1,2.0,4.0,60.0,2.8284,8.5007,Environmental;Medical,Action Points;Cooperative Game;Hand Management;Legacy Game;Multi-Use Cards;Point to Point Movement;Scenario / Mission / Campaign Game;Set Collection;Tags;Trading;Variable Player Powers,3.0,Environmental,57798.0,1.0,0.8683883697146904,0.9177777684195031,0.9197507276268387
221107,Pandemic Legacy: Season 2,2.0,4.0,60.0,3.2457,8.01012,Environmental;Exploration;Medical;Science Fiction,Action Points;Cooperative Game;Hand Management;Legacy Game;Pick-up and Deliver;Point to Point Movement;Scenario / Mission / Campaign Game;Set Collection;Tags;Trading;Variable Player Powers,74.0,Environmental,18458.0,1.0,0.8683883697146904,0.8843963120586686,0.9008099363546718
466784,The Pandemic Wars,3.0,7.0,60.0,,5.0,Card Game;Economic;Educational;Party Game,Investment;Ownership;Player Elimination;Set Collection,,Card Game,1.0,1.0,0.8683883697146904,0.5,0.748677673942938
157789,Pandemic: Contagion,2.0,5.0,30.0,1.9065,6.40163,Card Game;Medical,Area Majority / Influence;Hand Management;Tags,3096.0,Card Game,3551.0,1.0,0.8209220690651828,0.5788279475840273,0.789990753329842
192153,Reign of Cthulhu,2.0,4.0,40.0,2.1709,7.3545,Horror;Novel-based,Action Points;Cooperative Game;Hand Management;Point to Point Movement;Set Collection;Trading;Variable Player Powers,568.0,Horror,11151.0,1.0,0.9440891630699333,0.6606375007007836,0.8548078327541433
260428,Fall of Rome,1.0,5.0,60.0,2.5,7.5832,Ancient,Action Points;Cooperative Game;Dice Rolling;Events;Hand Management;Point to Point Movement;Set Collection;Solo / Solitaire Game;Variable Player Powers,486.0,Ancient,7061.0,1.0,0.8683883697146904,0.7788007830714049,0.869017830557219
329670,Pandemic: Hot Zone – Europe,2.0,4.0,30.0,2.0,7.03931,Medical;Print & Play,Action Points;Cooperative Game;Hand Management;Point to Point Movement,3347.0,Medical,1138.0,1.0,0.8209220690651828,0.6065306597126334,0.8114732957555633
301919,Pandemic: Hot Zone – North America,2.0,4.0,30.0,1.8689,6.9555,Medical;Print & Play,Action Points;Cooperative Game;Hand Management;Point to Point Movement;Set Collection;Trading;Variable Player Powers,2122.0,Medical,2684.0,1.0,0.8209220690651828,0.568047634625538,0.8016814407381442
198928,Iberia,2.0,5.0,45.0,2.5939,7.86921,Medical;Post-Napoleonic;Trains,Action Points;Cooperative Game;Hand Management;Network and Route Building;Point to Point Movement;Set Collection;Solo / Solitaire Game;Trading;Variable Player Powers,162.0,Medical,11942.0,1.0,1.0,0.8162374285338695,0.909977735706774
280789,Pandemic: Rapid Response,2.0,4.0,20.0,2.1186,6.54562,Dice;Medical;Real-time,Contracts;Cooperative Game;Dice Rolling;Re-rolling and Locking;Real-Time;Variable Player Powers,2834.0,Dice,3184.0,1.0,0.6756639246921762,0.6435857533404953,0.7774904356065344
234671,Pandemic: Rising Tide,2.0,5.0,45.0,2.5422,7.5312,Environmental,Action Points;Area Movement;Cooperative Game;Hand Management;Set Collection;Solo / Solitaire Game;Trading;Variable Player Powers,1046.0,Environmental,3149.0,1.0,1.0,0.7954080703352197,0.897361614067044
150658,Pandemic: The Cure,2.0,5.0,30.0,2.0673,7.22586,Dice;Environmental;Medical,Cooperative Game;Dice Rolling;Hand Management;Point to Point Movement;Push Your Luck;Re-rolling and Locking;Set Collection;Solo / Solitaire Game;Tags;Variable Player Powers,628.0,Dice,11184.0,1.0,0.8209220690651828,0.6272876949282616,0.8202884527986889
324628,People Vs Pandemic,4.0,6.0,150.0,,,Print & Play,Command Cards;Cooperative Game;Dice Rolling,,Print & Play,0.0,1.0,0.5519381863844937,0.5,
214032,Founders of Gloomhaven,1.0,4.0,120.0,4.1179,6.55518,City Building;Economic;Fantasy,"Action Retrieval;Auction / Bidding;Deck, Bag, and Pool Building;Follow;Hand Management;Network and Route Building;Solo / Solitaire Game;Tile Placement;Variable Player Powers;Voting;Worker Placement",2778.0,City Building,3343.0,1.0,0.6165754530113879,0.5718091483550892,0.7515564202732954
174430,Gloomhaven,1.0,4.0,120.0,3.9196,8.5324,Adventure;Exploration;Fantasy;Fighting;Miniatures,Action Queue;Action Retrieval;Campaign / Battle Card Driven;Card Play Conflict Resolution;Communication Limits;Cooperative Game;Critical Hits and Failures;Deck Construction;Grid Movement;Hand Management;Hexagon Grid;Legacy Game;Line of Sight;Modular Board;Movement Points;Multi-Use Cards;Multiple Maps;Narrative Choice / Paragraph;Once-Per-Game Abilities;Player Elimination;Role Playing;Scenario / Mission / Campaign Game;Simultaneous Action Selection;Solo / Solitaire Game;Storytelling;Tags;Variable Player Powers,4.0,Adventure,67697.0,1.0,0.6165754530113879,0.631409914862542,0.812907073574786
390478,Gloomhaven (Second Edition),1.0,4.0,120.0,3.7241,8.43642,Adventure;Exploration;Fantasy;Fighting;Miniatures,Action Queue;Action Retrieval;Campaign / Battle Card Driven;Card Play Conflict Resolution;Communication Limits;Cooperative Game;Critical Hits and Failures;Deck Construction;Grid Movement;Hand Management;Hexagon Grid;Legacy Game;Modular Board;Once-Per-Game Abilities;Role Playing;Scenario / Mission / Campaign Game;Simultaneous Action Selection;Solo / Solitaire Game;Tags;Variable Player Powers,3361.0,Adventure,693.0,1.0,0.6165754530113879,0.6962475545937173,0.823475101521021
393672,Gloomhaven: Buttons & Bugs,1.0,1.0,20.0,3.3188,7.46934,Adventure;Card Game;Fantasy;Fighting;Miniatures,Campaign / Battle Card Driven;Card Play Conflict Resolution;Critical Hits and Failures;Grid Movement;Hand Management;Hexagon Grid;Scenario / Mission / Campaign Game;Solo / Solitaire Game;Storytelling;Variable Player Powers,887.0,Adventure,4490.0,0.0,0.6756639246921762,0.8526552286561548,0.49239733066966623
291457,Gloomhaven: Jaws of the Lion,1.0,4.0,120.0,3.643,8.35132,Adventure;Exploration;Fantasy;Fighting;Miniatures,Action Queue;Action Retrieval;Campaign / Battle Card Driven;Communication Limits;Cooperative Game;Critical Hits and Failures;Deck Construction;Grid Movement;Hand Management;Hexagon Grid;Legacy Game;Line of Sight;Movement Points;Multi-Use Cards;Multiple Maps;Narrative Choice / Paragraph;Once-Per-Game Abilities;Player Elimination;Role Playing;Scenario / Mission / Campaign Game;Simultaneous Action Selection;Solo / Solitaire Game;Variable Player Powers,12.0,Adventure,41906.0,1.0,0.6165754530113879,0.7250606300274415,0.8271102166077657
328871,Terraforming Mars: Ares Expedition,1.0,4.0,60.0,2.9273,7.62999,Card Game;Science Fiction;Space Exploration,End Game Bonuses;Follow;Hand Management;Income;Market;Multi-Use Cards;Set Collection;Simultaneous Action Selection;Solo / Solitaire Game;Tags;Tech Trees / Tech Tracks;Track Movement;Variable Phase Order;Variable Player Powers;Variable Set-up,194.0,Card Game,21523.0,1.0,0.8683883697146904,0.9643027284577292,0.907287969634484
296108,Terraforming Mars: The Dice Game,1.0,4.0,45.0,2.4041,7.29192,Dice;Economic;Science Fiction;Space Exploration,"Contracts;Deck, Bag, and Pool Building;Dice Rolling;Die Icon Resolution;End Game Bonuses;Hand Management;Hexagon Grid;Solo / Solitaire Game;Tile Placement",1023.0,Dice,4894.0,1.0,1.0,0.7423384557426539,0.8807656911485309
366161,Wingspan Asia,1.0,2.0,70.0,2.64,8.21227,Animals;Economic;Educational,Dice Rolling;End Game Bonuses;Hand Management;Open Drafting;Push Your Luck;Set Collection;Solo / Solitaire Game,89.0,Animals,10601.0,0.0,0.8049144823791295,0.8352702114112721,0.5333436887580804
271512,5211,2.0,5.0,30.0,1.2553,6.29192,Card Game,Hand Management;Pattern Recognition;Set Collection,4240.0,Card Game,2142.0,1.0,0.8209220690651828,0.4179681690312211,0.7550760476192808
230802,Azul,2.0,4.0,45.0,1.7728,7.71145,Abstract Strategy;Renaissance,Chaining;End Game Bonuses;Grid Coverage;Open Drafting;Pattern Building;Set Collection;Square Grid;Tile Placement;Turn Order: Claim Action,99.0,Abstract Strategy,110804.0,1.0,1.0,0.5413983226381667,0.8510659145276334
431038,Azul Duel,2.0,2.0,45.0,2.284,6.97669,Abstract Strategy;Puzzle,End Game Bonuses;Layering;Open Drafting;Pattern Building;Set Collection;Tile Placement;Turn Order: Claim Action,1849.0,Abstract Strategy,3190.0,0.0,1.0,0.6990730750065256,0.5142318650013051
473359,Azul Kids,2.0,4.0,20.0,1.0,7.36,Abstract Strategy;Puzzle,Matching;Set Collection;Tile Placement,,Abstract Strategy,25.0,1.0,0.6756639246921762,0.36787944117144233,0.7427086731727237
19254,Blue and Gray,2.0,2.0,20.0,1.6,6.09242,Abstract Strategy;American Civil War;Animals;Racing,Grid Movement;Point to Point Movement;Square Grid,24844.0,Abstract Strategy,33.0,0.0,0.6756639246921762,0.4965853037914095,0.38676034569671713
41572,Azul y Rojo,2.0,2.0,30.0,1.6667,6.1,Civil War;Nautical;Print & Play;Wargame,Action Points;Dice Rolling;Grid Movement;Hexagon Grid;Simulation;Variable Set-up,,Civil War,6.0,0.0,0.8209220690651828,0.5134256760558843,0.4193695490242134
363247,Azul: Master Chocolatier,2.0,4.0,45.0,1.7889,7.85259,Abstract Strategy;Puzzle,End Game Bonuses;Open Drafting;Pattern Building;Tile Placement;Turn Order: Claim Action,720.0,Abstract Strategy,3490.0,1.0,1.0,0.5457741682836745,0.855469583656735
346965,Azul: Queen's Garden,2.0,4.0,60.0,2.9198,7.41003,Abstract Strategy;Puzzle;Renaissance,End Game Bonuses;Pattern Building;Set Collection;Tile Placement;Turn Order: Claim Action,681.0,Abstract Strategy,6627.0,1.0,0.8683883697146904,0.960693365012195,0.9010670969453771
256226,Azul: Stained Glass of Sintra,2.0,4.0,45.0,2.0127,7.28088,Abstract Strategy;Puzzle;Renaissance,End Game Bonuses;Modular Board;Open Drafting;Pattern Building;Set Collection;Tile Placement;Turn Order: Claim Action,517.0,Abstract Strategy,15264.0,1.0,1.0,0.6103943837426952,0.8541008767485391
287954,Azul: Summer Pavilion,2.0,4.0,45.0,2.0771,7.55832,Abstract Strategy;Puzzle,End Game Bonuses;Open Drafting;Pattern Building;Set Collection;Tile Placement;Turn Order: Claim Action,246.0,Abstract Strategy,19755.0,1.0,1.0,0.6303689475372317,0.8650317895074464
111636,Azuleo,1.0,4.0,30.0,,6.0,Puzzle,Tile Placement,,Puzzle,1.0,1.0,0.8209220690651828,0.5,0.7641844138130366
38547,Azules y grises,2.0,2.0,,,5.0,American Civil War;Wargame,Hexagon Grid,,American Civil War,1.0,0.0,0.5,0.5,0.325
4561,Carrera de Mente,2.0,20.0,90.0,1.1667,5.44052,Party Game;Trivia,Team-Based Game,28573.0,Party Game,116.0,1.0,0.7109813678954644,0.3998563185612881,0.7081805372913506
108877,Detetive Júnior Turma da Mônica,2.0,4.0,60.0,1.0,6.6,Deduction,Roll / Spin and Move,,Deduction,5.0,1.0,0.8683883697146904,0.36787944117144233,0.7622535621772266
364867,Haphazard: Azulea Awakens,1.0,3.0,40.0,,8.0,Adventure;Maze;Medieval;Print & Play,Multiple Maps;Narrative Choice / Paragraph;Role Playing;Scenario / Mission / Campaign Game;Stat Check Resolution;Storytelling,,Adventure,6.0,0.5,0.9440891630699333,0.5,0.6638178326139867
451365,Misión Azul: Aqua Rescate,3.0,6.0,60.0,2.0,9.0,Animals;Educational;Environmental,End Game Bonuses;Neighbor Scope;Semi-Cooperative Game,,Animals,2.0,1.0,0.8683883697146904,0.6065306597126334,0.8699838058854648
357173,Mystery Party in the Box: Bajo la Luna Azul,6.0,7.0,180.0,2.0,8.075,Mafia;Murder / Mystery,Alliances;Deduction;Negotiation,,Mafia,28.0,0.0,0.5041266174373653,0.6065306597126334,0.4240064554299997
50445,"Red Dog, Blue Dog",2.0,4.0,,1.0,5.26429,Animals;Card Game;Children's Game;Memory,Matching;Pattern Recognition,,Animals,14.0,1.0,0.5,0.36787944117144233,0.6551831382342885
427087,Perspectives Blue,2.0,6.0,90.0,1.625,7.59959,American West;Ancient;Deduction;Medieval;Murder / Mystery;Puzzle,Communication Limits;Cooperative Game;Deduction,4972.0,American West,389.0,1.0,0.7109813678954644,0.5028315779709409,0.7827523391732811
245654,Railroad Ink: Deep Blue Edition,1.0,6.0,30.0,1.4672,7.13815,Dice;Trains,Bingo;Connections;Dice Rolling;Line Drawing;Network and Route Building;Paper-and-Pencil;Simultaneous Action Selection;Solo / Solitaire Game,643.0,Dice,15046.0,1.0,0.8209220690651828,0.46468291928546346,0.7855747476701294
57660,Time's Up! Edición Azul,4.0,12.0,45.0,1.2203,7.39774,Humor;Movies / TV / Radio theme;Party Game,Acting;Communication Limits;Memory;Team-Based Game,2160.0,Humor,1466.0,1.0,1.0,0.41071735573536655,0.8170869711470734
404286,A Dream of Splendor in Song Dynasty,2.0,4.0,60.0,2.0,6.55,City Building;Economic;Medieval,"Deck, Bag, and Pool Building;Events;Income;Increase Value of Unchosen Resources;Multi-Use Cards;Open Drafting;Race",19918.0,City Building,54.0,1.0,0.8683883697146904,0.6065306597126334,0.8087338058854647
15549,Roulette,2.0,6.0,1.0,1.1169,3.36655,Number,Betting and Bluffing,31275.0,Number,976.0,1.0,0.20851441405707477,0.390022831213055,0.5538711990540259
148228,Splendor,2.0,4.0,30.0,1.7746,7.42111,Card Game;Economic;Renaissance,Contracts;Open Drafting;Race;Set Collection,244.0,Card Game,91518.0,1.0,0.8209220690651828,0.5418858004606564,0.8080893239051679
364073,Splendor Duel,2.0,2.0,30.0,2.0433,7.87841,Card Game;Economic;Renaissance,Contracts;Open Drafting;Race;Set Collection,111.0,Card Game,20445.0,0.0,0.8209220690651828,0.6198052271849797,0.48510570925003255
453472,Splendor Kids,2.0,4.0,30.0,1.4,6.87387,Children's Game,Set Collection,10673.0,Children's Game,155.0,1.0,0.8209220690651828,0.44932896411722156,0.7758969566364808
191361,Splendor: AsmOPlay Kit,2.0,4.0,30.0,,7.80057,Card Game,Open Drafting;Set Collection,,Card Game,70.0,1.0,0.8209220690651828,0.5,0.8091986638130366
293296,Splendor: Marvel,2.0,4.0,30.0,1.8017,7.55749,Card Game;Comic Book / Strip;Economic,Contracts;Open Drafting;Race;Set Collection,581.0,Card Game,6602.0,1.0,0.8209220690651828,0.5492783242990951,0.8129773286728557
427248,大宋百商图：过年好！(A Dream of Splendor in Song Dynasty: Happy New Year!),2.0,4.0,60.0,,7.24444,City Building;Economic;Medieval,"Deck, Bag, and Pool Building;Events;Income;Increase Value of Unchosen Resources;Loans;Multi-Use Cards;Open Drafting;Race",,City Building,9.0,1.0,0.8683883697146904,0.5,0.8047886739429381
430804,西安繁华录 (Splendor of Xi'an),2.0,4.0,120.0,2.0,,Dice;Economic;Trivia,Dice Rolling;Events;Roll / Spin and Move,,Dice,0.0,1.0,0.6165754530113879,0.6065306597126334,
406291,스플렌더: Pokémon (Splendor: Pokémon),2.0,4.0,30.0,1.8431,7.91294,Card Game;Economic;Movies / TV / Radio theme;Video Game Theme,Contracts;Open Drafting;Race;Set Collection,1231.0,Card Game,1946.0,1.0,0.8209220690651828,0.5607668819591245,0.8241612902048614
143085,7 Dice Wonders,1.0,4.0,20.0,1.875,6.24491,Ancient;Civilization;Dice;Print & Play,Dice Rolling;Paper-and-Pencil;Set Collection,20804.0,Ancient,57.0,1.0,0.6756639246921762,0.569782824730923,0.7552120998846199
68448,7 Wonders,2.0,7.0,30.0,2.315,7.66036,Ancient;Card Game;City Building;Civilization;Economic,Closed Drafting;End Game Bonuses;Hand Management;Melding and Splaying;Multi-Use Cards;Neighbor Scope;Once-Per-Game Abilities;Score-and-Reset Game;Set Collection;Simultaneous Action Selection;Tags;Tech Trees / Tech Tracks;Variable Player Powers;Variable Set-up,118.0,Ancient,113681.0,1.0,0.8209220690651828,0.7099931193855512,0.8476920376901469
316377,7 Wonders (Second Edition),3.0,7.0,30.0,2.2734,7.82215,Ancient;Card Game;City Building;Civilization;Economic,Closed Drafting;Hand Management;Neighbor Scope;Set Collection;Simultaneous Action Selection;Variable Player Powers,192.0,Ancient,12552.0,1.0,0.8209220690651828,0.695377788867305,0.8488137215864976
446231,7 Wonders Dice,2.0,7.0,30.0,2.5556,6.4218,Ancient;City Building;Dice,Bingo;Dice Rolling;Die Icon Resolution;Paper-and-Pencil;Simultaneous Action Selection,3859.0,Ancient,1979.0,1.0,0.8209220690651828,0.8007551972790318,0.834880453268843
173346,7 Wonders Duel,2.0,2.0,30.0,2.2267,8.07427,Ancient;Card Game;City Building;Civilization;Economic,End Game Bonuses;Income;Melding and Splaying;Modular Board;Multi-Use Cards;Once-Per-Game Abilities;Open Drafting;Score-and-Reset Game;Set Collection;Sudden Death Ending;Tags;Tech Trees / Tech Tracks;Track Movement;Tug of War;Variable Set-up,24.0,Ancient,110506.0,0.0,0.8209220690651828,0.6793288184090438,0.5019069274948453
346703,7 Wonders: Architects,2.0,7.0,25.0,1.387,7.03183,Ancient,Neighbor Scope;Open Drafting;Set Collection;Variable Player Powers,815.0,Ancient,14228.0,1.0,0.7518094115561123,0.4464177973920421,0.7654411917896309
36218,Dominion,2.0,4.0,30.0,2.344,7.59727,Card Game;Medieval,"Deck, Bag, and Pool Building;Delayed Purchase;Hand Management;Open Drafting;Take That;Variable Set-up",146.0,Card Game,97369.0,1.0,0.8209220690651828,0.7203630197053013,0.8481887677540969
64777,Dominion,2.0,2.0,30.0,,7.46667,Abstract Strategy,,12811.0,Abstract Strategy,78.0,0.0,0.8209220690651828,0.5,0.4508511638130366
216849,Dominion (Second Edition) Big Box,2.0,6.0,30.0,2.2609,8.17977,Card Game;Medieval,"Deck, Bag, and Pool Building;Hand Management;Open Drafting",,Card Game,1240.0,1.0,0.8209220690651828,0.6910452310334841,0.8568877100197334
392446,Dominion At Dawn,2.0,2.0,60.0,,10.0,Print & Play;Science Fiction;Wargame,Dice Rolling,,Print & Play,2.0,0.0,0.8683883697146904,0.5,0.5236776739429381
466144,Dominion of Cavaliers and Roundheads: Fight Battles of the English Civil War Solo Game,1.0,1.0,15.0,,6.0,Book;Miniatures;Pike and Shot;Renaissance;Wargame,Dice Rolling;Grid Coverage;Solo / Solitaire Game;Square Grid,,Book,1.0,0.0,0.5897678246195884,0.5,0.36795356492391773
445926,Dominion of Frederick the Great: War of Austrian Succession & 7 Years War – Solo Game,1.0,1.0,,,9.0,Age of Reason;Book;Miniatures;Wargame,Dice Rolling;Grid Movement;Solo / Solitaire Game,,Age of Reason,1.0,0.0,0.5,0.5,0.42500000000000004
448634,Dominion of Marlborough and Peter the Great,1.0,1.0,10.0,,8.0,Age of Reason;Book;Miniatures;Wargame,Dice Rolling;Paper-and-Pencil;Solo / Solitaire Game,,Age of Reason,1.0,0.0,0.4890096469218258,0.5,0.3978019293843652
449961,Dominion of Napoleon Bonaparte: Fight Battles of the Napoleonic Wars – Solo Game,1.0,1.0,,,,Book;Miniatures;Napoleonic;Wargame,Dice Rolling;Grid Coverage;Solo / Solitaire Game,,Book,0.0,0.0,0.5,0.5,
451897,Dominion of Otto von Bismarck: Fight Battles from the Crimea to Sedan – Solo Game,1.0,1.0,,,9.0,Book;Miniatures;Post-Napoleonic;Wargame,Dice Rolling;Grid Coverage;Paper-and-Pencil;Solo / Solitaire Game,,Book,3.0,0.0,0.5,0.5,0.42500000000000004
448047,Dominion of Patriots and Redcoats: Fight Battles of the American War of Independence – Solo Game,1.0,1.0,10.0,,,American Revolutionary War;Book;Miniatures;Wargame,Dice Rolling;Paper-and-Pencil;Solo / Solitaire Game,,American Revolutionary War,0.0,0.0,0.4890096469218258,0.5,
440258,Dominion of Pike and Shot,1.0,1.0,10.0,,8.5,Book;Miniatures;Renaissance;Wargame,Dice Rolling;Paper-and-Pencil;Solo / Solitaire Game,,Book,2.0,0.0,0.4890096469218258,0.5,0.41030192938436516
462964,Dominion of Rice and Napalm: NAM – Fight Battles of the Vietnam War: Solo Game,1.0,1.0,15.0,,,Book;Miniatures;Vietnam War;Wargame,Dice Rolling;Grid Movement;Solo / Solitaire Game,,Book,0.0,0.0,0.5897678246195884,0.5,
477603,Dominion of Sombreros and Dynamite: Fight Battles of the Mexican Revolution Solo Game,1.0,1.0,15.0,,,Book;Civil War;Miniatures;Wargame,Dice Rolling;Grid Coverage;Solo / Solitaire Game;Square Grid,,Book,0.0,0.0,0.5897678246195884,0.5,
459557,Dominion of the Blitzkrieg WWII: Fight Battles of the Early 2nd World War – Solo Game,1.0,1.0,15.0,2.0,9.0,Book;Miniatures;Wargame;World War II,Dice Rolling;Grid Coverage;Paper-and-Pencil;Scenario / Mission / Campaign Game;Solo / Solitaire Game,,Book,1.0,0.0,0.5897678246195884,0.6065306597126334,0.4642596968664444
453210,Dominion of the Blue and Grey: Fight Battles of the American Civil War – Solo Game,1.0,1.0,15.0,,,American Civil War;Book;Miniatures;Wargame,Dice Rolling;Grid Coverage;Paper-and-Pencil;Solo / Solitaire Game,,American Civil War,0.0,0.0,0.5897678246195884,0.5,
445691,"Dominion of the Claymore, Tomahawk and Talwar",1.0,1.0,10.0,,,Age of Reason;American Indian Wars;Book;Miniatures;Wargame,Dice Rolling;Paper-and-Pencil;Solo / Solitaire Game,,Age of Reason,0.0,0.0,0.4890096469218258,0.5,
131518,Dominion of the Gods,2.0,,20.0,,,Fantasy,,,Fantasy,0.0,0.0,0.6756639246921762,0.5,
475568,Dominion of the Orc: Fight Fantasy Battles – Solo Game,1.0,2.0,15.0,,8.0,Book;Fantasy;Miniatures;Wargame,Dice Rolling;Grid Coverage;Paper-and-Pencil;Solo / Solitaire Game,,Book,1.0,0.0,0.5897678246195884,0.5,0.4179535649239177
456198,Dominion of the Red and White: Fight Battles of the Russian Civil War – Solo Game,1.0,1.0,,,,Book;Civil War;Miniatures;Wargame,Dice Rolling;Grid Coverage;Solo / Solitaire Game,,Book,0.0,0.0,0.5,0.5,
473231,Dominion of the Roses: Fight Battles of the Wars of the Roses Solo Game,1.0,1.0,10.0,,,Book;Civil War;Medieval;Miniatures;Wargame,Dice Rolling;Grid Coverage;Solo / Solitaire Game;Square Grid,,Book,0.0,0.0,0.4890096469218258,0.5,
463640,Dominion of the Sherman and T-34 WWII: Fight Battles of the late 2nd World War – Solo Game,1.0,1.0,10.0,,,Wargame;World War II,Dice Rolling;Grid Coverage;Paper-and-Pencil;Solo / Solitaire Game;Square Grid,,Wargame,0.0,0.0,0.4890096469218258,0.5,
436649,Dominion of the Spear,1.0,1.0,10.0,1.0,7.90909,Ancient;Book;Medieval;Miniatures;Wargame,Dice Rolling;Grid Coverage;Paper-and-Pencil;Solo / Solitaire Game,,Ancient,11.0,0.0,0.4890096469218258,0.36787944117144233,0.3691050676186536
445692,Dominion of the Spear and Bayonet: Fight Battles of the Colonial Era – Solo Game,1.0,1.0,,,,American Indian Wars;Book;Miniatures;Post-Napoleonic;Wargame,Dice Rolling;Paper-and-Pencil;Solo / Solitaire Game,,American Indian Wars,0.0,0.0,0.5,0.5,
253382,Dominion of the Stars,1.0,1.0,360.0,2.0,7.6,Card Game;Print & Play;Science Fiction;Space Exploration;Wargame,Chit-Pull System;Dice Rolling;Hexagon Grid;Three Dimensional Movement,,Card Game,5.0,0.0,0.35696473595396155,0.6065306597126334,0.382699079133319
457068,Dominion of the Trenches: Fight Battles of World War One – Solo Game,1.0,1.0,,,,Book;Miniatures;Wargame;World War I,Dice Rolling;Grid Coverage;Solo / Solitaire Game;Square Grid,,Book,0.0,0.0,0.5,0.5,
142131,Dominion: Big Box,2.0,4.0,30.0,2.7234,7.93741,Card Game;Fantasy;Medieval,"Deck, Bag, and Pool Building;Hand Management;Open Drafting",,Card Game,1083.0,1.0,0.8209220690651828,0.8708374013337961,0.8867871440797959
142132,Dominion: Big Box,2.0,4.0,30.0,2.5,7.80752,Card Game;Medieval,"Deck, Bag, and Pool Building;Hand Management;Open Drafting",,Card Game,113.0,1.0,0.8209220690651828,0.7788007830714049,0.8651325704273176
275626,Dominion: Einsteiger-Bigbox,2.0,4.0,30.0,2.0,8.14702,Card Game;Medieval,"Deck, Bag, and Pool Building;Delayed Purchase;Hand Management;Open Drafting;Take That;Variable Set-up",,Card Game,151.0,1.0,0.8209220690651828,0.6065306597126334,0.8391660457555633
40834,Dominion: Intrigue,2.0,6.0,30.0,2.4103,7.68524,Card Game;Medieval,"Deck, Bag, and Pool Building;Delayed Purchase;Hand Management;Open Drafting;Variable Set-up",135.0,Card Game,34841.0,1.0,0.8209220690651828,0.7446432755804284,0.8552440689291223
209418,Dominion: Second Edition,2.0,4.0,30.0,2.1759,7.82117,Card Game;Medieval,"Deck, Bag, and Pool Building;Delayed Purchase;Hand Management;Open Drafting;Take That;Variable Set-up",175.0,Card Game,13161.0,1.0,0.8209220690651828,0.6622911606662112,0.8421718959462788
149083,Dominion: Special Edition,2.0,4.0,30.0,2.0,7.82408,Card Game;Medieval,"Deck, Bag, and Pool Building;Hand Management;Open Drafting",,Card Game,71.0,1.0,0.8209220690651828,0.6065306597126334,0.8310925457555633
41501,Dominions of Supremacy,3.0,5.0,300.0,3.0,8.25,Civilization;Science Fiction;Space Exploration;Wargame,Hexagon Grid,,Civilization,4.0,1.0,0.3909270011981531,1.0,0.8344354002396306
449873,Elden Ring: Dominion of Rot,1.0,4.0,120.0,,9.0,Adventure;Fantasy;Fighting;Miniatures;Video Game Theme,Cooperative Game;Deck Construction;Scenario / Mission / Campaign Game;Solo / Solitaire Game;Tile Placement,,Adventure,2.0,1.0,0.6165754530113879,0.5,0.7983150906022776
223767,Galactic Warlords: Battle for Dominion,1.0,4.0,90.0,3.0,7.11455,Space Exploration;Spies / Secret Agents;Wargame,Area Majority / Influence;Dice Rolling;Modular Board;Open Drafting;Variable Player Powers,12410.0,Space Exploration,110.0,1.0,0.7109813678954644,1.0,0.870060023579093
450334,Iron Scales: Sky Dominion,2.0,6.0,60.0,3.0,7.33333,Aviation / Flight;Card Game;Fantasy;Mythology;Wargame,Chaining;Hexagon Grid;Player Elimination;Programmed Movement;Simultaneous Action Selection;Take That;Variable Player Powers,,Aviation / Flight,3.0,1.0,0.8683883697146904,1.0,0.907010923942938
184207,Het Koninkrijk Dominion,2.0,4.0,20.0,1.75,6.90611,Card Game;Medieval,"Deck, Bag, and Pool Building;Delayed Purchase;Hand Management;Open Drafting",10675.0,Card Game,144.0,1.0,0.6756639246921762,0.5352614285189903,0.7648378206422334
401939,Moguls & Dominion,3.0,6.0,80.0,,,Economic;Negotiation,Auction: Turn Order Until Pass;Catch the Leader;Connections;Cooperative Game;End Game Bonuses;Income;Open Drafting,,Economic,0.0,1.0,0.7535922203472519,0.5,
407814,Shuffle: Jurassic World Dominion,2.0,4.0,10.0,,10.0,Card Game;Memory;Movies / TV / Radio theme,,,Card Game,1.0,1.0,0.4890096469218258,0.5,0.7978019293843651
298964,Solar Dominion Fleet Combat,2.0,2.0,75.0,3.0,3.0,Science Fiction;Space Exploration,Area Majority / Influence;Map Deformation;Simulation,,Science Fiction,3.0,0.0,0.7779866052154991,1.0,0.43059732104309983
388908,Spiritual Dominion,4.0,7.0,30.0,,10.0,Bluffing;Party Game,Betting and Bluffing;Hidden Roles;Negotiation;Prisoner's Dilemma;Semi-Cooperative Game;Variable Player Powers,,Bluffing,1.0,1.0,0.8209220690651828,0.5,0.8641844138130366
275972,Star Trek: Alliance – Dominion War Campaign,1.0,2.0,90.0,3.0588,8.60578,Movies / TV / Radio theme;Science Fiction,Cooperative Game,5541.0,Movies / TV / Radio theme,296.0,0.0,0.7109813678954644,0.9710279755837745,0.5515463686958478
386914,Star Trek: Alliance – The Dominion War Campaign Part I – Essentials Edition,1.0,2.0,45.0,,8.41667,Expansion for Base-game;Movies / TV / Radio theme;Science Fiction,Cooperative Game,,Expansion for Base-game,6.0,0.0,1.0,0.5,0.5104167500000001
401076,Star Trek: Into The Unknown – Federation vs. Dominion Core Set,2.0,6.0,180.0,3.75,7.94941,Movies / TV / Radio theme;Science Fiction;Space Exploration;Wargame,Dice Rolling;Line of Sight;Measurement Movement;Movement Template;Variable Player Powers,13129.0,Movies / TV / Radio theme,85.0,1.0,0.5041266174373653,0.6872892787909722,0.7870184292456676
276495,UNO Attack: Jurassic World,2.0,10.0,30.0,,5.95238,Card Game;Electronic;Movies / TV / Radio theme,Hand Management;Take That,,Card Game,21.0,1.0,0.8209220690651828,0.5,0.7629939138130366
451353,UNO: Jurassic World Dominion,2.0,10.0,,,7.0,Card Game;Children's Game;Movies / TV / Radio theme;Number,Hand Management;Lose a Turn;Matching;Take That,,Card Game,4.0,1.0,0.5,0.5,0.7249999999999999
474618,Witches Dominion: Arena Edition,2.0,4.0,45.0,,10.0,Card Game;Fantasy;Print & Play,Campaign / Battle Card Driven;Dice Rolling;Simultaneous Action Selection,,Card Game,1.0,1.0,1.0,0.5,0.9
31260,Agricola,1.0,5.0,150.0,3.6358,7.85485,Animals;Economic;Farming,Automatic Resource Growth;Closed Drafting;Enclosure;Increase Value of Unchosen Resources;Solo / Solitaire Game;Turn Order: Claim Action;Worker Placement,66.0,Animals,77270.0,1.0,0.5519381863844937,0.7276755523315721,0.8022939977432131
200680,Agricola (Revised Edition),1.0,4.0,120.0,3.4506,7.95333,Animals;Economic;Farming,Enclosure;Hand Management;Worker Placement;Advantage Token;Automatic Resource Growth;Closed Drafting;Increase Value of Unchosen Resources;Solo / Solitaire Game;Team-Based Game;Turn Order: Claim Action;Variable Player Powers,87.0,Animals,21711.0,1.0,0.6165754530113879,0.798276699823386,0.8318036805669549
359999,Agricola 15,1.0,4.0,120.0,3.4062,7.90074,Animals;Economic;Farming,Advantage Token;Automatic Resource Growth;Closed Drafting;Enclosure;Hand Management;Increase Value of Unchosen Resources;Solo / Solitaire Game;Team-Based Game;Turn Order: Claim Action;Variable Player Powers;Variable Set-up;Worker Placement,,Animals,730.0,1.0,0.6165754530113879,0.8161966176827224,0.8340729141388221
9364,Doppelkopf,3.0,6.0,120.0,2.9195,7.61247,Card Game,Alliances;Predictive Bid;Team-Based Game;Trick-taking,2704.0,Card Game,1005.0,1.0,0.6165754530113879,0.9605492718147033,0.8557366949652182
6901,Euchre,2.0,7.0,45.0,1.6949,6.86625,Card Game,Team-Based Game;Trick-taking,2140.0,Card Game,3031.0,1.0,1.0,0.5207162558898203,0.8257995011779642
45020,Agricola Express,1.0,4.0,20.0,1.8182,6.1369,Dice;Farming;Print & Play,Dice Rolling;Set Collection,17662.0,Dice,113.0,1.0,0.6756639246921762,0.5538286146134607,0.7493210078611274
7688,Memory,2.0,6.0,30.0,1.139,4.80966,Animals;Card Game;Children's Game;Comic Book / Strip;Environmental;Movies / TV / Radio theme;Novel-based;Prehistoric,Memory;Set Collection;Solo / Solitaire Game;Team-Based Game;Variable Set-up,31266.0,Animals,3569.0,1.0,0.8209220690651828,0.3943564828274103,0.7132972103785187
11670,The Game of Authors,2.0,6.0,15.0,1.0286,4.58977,American West;Animals;Card Game;Children's Game;Movies / TV / Radio theme;Music;Novel-based;Trivia,Hand Management;Memory;Set Collection,31074.0,American West,288.0,1.0,0.5897678246195884,0.3731779109490713,0.657333397113732
10799,Old Maid,2.0,6.0,5.0,1.0423,3.76982,Animals;Bluffing;Card Game;Children's Game;Comic Book / Strip;Novel-based;Sports,Hand Management;Hot Potato;Set Collection,31286.0,Animals,2087.0,1.0,0.3611575592573076,0.37574295488470366,0.5916256028284023
206805,"Agricola, Master of Britain",1.0,1.0,90.0,2.5556,7.05799,Ancient;Political;Print & Play;Wargame,Chit-Pull System;Dice Rolling;Point to Point Movement;Simulation;Solo / Solitaire Game,6207.0,Ancient,388.0,0.0,0.7109813678954644,0.8007551972790318,0.4787970630348993
119890,Agricola: All Creatures Big and Small,2.0,2.0,30.0,2.3512,7.32131,Animals;Farming,Automatic Resource Growth;Enclosure;Increase Value of Unchosen Resources;Tile Placement;Turn Order: Claim Action;Worker Placement,468.0,Animals,14329.0,0.0,0.8209220690651828,0.7229610001351959,0.4918093638400758
255262,Agricola: All Creatures Big and Small – The Big Box,2.0,2.0,30.0,2.3333,7.61987,Animals;Farming,Automatic Resource Growth;Enclosure;Increase Value of Unchosen Resources;Tile Placement;Turn Order: Claim Action;Worker Placement,,Animals,2172.0,0.0,0.8209220690651828,0.7165193684847974,0.49798503750999606
440149,Agricola: Dead Harvest,1.0,4.0,120.0,,5.98199,Farming;Zombies,Automatic Resource Growth;Increase Value of Unchosen Resources;Solo / Solitaire Game;Worker Placement,19755.0,Farming,109.0,1.0,0.6165754530113879,0.5,0.7228648406022775
205418,Agricola: Family Edition,1.0,4.0,45.0,2.3978,7.02831,Animals;Farming,Automatic Resource Growth;Worker Placement,1705.0,Animals,3339.0,1.0,1.0,0.7400037686696985,0.8737085037339398
197633,"Agricola: Roman Campaign in Britain, AD 82-84",1.0,2.0,120.0,3.0,6.72364,Ancient;Wargame,Area Movement,18290.0,Ancient,55.0,0.0,0.6165754530113879,1.0,0.4914060906022776
440147,Agricola: Special Edition,1.0,6.0,120.0,3.6,6.45769,Animals;Economic;Farming,Automatic Resource Growth;Closed Drafting;Enclosure;Increase Value of Unchosen Resources;Solo / Solitaire Game;Turn Order: Claim Action;Worker Placement,,Animals,350.0,1.0,0.6165754530113879,0.7408182206817179,0.7829209847386212
32289,Monopoly: Puerto Rico,2.0,6.0,60.0,,4.4,Economic;Negotiation,Auction / Bidding;Player Elimination;Roll / Spin and Move;Set Collection;Trading,,Economic,15.0,1.0,0.8683883697146904,0.5,0.733677673942938
3076,Puerto Rico,3.0,5.0,150.0,3.2658,7.89675,City Building;Economic;Farming,Action Drafting;End Game Bonuses;Follow;Hidden Victory Points;Increase Value of Unchosen Resources;Turn Order: Progressive;Variable Phase Order,57.0,City Building,74731.0,1.0,0.5519381863844937,0.8755526429954533,0.8329169158759894
108687,Puerto Rico,2.0,5.0,150.0,3.2232,8.30217,City Building;Economic;Farming,Action Drafting;End Game Bonuses;Follow;Hidden Victory Points;Increase Value of Unchosen Resources;Turn Order: Progressive;Variable Phase Order,,City Building,6169.0,1.0,0.5519381863844937,0.8944019467364355,0.8468222766241857
165332,Puerto Rico,2.0,5.0,150.0,3.0769,7.78348,City Building;Economic;Farming,Variable Phase Order,,City Building,187.0,1.0,0.5519381863844937,0.9622798175278641,0.8474306007824715
318985,Puerto Rico,2.0,5.0,120.0,3.0377,7.97011,City Building;Economic;Farming,Action Drafting;End Game Bonuses;Follow;Hidden Victory Points;Increase Value of Unchosen Resources;Turn Order: Progressive;Variable Phase Order,,City Building,1632.0,1.0,0.6165754530113879,0.9813265501859622,0.86883315063947
367272,Puerto Rico 1897,2.0,5.0,120.0,3.0,7.6932,Economic;Farming,Action Drafting;End Game Bonuses;Follow;Hidden Victory Points;Increase Value of Unchosen Resources;Turn Order: Progressive;Variable Phase Order,,Economic,1212.0,1.0,0.6165754530113879,1.0,0.8656450906022776
415843,Puerto Rico 1897: Special Edition,1.0,5.0,120.0,2.9697,8.6545,Economic;Farming,Action Drafting;End Game Bonuses;Follow;Hidden Victory Points;Increase Value of Unchosen Resources;Solo / Solitaire Game;Turn Order: Progressive;Variable Phase Order,,Economic,2412.0,1.0,0.6165754530113879,0.9849641838940775,0.886670427381093
8217,San Juan,2.0,4.0,60.0,2.2846,7.22993,Card Game;City Building;Economic,Action Drafting;End Game Bonuses;Follow;Hand Management;Market;Multi-Use Cards;Open Drafting;Set Collection;Turn Order: Progressive;Variable Phase Order,453.0,Card Game,24444.0,1.0,0.8683883697146904,0.6992828283904621,0.8442824896210306
166669,San Juan (Second Edition),2.0,4.0,60.0,2.0962,7.43525,Card Game;City Building;Economic,Action Drafting;Follow;Hand Management;Multi-Use Cards;Set Collection;Variable Phase Order,529.0,Card Game,7937.0,1.0,0.8683883697146904,0.6364178083239365,0.8368424856077253
2651,Power Grid,2.0,6.0,120.0,3.2452,7.7968,Economic;Industry / Manufacturing,Auction / Bidding;Auction: Turn Order Until Pass;Catch the Leader;Income;Market;Network and Route Building;Turn Order: Stat-Based;Variable Set-up,76.0,Economic,70083.0,1.0,0.6165754530113879,0.8846174387763712,0.8451585783575518
155873,Power Grid Deluxe: Europe/North America,2.0,6.0,120.0,3.2013,7.939,Economic;Industry / Manufacturing,Auction / Bidding;Auction: Turn Order Until Pass;Catch the Leader;Income;Market;Network and Route Building;Turn Order: Stat-Based,405.0,Economic,4674.0,1.0,0.6165754530113879,0.9042494648197325,0.852639983566224
44163,Power Grid: Factory Manager,2.0,5.0,60.0,2.9979,6.83403,Economic;Industry / Manufacturing,Auction / Bidding;Commodity Speculation,1462.0,Economic,6149.0,1.0,0.8683883697146904,0.9989505510571132,0.8943185341543607
424395,Power Grid: Outpost,2.0,6.0,120.0,3.0667,7.42961,Economic;Industry / Manufacturing;Science Fiction,Auction / Bidding;Auction: Turn Order Until Pass;Catch the Leader;Income;Market;Network and Route Building;Turn Order: Stat-Based;Variable Set-up,4878.0,Economic,435.0,1.0,0.6165754530113879,0.9671999803479994,0.8524953366718775
203780,Power Grid: The Card Game,2.0,6.0,60.0,2.3864,6.646,Card Game;Economic;Industry / Manufacturing,Auction / Bidding;Market,3074.0,Card Game,2137.0,1.0,0.8683883697146904,0.7357977457414278,0.8369872230912236
106662,Power Grid: The First Sparks,2.0,6.0,60.0,2.7124,6.75807,Animals;Economic;Prehistoric,Area Movement;Modular Board;Network and Route Building;Open Drafting,2048.0,Animals,3662.0,1.0,0.8683883697146904,0.8660609429277265,0.8658416125284834
258148,Power Rangers: Heroes of the Grid,2.0,5.0,60.0,2.7273,7.86558,Comic Book / Strip;Fighting;Miniatures;Movies / TV / Radio theme;Science Fiction,Action Points;Cooperative Game;Dice Rolling;Hand Management;Variable Player Powers;Variable Set-up,3056.0,Comic Book / Strip,1023.0,1.0,0.8683883697146904,0.8725371910227229,0.8948246121474827
407181,Энергосеть: Россия (Power Grid: Russia),2.0,6.0,120.0,,10.0,Economic;Industry / Manufacturing,Auction / Bidding;Auction: Turn Order Until Pass;Catch the Leader;Income;Market;Network and Route Building;Turn Order: Stat-Based;Variable Set-up,,Economic,1.0,1.0,0.6165754530113879,0.5,0.8233150906022776
226320,My Little Scythe,1.0,6.0,60.0,2.0146,7.19432,Children's Game;Exploration;Fantasy;Fighting,Area Majority / Influence;Card Play Conflict Resolution;Dice Rolling;Force Commitment;Grid Movement;Hexagon Grid;Movement Points;Narrative Choice / Paragraph;Pick-up and Deliver;Set Collection;Solo / Solitaire Game;Take That;Tech Trees / Tech Tracks;Variable Player Powers,923.0,Children's Game,6438.0,1.0,0.8683883697146904,0.6109745339349599,0.82573058072993
416785,My Little Scythe: Big Box,1.0,6.0,60.0,,7.365,Children's Game;Exploration;Fantasy,Area Majority / Influence;Dice Rolling;Force Commitment;Grid Movement;Pick-up and Deliver;Solo / Solitaire Game;Take That,,Children's Game,20.0,1.0,0.8683883697146904,0.5,0.807802673942938
169786,Scythe,1.0,5.0,115.0,3.4521,8.09508,Economic;Fighting;Science Fiction;Territory Building,Area Majority / Influence;Card Play Conflict Resolution;Contracts;End Game Bonuses;Force Commitment;Grid Movement;Hexagon Grid;King of the Hill;Movement Points;Narrative Choice / Paragraph;Solo / Solitaire Game;Take That;Tech Trees / Tech Tracks;Variable Player Powers;Variable Set-up;Victory Points as a Resource;Zone of Control,27.0,Economic,94547.0,1.0,0.6297235299224027,0.7976782167577219,0.8378573493360248
473061,Duel of Meloch,1.0,2.0,45.0,3.5789,7.74051,Economic;Fighting;Science Fiction,Card Play Conflict Resolution;Hexagon Grid;Solo / Solitaire Game;Variable Player Powers,5641.0,Economic,318.0,0.0,1.0,0.7486752257363496,0.54324779514727
64439,The Game Of Roots,2.0,4.0,60.0,,,Economic,Roll / Spin and Move,,Economic,0.0,1.0,0.8683883697146904,0.5,
448594,Marvel Root for Groot,2.0,5.0,15.0,,7.0,Card Game;Comic Book / Strip;Movies / TV / Radio theme;Science Fiction,Set Collection,,Card Game,1.0,1.0,0.5897678246195884,0.5,0.7429535649239176
41881,More Roots,2.0,4.0,20.0,,6.0,Card Game;Educational;Word Game,Set Collection,,Card Game,1.0,1.0,0.6756639246921762,0.5,0.7351327849384353
283838,The Root Beer Float Challenge,2.0,8.0,30.0,1.0,6.28162,Party Game,Acting,22924.0,Party Game,37.0,1.0,0.8209220690651828,0.36787944117144233,0.7448008020473251
416201,Root Bound,2.0,2.0,,,7.625,Abstract Strategy,Chaining;Enclosure;Hexagon Grid;Pattern Building;Pattern Recognition,,Abstract Strategy,8.0,0.0,0.5,0.5,0.390625
151794,Root Down,2.0,2.0,15.0,,5.0,Abstract Strategy,,,Abstract Strategy,3.0,0.0,0.5897678246195884,0.5,0.3429535649239177
253490,Root Guy Farm,2.0,5.0,60.0,,,Children's Game;Dice,Dice Rolling;Grid Movement;Storytelling,,Children's Game,0.0,1.0,0.8683883697146904,0.5,
153716,Root the Loot,2.0,2.0,,,6.0,Abstract Strategy;Animals;Children's Game,Memory;Pick-up and Deliver;Point to Point Movement,,Abstract Strategy,1.0,0.0,0.5,0.5,0.35
425773,Root: Jeu de base + La Rivière,1.0,6.0,90.0,,9.31481,Animals;Fantasy;Negotiation;Territory Building;Wargame,Action Points;Action Queue;Area Majority / Influence;Area Movement;Dice Rolling;Hand Management;Multi-Use Cards;Negotiation;Point to Point Movement;Race;Sudden Death Ending;Take That;Variable Player Powers;Variable Set-up,,Animals,27.0,1.0,0.7109813678954644,0.5,0.8250665235790928
169293,ROOT\G: boardgame,2.0,3.0,20.0,,,Abstract Strategy,,,Abstract Strategy,0.0,0.5,0.6756639246921762,0.5,
6492,Tanbo,2.0,4.0,90.0,2.8,5.40286,Abstract Strategy,Chaining;Enclosure;Pattern Recognition;Square Grid;Tile Placement,26043.0,Abstract Strategy,35.0,1.0,0.7109813678954644,0.9048374180359595,0.8082352571862849
455321,Rooticle,3.0,5.0,30.0,,,Card Game;Medical,Cooperative Game;Trick-taking,,Card Game,0.0,1.0,0.8209220690651828,0.5,
41511,Rootie Kazootie Word Game,2.0,3.0,,,,Card Game;Children's Game;Novel-based;Word Game,Set Collection,,Card Game,0.0,0.5,0.5,0.5,
403439,RooTile,1.0,4.0,20.0,,6.33333,Abstract Strategy;Children's Game,Tile Placement,,Abstract Strategy,3.0,1.0,0.6756639246921762,0.5,0.7434660349384352
7744,Roots,2.0,5.0,20.0,1.0,4.71429,Card Game;Word Game,Hand Management,,Card Game,7.0,1.0,0.6756639246921762,0.36787944117144233,0.6765659231727238
32611,Roots and Shoots,2.0,2.0,20.0,,,Farming;Territory Building,,,Farming,0.0,0.0,0.6756639246921762,0.5,
228765,The Roots of Magic,2.0,2.0,60.0,,,Dice;Fantasy;Fighting;Miniatures,Action Points;Simulation;Variable Player Powers,,Dice,0.0,0.0,0.8683883697146904,0.5,
202245,Roots of Mali,2.0,2.0,30.0,3.0,7.63818,Abstract Strategy;Dice;Fantasy,Area Movement;Grid Movement;Player Elimination,17378.0,Abstract Strategy,55.0,0.0,0.8209220690651828,1.0,0.5551389138130366
168055,Roots: A Game of Inventing Words,3.0,5.0,30.0,1.3333,5.98095,Card Game;Educational;Party Game;Print & Play;Word Game,Hand Management;Storytelling;Tile Placement;Voting,25076.0,Card Game,42.0,1.0,0.8209220690651828,0.4345909652639636,0.7506263568658293
71935,Rootword,2.0,6.0,30.0,1.5,7.13409,Card Game;Educational;Word Game,Hand Management;Pattern Building;Set Collection,,Card Game,22.0,1.0,0.8209220690651828,0.4723665527410147,0.7870099743612395
41880,Rummy Roots,2.0,4.0,20.0,,6.0,Card Game;Educational;Word Game,Set Collection,,Card Game,2.0,1.0,0.6756639246921762,0.5,0.7351327849384353
26151,Square Routes,2.0,2.0,30.0,2.0,7.04545,Abstract Strategy,,,Abstract Strategy,11.0,0.0,0.8209220690651828,0.6065306597126334,0.46162679575556326
278266,Take Root,2.0,2.0,,,,Farming,Dice Rolling;Turn Order: Time Track,,Farming,0.0,0.0,0.5,0.5,
95974,Theodore Tugboat Rootin' Tootin' Card Game,2.0,4.0,15.0,,,Card Game;Children's Game;Movies / TV / Radio theme,Player Elimination;Set Collection;Speed Matching,,Card Game,0.0,1.0,0.5897678246195884,0.5,
430039,文明源记：上古传说 (The Roots of Civilization),2.0,4.0,60.0,,5.25,Civilization;Prehistoric,Action Points;Events;Worker Placement,,Civilization,4.0,1.0,0.8683883697146904,0.5,0.754927673942938
199792,Everdell,1.0,4.0,80.0,2.8347,7.97392,Animals;Card Game;City Building;Fantasy,Contracts;End Game Bonuses;Hand Management;Income;Open Drafting;Ownership;Set Collection;Solo / Solitaire Game;Tags;Variable Set-up;Worker Placement,46.0,Animals,69987.0,1.0,0.7535922203472519,0.9206733264997369,0.8842011093693977
425005,Everdell Duo,1.0,2.0,30.0,2.7164,7.6298,Animals;Card Game;City Building;Fantasy,Contracts;Cooperative Game;Income;Open Drafting;Scenario / Mission / Campaign Game;Set Collection;Solo / Solitaire Game;Variable Set-up;Worker Placement,1166.0,Animals,2594.0,0.0,0.8209220690651828,0.8677947980907933,0.5284883734311953
455843,Everdell Emerland,1.0,4.0,120.0,3.2,8.44028,Animals;Card Game;City Building;Fantasy,Hand Management;Open Drafting;Set Collection;Worker Placement,3259.0,Animals,519.0,1.0,0.6165754530113879,0.9048374180359595,0.8652895742094695
394106,Everdell Farshore,1.0,4.0,80.0,2.8276,7.80196,Animals;Card Game;City Building;Fantasy,Hand Management;Open Drafting;Set Collection;Worker Placement,824.0,Animals,3213.0,1.0,0.7535922203472519,0.9174107307245681,0.879249590214364
436821,Everdell Silverfrost,1.0,4.0,120.0,3.2449,8.11912,Animals;Card Game;City Building;Fantasy,Hand Management;Open Drafting;Set Collection;Worker Placement,1536.0,Animals,1409.0,1.0,0.6165754530113879,0.8847501413446316,0.8532431188712039
319422,Everdell: Collector's Edition,1.0,4.0,80.0,2.8615,8.48326,Animals;Card Game;City Building;Fantasy,End Game Bonuses;Hand Management;Income;Open Drafting;Solo / Solitaire Game;Variable Set-up;Worker Placement,,Animals,2744.0,1.0,0.7535922203472519,0.9330933775722108,0.8994186195838925
332398,Everdell: The Complete Collection,1.0,6.0,120.0,3.1071,8.76312,Animals;Card Game;City Building;Fantasy,End Game Bonuses;Events;Hand Management;Modular Board;Open Drafting;Set Collection;Solo / Solitaire Game;Variable Player Powers;Variable Set-up;Worker Placement,,Animals,4369.0,1.0,0.6165754530113879,0.9478585468916156,0.8819647999806007
375852,Welcome to Everdell,1.0,4.0,30.0,1.8947,7.52455,Animals;Card Game;Children's Game;Fantasy,End Game Bonuses;Open Drafting;Set Collection;Solo / Solitaire Game;Worker Placement,1526.0,Animals,2203.0,1.0,0.8209220690651828,0.5754229174097151,0.8173827472949796
367498,Horizons of Spirit Island,1.0,3.0,120.0,3.5621,8.11648,Environmental;Fantasy;Fighting;Mythology;Renaissance;Territory Building,Action Retrieval;Area Majority / Influence;Automatic Resource Growth;Campaign / Battle Card Driven;Cooperative Game;Events;Hand Management;Modular Board;Set Collection;Simultaneous Action Selection;Solo / Solitaire Game;Variable Player Powers;Variable Set-up,471.0,Environmental,3613.0,0.5,0.6165754530113879,0.7549905850072036,0.6522252076037183
351766,The Brass Age,1.0,1.0,60.0,1.6,8.13529,American West;Card Game;Fighting;Mythology;Post-Napoleonic;Print & Play;Science Fiction;Wargame,"Action / Event;Chaining;Deck, Bag, and Pool Building;Events;Market;Solo / Solitaire Game;Variable Player Powers;Worker Placement, Different Worker Types",16812.0,American West,34.0,0.0,0.8683883697146904,0.4965853037914095,0.47637698470122
457680,The Brass Age: Invasion,1.0,1.0,40.0,,8.0,Print & Play,Solo / Solitaire Game,,Print & Play,1.0,0.0,0.9440891630699333,0.5,0.48881783261398665
88793,Brass Balls & Nerves of Steel,2.0,,,1.0,5.58333,Action / Dexterity,,,Action / Dexterity,6.0,0.0,0.5,0.36787944117144233,0.3131591382342885
181393,Brass Empire,1.0,5.0,60.0,2.1818,6.64183,Card Game;Economic;Industry / Manufacturing,"Deck, Bag, and Pool Building;Open Drafting",8093.0,Card Game,382.0,1.0,0.8683883697146904,0.664247804220445,0.8225729847870271
24877,The Brass Monkey Game,2.0,4.0,60.0,1.0,4.66667,Spies / Secret Agents;World War II,Events;Lose a Turn;Pick-up and Deliver;Player Elimination;Race;Roll / Spin and Move;Track Movement,,Spies / Secret Agents,3.0,1.0,0.8683883697146904,0.36787944117144233,0.7139203121772266
28720,Brass: Lancashire,2.0,4.0,120.0,3.8426,8.19823,Age of Reason;Economic;Educational;Industry / Manufacturing;Post-Napoleonic;Transportation,Chaining;End Game Bonuses;Hand Management;Income;Loans;Market;Multi-Use Cards;Network and Route Building;Ownership;Tags;Tech Trees / Tech Tracks;Tile Placement;Turn Order: Stat-Based;Variable Set-up,22.0,Age of Reason,27698.0,1.0,0.6165754530113879,0.6561932139133495,0.8095094833849474
452264,Brass: Pittsburgh,1.0,4.0,120.0,3.7209,7.432,Economic;Industry / Manufacturing;Trains,Chaining;Hand Management;Income;Loans;Market;Multi-Use Cards;Network and Route Building;Ownership;Tech Trees / Tech Tracks;Tile Placement;Turn Order: Stat-Based;Variable Set-up,5218.0,Economic,444.0,1.0,0.6165754530113879,0.6973624423534324,0.798587579072964
458919,Brassbound: Adamantine Dawn,2.0,4.0,60.0,,,Book;Miniatures;Science Fiction;Wargame,Critical Hits and Failures;Dice Rolling;Measurement Movement;Scenario / Mission / Campaign Game,,Book,0.0,1.0,0.8683883697146904,0.5,
97187,City of Brass: a game of colonial exploration,4.0,6.0,180.0,,,Adventure;Bluffing;Fantasy;Print & Play,Cooperative Game;Dice Rolling;Role Playing;Storytelling;Team-Based Game;Variable Player Powers;Voting,,Adventure,0.0,1.0,0.5041266174373653,0.5,
193382,Iron & Brass,2.0,2.0,75.0,2.0,8.31667,Print & Play;Science Fiction;Wargame,Action Points;Dice Rolling;Grid Movement,,Print & Play,6.0,0.0,0.7779866052154991,0.6065306597126334,0.48482020298562656
198822,Iron & Brass: Duel,2.0,2.0,30.0,,4.5,Print & Play;Wargame,Dice Rolling;Hand Management;Secret Unit Deployment,,Print & Play,2.0,0.0,0.8209220690651828,0.5,0.3766844138130366
438794,Top Brass,2.0,6.0,,,,Card Game,,,Card Game,0.0,1.0,0.5,0.5,
193738,Great Western Trail,2.0,4.0,150.0,3.6963,8.14286,American West;Animals,"Contracts;Deck, Bag, and Pool Building;Hand Management;Income;Ownership;Rondel;Set Collection;Track Movement;Variable Set-up",21.0,American West,44132.0,1.0,0.5519381863844937,0.7059929693261675,0.8051577311421322
364011,Great Western Trail: Argentina,1.0,4.0,150.0,3.9031,8.19165,Animals,"Deck, Bag, and Pool Building;Hand Management;Ownership;Rondel;Set Collection;Solo / Solitaire Game;Track Movement;Variable Set-up",199.0,Animals,5680.0,1.0,0.5519381863844937,0.6366405935419888,0.7925070059852964
431305,Great Western Trail: El Paso,1.0,4.0,90.0,2.8065,7.06689,American West;Animals,"Deck, Bag, and Pool Building;Hand Management;Ownership;Rondel;Set Collection;Solo / Solitaire Game;Track Movement;Variable Set-up",2301.0,American West,1910.0,1.0,0.7109813678954644,0.9077829234982948,0.8504251082787518
380607,Great Western Trail: New Zealand,1.0,4.0,150.0,3.9913,8.44563,Animals;Farming,"Deck, Bag, and Pool Building;Hand Management;Ownership;Rondel;Set Collection;Solo / Solitaire Game;Track Movement;Variable Set-up",73.0,Animals,7388.0,1.0,0.5519381863844937,0.6091748149505248,0.7933633502670037
341169,Great Western Trail: Second Edition,1.0,4.0,150.0,3.7019,8.26008,American West;Animals;Farming,"Deck, Bag, and Pool Building;Hand Management;Ownership;Rondel;Set Collection;Solo / Solitaire Game;Tags;Track Movement;Variable Set-up",31.0,American West,18601.0,1.0,0.5519381863844937,0.704018953923308,0.8076934280615604
84876,The Castles of Burgundy,2.0,4.0,90.0,2.9702,8.16311,Animals;Medieval;Territory Building,Delayed Purchase;Dice Rolling;End Game Bonuses;Grid Coverage;Hexagon Grid;Open Drafting;Pattern Building;Tile Placement;Track Movement;Turn Order: Stat-Based;Variable Set-up;Worker Placement with Dice Workers,17.0,Animals,70513.0,1.0,0.7109813678954644,0.9852104557227469,0.8933161147236424
271320,The Castles of Burgundy,1.0,4.0,120.0,2.9092,8.45492,Dice;Medieval;Territory Building,Dice Rolling;End Game Bonuses;Grid Coverage;Hexagon Grid;Pattern Building;Set Collection;Solo / Solitaire Game;Team-Based Game;Tile Placement;Turn Order: Stat-Based;Variable Set-up;Worker Placement with Dice Workers,,Dice,15574.0,1.0,0.6165754530113879,0.9556151593099689,0.8758111224642713
363622,The Castles of Burgundy: Special Edition,1.0,4.0,120.0,2.8339,9.14173,Dice;Medieval;Territory Building,Dice Rolling;End Game Bonuses;Grid Movement;Set Collection;Solo / Solitaire Game;Team-Based Game;Tile Placement;Worker Placement with Dice Workers,,Dice,12174.0,1.0,0.6165754530113879,0.9203051308131834,0.8859193667649143
191977,The Castles of Burgundy: The Card Game,1.0,4.0,60.0,2.5872,6.9395,Card Game,Hand Management;Open Drafting;Set Collection;Turn Order: Claim Action;Turn Order: Progressive,1177.0,Card Game,7199.0,1.0,0.8683883697146904,0.8135076081503737,0.8598666955730129
232988,The Castles of Burgundy: The Dice Game,1.0,5.0,30.0,1.9048,6.85585,City Building;Dice;Economic;Medieval;Territory Building,Bingo;Dice Rolling;Hexagon Grid;Paper-and-Pencil;Simultaneous Action Selection;Variable Set-up,1680.0,City Building,4421.0,1.0,0.8209220690651828,0.5783361528709441,0.8012478943872254
128621,Viticulture,2.0,6.0,90.0,2.9487,7.46742,Economic;Farming,Contracts;Hand Management;Income;Race;Turn Order: Progressive;Worker Placement,328.0,Economic,15752.0,1.0,0.7109813678954644,0.9746761665750997,0.8738170068941129
183394,Viticulture Essential Edition,1.0,6.0,90.0,2.9025,7.9541,Economic;Farming,"Contracts;Hand Management;Race;Solo / Solitaire Game;Turn Order: Auction;Victory Points as a Resource;Worker Placement;Worker Placement, Different Worker Types",44.0,Economic,55948.0,1.0,0.7109813678954644,0.9524192047390695,0.8815326145269068
156455,Viticulture: Complete Collector's Edition,1.0,6.0,90.0,3.32,8.31189,Economic;Farming,"Contracts;Hand Management;Turn Order: Auction;Victory Points as a Resource;Worker Placement;Worker Placement, Different Worker Types",,Economic,835.0,1.0,0.7109813678954644,0.8521437889662115,0.8704222813723352
441696,Sanctuary,1.0,5.0,100.0,2.8415,7.6485,Animals;Environmental;Territory Building,Action Queue;Hand Management;Hexagon Grid;Open Drafting;Set Collection;Solo / Solitaire Game;Tile Placement;Variable Set-up,751.0,Animals,3928.0,1.0,0.674867056948593,0.9238089433378169,0.860947700057282
97312,Nova's Ark,2.0,7.0,20.0,1.0,7.0,Card Game;Children's Game;Deduction;Memory;Print & Play;Puzzle;Science Fiction,Cooperative Game;Hand Management;Memory;Open Drafting;Set Collection,,Card Game,1.0,1.0,0.6756639246921762,0.36787944117144233,0.7337086731727238
316554,Dune: Imperium,1.0,4.0,120.0,3.0792,8.40607,Movies / TV / Radio theme;Novel-based;Political;Science Fiction,"Card Play Conflict Resolution;Deck, Bag, and Pool Building;Delayed Purchase;Force Commitment;Increase Value of Unchosen Resources;Multi-Use Cards;Open Drafting;Ownership;Race;Solo / Solitaire Game;Tags;Take That;Turn Order: Progressive;Variable Player Powers;Worker Placement",6.0,Movies / TV / Radio theme,59737.0,1.0,0.6165754530113879,0.9611738318013886,0.8757016069625553
24,Twilight Imperium,2.0,6.0,240.0,3.4643,6.58054,Civilization;Negotiation;Political;Science Fiction;Space Exploration;Wargame,Dice Rolling;Hexagon Grid;Modular Board;Tile Placement;Variable Player Powers;Voting,6058.0,Civilization,728.0,1.0,0.43688828010671776,0.7928271903083854,0.7604565940830206
104363,Rex: Final Days of an Empire,3.0,6.0,180.0,3.2974,7.03009,Civil War;Fighting;Negotiation;Political;Science Fiction,Alliances;Area Majority / Influence;Auction / Bidding;Force Commitment;Hand Management;Point to Point Movement;Team-Based Game;Variable Player Powers,1400.0,Civil War,4592.0,1.0,0.5041266174373653,0.8618276244079155,0.7989430983690562
2902,Twilight Imperium: Armada,2.0,6.0,45.0,2.6667,6.61322,Action / Dexterity;Collectible Components;Fighting;Miniatures;Science Fiction,Tile Placement,14242.0,Action / Dexterity,118.0,1.0,1.0,0.8464958330369299,0.8846296666073861
233078,Twilight Imperium: Fourth Edition,3.0,6.0,480.0,4.3643,8.55963,Civilization;Economic;Exploration;Negotiation;Political;Science Fiction;Space Exploration;Territory Building;Wargame,Action Drafting;Area-Impulse;Dice Rolling;Follow;Grid Movement;Hexagon Grid;Increase Value of Unchosen Resources;King of the Hill;Modular Board;Movement Points;Player Elimination;Race;Tech Trees / Tech Tracks;Trading;Variable Phase Order;Variable Player Powers;Variable Set-up;Voting,7.0,Civilization,28997.0,1.0,0.30924762834029246,0.5055289359118198,0.7269460628504225
26055,Twilight Imperium: Second Edition,2.0,6.0,240.0,3.463,6.84864,Civilization;Negotiation;Political;Science Fiction;Space Exploration;Wargame,Dice Rolling;Hexagon Grid;Modular Board;Tile Placement;Trading;Variable Phase Order;Variable Player Powers;Voting,5620.0,Civilization,587.0,1.0,0.43688828010671776,0.7933426955031242,0.7672621951219685
12493,Twilight Imperium: Third Edition,3.0,6.0,240.0,4.2601,7.77704,Civilization;Negotiation;Political;Science Fiction;Space Exploration;Wargame,Action Points;Area-Impulse;Dice Rolling;Follow;Grid Movement;Hexagon Grid;Increase Value of Unchosen Resources;Modular Board;Player Elimination;Tech Trees / Tech Tracks;Tile Placement;Trading;Variable Phase Order;Variable Player Powers;Voting,154.0,Civilization,19591.0,1.0,0.43688828010671776,0.5325651720825754,0.7383166904378586
344084,Legend of the Five Rings: The Currency of War,2.0,2.0,45.0,,5.5,Card Game;Collectible Components,Deck Construction;Player Elimination,,Card Game,2.0,0.0,1.0,0.5,0.43750000000000006
36702,Ring War,2.0,2.0,,,,Card Game;Fantasy;Fighting;Novel-based;Print & Play,,,Card Game,0.0,0.0,0.5,0.5,
27341,Ringmaster: War in Middle Earth,2.0,6.0,180.0,2.8,7.92857,Fantasy;Print & Play;Wargame,Open Drafting,,Fantasy,14.0,1.0,0.5041266174373653,0.9048374180359595,0.8300070570946649
2228,War of the Ring,2.0,3.0,210.0,3.4808,6.70311,Adventure;Fantasy;Novel-based;Wargame,Area Majority / Influence;Dice Rolling;Events;Grid Movement;Hexagon Grid;Movement Points;Ratio / Combat Results Table;Simulation;Sudden Death Ending;Variable Player Powers,4587.0,Adventure,1044.0,0.5,0.4669148516303436,0.7863132728439659,0.5932233748948619
9609,War of the Ring,2.0,4.0,120.0,3.8496,7.78002,Adventure;Fantasy;Fighting;Novel-based;Territory Building;Wargame,Action Points;Area Majority / Influence;Area Movement;Campaign / Battle Card Driven;Dice Rolling;Events;Hand Management,226.0,Adventure,11009.0,1.0,0.6165754530113879,0.6539005521631407,0.7985957010349056
42131,War of the Ring,2.0,2.0,180.0,3.0769,7.37219,Fantasy;Miniatures;Novel-based;Wargame,Dice Rolling;Line of Sight;Measurement Movement,9995.0,Fantasy,137.0,0.0,0.5041266174373653,0.9622798175278641,0.4775860369930459
452041,War of the Ring,2.0,2.0,120.0,,,Fantasy;Wargame,Action / Event;Campaign / Battle Card Driven;Dice Rolling;Hexagon Grid,,Fantasy,0.0,0.0,0.6165754530113879,0.5,
60153,War of the Ring Collector's Edition,2.0,4.0,180.0,3.959,8.71903,Adventure;Dice;Fantasy;Miniatures;Novel-based;Territory Building;Wargame,Area Majority / Influence;Area Movement;Campaign / Battle Card Driven;Dice Rolling;Hand Management,,Adventure,1113.0,1.0,0.5041266174373653,0.6190928608628609,0.7926196456600453
115746,War of the Ring: Second Edition,2.0,4.0,240.0,4.2326,8.55267,Fantasy;Fighting;Novel-based;Territory Building;Wargame,Area Majority / Influence;Area Movement;Campaign / Battle Card Driven;Card Play Conflict Resolution;Dice Rolling;Events;Hand Management;Movement Points;Team-Based Game;Variable Player Powers;Variable Set-up,8.0,Fantasy,25550.0,1.0,0.43688828010671776,0.5399385187890707,0.7591821097791577
362944,War of the Ring: The Card Game,2.0,4.0,120.0,2.9755,7.5933,Card Game;Fantasy;Novel-based,Campaign / Battle Card Driven;Card Play Conflict Resolution;Hand Management;Team-Based Game,688.0,Card Game,5011.0,1.0,0.6165754530113879,0.9878247258083831,0.8607125357639542
4195,War of the Ring: The Game of Middle Earth,2.0,4.0,180.0,3.75,6.1,Bluffing;Fantasy;Negotiation;Novel-based;Political;Wargame,Area Movement;Player Elimination;Simultaneous Action Selection,,Bluffing,20.0,1.0,0.5041266174373653,0.6872892787909722,0.7407831792456675
249594,War of the Rings,2.0,6.0,360.0,,6.5,Bluffing;Fantasy;Negotiation;Political;Wargame,Area Majority / Influence;Area Movement;Player Elimination;Simultaneous Action Selection,,Bluffing,2.0,1.0,0.35696473595396155,0.5,0.6838929471907923
220308,Gaia Project,1.0,4.0,150.0,4.4035,8.34657,Civilization;Economic;Science Fiction;Space Exploration;Territory Building,End Game Bonuses;Hexagon Grid;Income;Modular Board;Network and Route Building;Solo / Solitaire Game;Tags;Tech Trees / Tech Tracks;Turn Order: Pass Order;Variable Player Powers;Variable Set-up;Victory Points as a Resource,13.0,Civilization,31806.0,1.0,0.5519381863844937,0.49571703946265044,0.7681952951694287
400875,Project GAIA,2.0,6.0,120.0,3.0,4.5,Adventure;Environmental;Science Fiction;Space Exploration,Dice Rolling;Movement Points;Semi-Cooperative Game;Take That,,Adventure,16.0,1.0,0.6165754530113879,1.0,0.7858150906022776
177736,A Feast for Odin,1.0,4.0,120.0,3.8679,8.16038,Animals;Farming;Industry / Manufacturing;Medieval;Puzzle,Action Points;Automatic Resource Growth;Dice Rolling;Enclosure;Grid Coverage;Hand Management;Income;Layering;Pattern Recognition;Push Your Luck;Solo / Solitaire Game;Square Grid;Tile Placement;Turn Order: Pass Order;Worker Placement,26.0,Animals,34115.0,1.0,0.6165754530113879,0.6479446519080286,0.8069135209838834
173894,Eldorado: La grande corsa all'oro,2.0,4.0,,1.0,6.5,American West,Roll / Spin and Move,,American West,2.0,1.0,0.5,0.36787944117144233,0.6860758882342884
93,El Grande,2.0,5.0,120.0,2.9308,7.77227,Medieval,Action Drafting;Area Majority / Influence;Auction / Bidding;Hand Management;Open Drafting;Selection Order Bid;Simultaneous Action Selection;Take That;Turn Order: Auction,100.0,Medieval,33586.0,1.0,0.6165754530113879,0.9659917356828036,0.8608201877388383
301201,El Grande & Carcassonne,2.0,5.0,120.0,2.0,7.9,Medieval,Area Majority / Influence,,Medieval,5.0,1.0,0.6165754530113879,0.6065306597126334,0.7921212225448042
171908,El Grande Big Box,2.0,5.0,90.0,2.8,8.1842,Renaissance,Area Majority / Influence;Area Movement;Auction / Bidding;Hand Management;Memory;Open Drafting;Simultaneous Action Selection,,Renaissance,3610.0,1.0,0.7109813678954644,0.9048374180359595,0.8777687571862849
147170,El Grande: Decennial Edition,2.0,5.0,90.0,2.9487,8.31451,Medieval;Political,Area Majority / Influence;Auction / Bidding;Auction: Multiple Lot;Hand Management;Secret Unit Deployment;Simultaneous Action Selection;Turn Order: Auction;Variable Phase Order;Variable Player Powers,,Medieval,1069.0,1.0,0.7109813678954644,0.9746761665750997,0.8949942568941128
166371,El Luchador Fantastico Grande,2.0,4.0,45.0,1.0,5.67439,Fighting;Sports,Dice Rolling;Player Elimination;Take That,26833.0,Fighting,38.0,1.0,1.0,0.36787944117144233,0.7654356382342886
175914,Food Chain Magnate,2.0,5.0,240.0,4.183,8.03448,Economic;Industry / Manufacturing,Delayed Purchase;Income;Market;Modular Board;Open Drafting;Simultaneous Action Selection;Tech Trees / Tech Tracks;Victory Points as a Resource,51.0,Economic,23551.0,1.0,0.43688828010671776,0.5534964171139084,0.7489389394441252
434027,Food Chain Magnate: Deluxe Edition,2.0,6.0,240.0,4.0,8.72819,Economic;Industry / Manufacturing,"Deck, Bag, and Pool Building;Delayed Purchase;Income;Market;Modular Board;Network and Route Building;Open Drafting;Simultaneous Action Selection;Victory Points as a Resource",,Economic,365.0,1.0,0.43688828010671776,0.6065306597126334,0.7768885379638701
20605,100 Other Games to Play on a Chessboard,2.0,2.0,,3.0,7.4,Abstract Strategy;Book;Puzzle,Grid Movement,,Abstract Strategy,10.0,0.0,0.5,1.0,0.48500000000000004
56581,3 Dimensional Chess,2.0,2.0,,,5.0,Abstract Strategy,Grid Movement,,Abstract Strategy,1.0,0.0,0.5,0.5,0.325
34848,Raumschach,2.0,2.0,,4.3333,7.6,Abstract Strategy,Grid Movement;Once-Per-Game Abilities;Pattern Movement;Square Grid;Static Capture;Three Dimensional Movement,,Abstract Strategy,10.0,0.0,0.5,0.5134256760558842,0.3926851352111769
27339,3 Man Chess,3.0,3.0,60.0,3.3333,6.49394,Abstract Strategy,Grid Movement;Team-Based Game,20903.0,Abstract Strategy,66.0,0.5,0.8683883697146904,0.8464958330369299,0.680325340550324
3499,3-D Chess,2.0,2.0,90.0,4.0714,5.92443,Abstract Strategy;Movies / TV / Radio theme,Grid Movement,23629.0,Abstract Strategy,131.0,0.0,0.7109813678954644,0.5852594650971937,0.4073589165985317
317984,3D XYZ Chess,2.0,2.0,400.0,3.0,,Abstract Strategy,Grid Movement,,Abstract Strategy,0.0,0.0,0.3386933966843847,1.0,
161318,3Dimensional Chess,2.0,2.0,120.0,,,Abstract Strategy,Grid Movement,,Abstract Strategy,0.0,0.0,0.6165754530113879,0.5,
154930,3rd Millennium Chess,2.0,2.0,,,8.0,Abstract Strategy,Grid Movement,,Abstract Strategy,1.0,0.0,0.5,0.5,0.4
2173,4 Player Chess,2.0,4.0,45.0,2.8919,5.96264,Abstract Strategy;Children's Game,Grid Movement;Player Elimination;Square Grid;Static Capture,12509.0,Abstract Strategy,508.0,1.0,1.0,0.9473847360807437,0.8885429472161488
441851,Abstract Chess,2.0,2.0,,,7.0,Abstract Strategy,Square Grid;Stacking and Balancing;Static Capture,,Abstract Strategy,1.0,0.0,0.5,0.5,0.375
333508,American Catur,2.0,4.0,60.0,3.0,4.25,Ancient;Children's Game;Dice;Educational;Sports;Wargame,Area Movement;Dice Rolling;Grid Coverage;Grid Movement;Memory;Square Grid,,Ancient,4.0,1.0,0.8683883697146904,1.0,0.829927673942938
134603,Alice Chess,2.0,2.0,60.0,3.0,7.225,Abstract Strategy,Grid Movement,,Abstract Strategy,20.0,0.0,0.8683883697146904,1.0,0.5543026739429381
34948,All Queens Chess,2.0,2.0,10.0,1.2857,5.89882,Abstract Strategy;Animals;Children's Game;Humor,Pattern Building;Pattern Recognition,21033.0,Abstract Strategy,141.0,0.0,0.4890096469218258,0.4243698144531638,0.3301463922749979
141091,American Chess,2.0,2.0,,3.0,5.0,Abstract Strategy,Player Elimination,,Abstract Strategy,1.0,0.0,0.5,1.0,0.42500000000000004
329933,Anachrony Chess,2.0,2.0,60.0,,7.93333,Abstract Strategy;Miniatures,,,Abstract Strategy,12.0,0.0,0.8683883697146904,0.5,0.4720109239429381
153759,Angel Chess,2.0,2.0,,3.0,7.0,Abstract Strategy,Grid Movement,,Abstract Strategy,3.0,0.0,0.5,1.0,0.47500000000000003
4031,Jungle,2.0,2.0,20.0,1.75,5.95831,Abstract Strategy;Animals;Children's Game,Grid Movement;Rock-Paper-Scissors;Square Grid;Static Capture,14694.0,Abstract Strategy,384.0,0.0,0.6756639246921762,0.5352614285189903,0.3911428206422333
80996,Anti-King Chess,2.0,2.0,45.0,2.5,5.5,Abstract Strategy,Grid Movement,,Abstract Strategy,2.0,0.0,1.0,0.7788007830714049,0.493260156614281
368744,Arms Race Chess,2.0,2.0,60.0,,5.5,Abstract Strategy,Grid Movement;Pattern Movement;Square Grid;Static Capture,,Abstract Strategy,1.0,0.0,0.8683883697146904,0.5,0.4111776739429381
113551,ASEAN-Chess,2.0,2.0,60.0,3.0,5.0,Abstract Strategy,Grid Movement,,Abstract Strategy,2.0,0.0,0.8683883697146904,1.0,0.4986776739429381
2393,Xiangqi,2.0,2.0,60.0,3.5488,7.08739,Abstract Strategy,Grid Movement;Pattern Movement;Square Grid;Static Capture;Sudden Death Ending,2289.0,Abstract Strategy,2279.0,0.0,0.8683883697146904,0.7600280032492344,0.502868024592785
13646,Zodiac,7.0,7.0,,1.0,7.5,Abstract Strategy;Dice;Medieval,Roll / Spin and Move,,Abstract Strategy,2.0,0.0,0.5,0.36787944117144233,0.3610758882342885
252971,Konkvest,2.0,2.0,600.0,,,Abstract Strategy;Territory Building,Area Majority / Influence;Grid Movement;Variable Player Powers,,Abstract Strategy,0.0,0.0,0.27665701056995495,0.5,
240836,Atomic Chess,2.0,2.0,,2.6667,6.50882,Abstract Strategy,Grid Movement,22463.0,Abstract Strategy,34.0,0.0,0.5,0.8464958330369299,0.43201966660738594
168536,Ball's Chess,2.0,2.0,40.0,3.0,5.0,Abstract Strategy,Point to Point Movement,,Abstract Strategy,1.0,0.0,0.9440891630699333,1.0,0.5138178326139866
342997,Ostsee-Schach,2.0,2.0,30.0,1.5,7.28912,Abstract Strategy;Animals,Grid Movement;Slide / Push;Square Grid;Static Capture;Three Dimensional Movement;Tile Placement,,Abstract Strategy,19.0,0.0,0.8209220690651828,0.4723665527410147,0.4408857243612395
25343,Ultima,2.0,2.0,30.0,3.5,7.11111,Abstract Strategy,Grid Movement,,Abstract Strategy,18.0,0.0,0.8209220690651828,0.7788007830714049,0.4977223204273176
436247,Basketball Chess,2.0,2.0,,,,Dice;Sports,Dice Rolling;Moving Multiple Units;Square Grid,,Dice,0.0,0.0,0.5,0.5,
34919,Beyond Chess,2.0,2.0,60.0,3.0,8.125,Abstract Strategy,,,Abstract Strategy,12.0,0.0,0.8683883697146904,1.0,0.5768026739429382
237194,Big Horse Chess,2.0,2.0,,,,Abstract Strategy,Grid Movement;Pattern Building,,Abstract Strategy,0.0,0.0,0.5,0.5,
2719,Connect Four,2.0,2.0,10.0,1.1772,5.03116,Abstract Strategy;Children's Game,Pattern Building,31265.0,Abstract Strategy,10699.0,0.0,0.4890096469218258,0.4019610844097051,0.3039731462663062
131962,Bird's Chess,2.0,2.0,,3.0,5.49833,Abstract Strategy,Grid Movement,,Abstract Strategy,6.0,0.0,0.5,1.0,0.43745825000000005
310957,SlingPuck,2.0,2.0,,1.0,5.87399,Action / Dexterity;Sports,Flicking;Real-Time;Simultaneous Action Selection,23416.0,Action / Dexterity,99.0,0.0,0.5,0.36787944117144233,0.3204256382342885
19309,Brandubh: Celtic Royal Chess,2.0,2.0,30.0,,5.0,Abstract Strategy;Ancient,,,Abstract Strategy,4.0,0.0,0.8209220690651828,0.5,0.3891844138130366
402081,Caïssa Britannia,2.0,2.0,,,,Abstract Strategy,Grid Movement,,Abstract Strategy,0.0,0.0,0.5,0.5,
23361,BS Chess (Bluffing Style Chess),2.0,2.0,10.0,,5.6,Abstract Strategy;Bluffing,Acting;Grid Movement;Secret Unit Deployment,,Abstract Strategy,2.0,0.0,0.4890096469218258,0.5,0.33780192938436515
32,Buffalo Chess,2.0,2.0,30.0,1.5333,6.07524,Abstract Strategy;American West;Children's Game,Grid Movement;Variable Player Powers,10562.0,Abstract Strategy,451.0,0.0,0.8209220690651828,0.4802972960681566,0.4121248730266679
14188,Bughouse Chess,4.0,4.0,10.0,2.7805,7.35048,Abstract Strategy,Grid Movement;Real-Time;Team-Based Game,5633.0,Abstract Strategy,376.0,1.0,0.4890096469218258,0.8960581218275021,0.8107755537498655
60674,Dan Qi,2.0,2.0,,,,Action / Dexterity;Religious,,,Action / Dexterity,0.0,0.0,0.5,0.5,
5376,Sittuyin,2.0,2.0,60.0,3.3333,6.78889,Abstract Strategy,Grid Movement,,Abstract Strategy,18.0,0.0,0.8683883697146904,0.8464958330369299,0.5126990905503241
21264,Byzantine Chess,2.0,2.0,60.0,3.0,6.07895,Abstract Strategy,Grid Movement,,Abstract Strategy,19.0,0.0,0.8683883697146904,1.0,0.5256514239429381
33700,C'escacs hexagonal chess,2.0,2.0,120.0,4.0,7.5,Abstract Strategy;Expansion for Base-game,Point to Point Movement,,Abstract Strategy,2.0,0.0,0.6165754530113879,0.6065306597126334,0.4321212225448043
5374,Ouk Chatrang,2.0,2.0,120.0,3.0,6.33333,Abstract Strategy,Grid Movement,,Abstract Strategy,9.0,0.0,0.6165754530113879,1.0,0.48164834060227757
35575,Capablanca Chess,2.0,2.0,,4.0,5.83333,Abstract Strategy,Grid Movement,,Abstract Strategy,18.0,0.0,0.5,0.6065306597126334,0.3671393819425267
19062,CardChess,2.0,4.0,,2.3333,5.10162,Abstract Strategy,Grid Movement;Memory,28220.0,Abstract Strategy,37.0,1.0,0.5,0.7165193684847974,0.7208443736969594
96628,Miscellaneous Game Compilation,,,,1.3889,5.49776,Abstract Strategy;Ancient;Card Game;Children's Game;Dice;Math;Party Game;Racing;Wargame,Bingo;Connections;Dice Rolling;Grid Movement;Once-Per-Game Abilities;Pattern Movement;Race;Roll / Spin and Move;Square Grid;Static Capture,,Abstract Strategy,364.0,0.0,0.5,0.44684209580940204,0.3268124191618804
351126,Carolus Variant Chess,2.0,2.0,60.0,,,Abstract Strategy;Print & Play;Wargame,Grid Movement;Zone of Control,,Abstract Strategy,0.0,0.0,0.8683883697146904,0.5,
73699,Carrera's chess,2.0,2.0,60.0,3.0,4.92857,Abstract Strategy,Grid Movement,,Abstract Strategy,7.0,0.0,0.8683883697146904,1.0,0.49689192394293813
296158,Castle Chess,2.0,2.0,60.0,,10.0,Medieval;Wargame,Player Elimination,,Medieval,1.0,0.0,0.8683883697146904,0.5,0.5236776739429381
254390,Castle Siege Chess,2.0,2.0,90.0,,7.0,Abstract Strategy,Grid Movement,,Abstract Strategy,5.0,0.0,0.7109813678954644,0.5,0.4171962735790929
158710,Cat Chess,2.0,3.0,15.0,,7.93333,Abstract Strategy;Animals;Print & Play,Grid Movement,,Abstract Strategy,3.0,0.5,0.5897678246195884,0.5,0.5912868149239177
165025,Cathedr'l: Fantasy Role Playing Chess,2.0,2.0,90.0,,9.5,Book;Dice;Fantasy;Miniatures;Wargame,Dice Rolling;Grid Movement;Paper-and-Pencil;Role Playing,,Book,2.0,0.0,0.7109813678954644,0.5,0.4796962735790929
33684,Fidhchell,2.0,2.0,20.0,3.0,6.65909,Abstract Strategy;Ancient;Medieval,Point to Point Movement,,Abstract Strategy,22.0,0.0,0.6756639246921762,1.0,0.5016100349384353
25542,Centre Chess,2.0,2.0,,,8.0,Abstract Strategy,Grid Movement,,Abstract Strategy,1.0,0.0,0.5,0.5,0.4
36145,Champion Chess,2.0,2.0,,3.0,6.5,Card Game,Grid Movement;Open Drafting;Secret Unit Deployment;Simultaneous Action Selection,,Card Game,2.0,0.0,0.5,1.0,0.4625
6252,Chaos Chess,2.0,2.0,90.0,2.0,5.57143,Abstract Strategy;Humor,Grid Movement;Hand Management;Line Drawing,,Abstract Strategy,21.0,0.0,0.7109813678954644,0.6065306597126334,0.4027881555216196
107551,Шахматы Хаоса,2.0,2.0,60.0,,6.75,Abstract Strategy;Card Game,Campaign / Battle Card Driven;Grid Movement,,Abstract Strategy,4.0,0.0,0.8683883697146904,0.5,0.4424276739429381
394273,Chaos Chess (Second Edition): Medieval Madness,2.0,4.0,60.0,,,Abstract Strategy;Card Game;Fantasy;Humor;Science Fiction,Command Cards;Grid Movement;Once-Per-Game Abilities;Pattern Movement;Square Grid,,Abstract Strategy,0.0,1.0,0.8683883697146904,0.5,
404910,Chase Chess,2.0,2.0,60.0,,,Abstract Strategy;Maze;Print & Play;Territory Building,Action Retrieval;Area Movement;Chaining;Connections;Enclosure;Grid Coverage;Grid Movement;Move Through Deck;Pattern Movement;Pieces as Map;Point to Point Movement;Square Grid;Tile Placement;Zone of Control,,Abstract Strategy,0.0,0.0,0.8683883697146904,0.5,
171,Chess,2.0,2.0,,3.6418,7.24193,Abstract Strategy,Grid Movement;Once-Per-Game Abilities;Pattern Movement;Square Grid;Static Capture;Sudden Death Ending,463.0,Abstract Strategy,41025.0,0.0,0.5,0.7254957969424773,0.4261474093884955
468293,Chess & Balance,2.0,2.0,120.0,,,Abstract Strategy;Card Game,Area Majority / Influence;Hand Management;Variable Player Powers,,Abstract Strategy,0.0,0.0,0.6165754530113879,0.5,
133418,Chess 2000,2.0,2.0,90.0,,,Abstract Strategy,,,Abstract Strategy,0.0,0.0,0.7109813678954644,0.5,
85165,Chess 2: The Sequel,2.0,2.0,30.0,3.3333,7.14327,Abstract Strategy,Auction / Bidding;Grid Movement;Variable Player Powers,18567.0,Abstract Strategy,52.0,0.0,0.8209220690651828,0.8464958330369299,0.5120653304204226
425444,Chess 2vs2: Faceoff & Surrounded,2.0,4.0,30.0,,7.0,Abstract Strategy;Children's Game;Modern Warfare,Grid Movement;Moving Multiple Units;Pattern Movement;Team-Based Game,,Abstract Strategy,2.0,1.0,0.8209220690651828,0.5,0.7891844138130366
400821,Chess 90 Degrees,2.0,2.0,60.0,2.0,7.66667,Abstract Strategy,Grid Movement;Moving Multiple Units;Pattern Movement;Sudden Death Ending,,Abstract Strategy,6.0,0.0,0.8683883697146904,0.6065306597126334,0.4866505558854648
318421,Chess But Way Cooler,2.0,2.0,60.0,,,Expansion for Base-game;Abstract Strategy;Card Game;Puzzle;Sports,Action / Event;Command Cards,,Expansion for Base-game,0.0,0.0,0.8683883697146904,0.5,
13042,Chex,2.0,2.0,20.0,2.6667,6.47308,Abstract Strategy,Grid Movement;Pieces as Map;Tile Placement,,Abstract Strategy,26.0,0.0,0.6756639246921762,0.8464958330369299,0.46625895154582125
400818,Chess Diamond,2.0,2.0,30.0,,8.66667,Abstract Strategy,Grid Movement;Moving Multiple Units;Pattern Movement;Sudden Death Ending,,Abstract Strategy,3.0,0.0,0.8209220690651828,0.5,0.4808511638130366
103525,Chess Dungeon,2.0,,,3.0,5.66667,Card Game;Collectible Components;Educational;Maze;Political;Puzzle;Territory Building;Wargame,Area Majority / Influence;Grid Movement;Modular Board;Tile Placement;Trading;Variable Player Powers,,Card Game,3.0,0.0,0.5,1.0,0.44166675000000005
5872,Chess Empire,1.0,4.0,45.0,3.0,5.89444,Abstract Strategy,Grid Movement;Team-Based Game,,Abstract Strategy,18.0,1.0,1.0,1.0,0.8973610000000001
34456,Chess for Juniors,2.0,2.0,60.0,,5.95,Abstract Strategy;Children's Game,Grid Movement,,Abstract Strategy,5.0,0.0,0.8683883697146904,0.5,0.42242767394293806
3005,Chess for Three,3.0,3.0,45.0,2.8333,5.94811,Abstract Strategy,Grid Movement,23210.0,Abstract Strategy,106.0,0.5,1.0,0.9200290806835293,0.7077085661367059
469284,Chess Grand Prix,2.0,4.0,40.0,,10.0,Children's Game,Action Timer;Command Cards;Dice Rolling;End Game Bonuses;Movement Points;Point to Point Movement,,Children's Game,2.0,1.0,0.9440891630699333,0.5,0.8888178326139866
248102,Chess II,2.0,2.0,120.0,,3.0,Science Fiction,,,Science Fiction,1.0,0.0,0.6165754530113879,0.5,0.2983150906022776
17686,Chess In The Third Dimension,2.0,2.0,,,6.21875,Abstract Strategy,Grid Movement,,Abstract Strategy,8.0,0.0,0.5,0.5,0.35546875
425218,Chess Infinitum,2.0,2.0,,,,Abstract Strategy,Grid Movement;Once-Per-Game Abilities;Pattern Movement;Square Grid;Static Capture;Sudden Death Ending,,Abstract Strategy,0.0,0.0,0.5,0.5,
447728,Chess Joker,2.0,2.0,60.0,2.5,7.034,Abstract Strategy;Card Game,Enclosure;Events,16240.0,Abstract Strategy,50.0,0.0,0.8683883697146904,0.7788007830714049,0.505287830557219
141375,Chess King,1.0,2.0,30.0,,5.5,Abstract Strategy;Children's Game;Party Game;Puzzle,Grid Movement;Pattern Movement;Race;Square Grid,,Abstract Strategy,2.0,0.0,0.8209220690651828,0.5,0.4016844138130366
288667,Chess Kingdom Knight & Dragon,2.0,4.0,25.0,,,Children's Game;Fantasy;Medieval,Dice Rolling;Memory,,Children's Game,0.0,1.0,0.7518094115561123,0.5,
103752,Schachen,2.0,2.0,30.0,2.2222,7.03521,Abstract Strategy,Grid Movement;Hand Management;Tile Placement,14310.0,Abstract Strategy,71.0,0.0,0.8209220690651828,0.6778020468297569,0.475625073178988
357396,Chess more than a game!,2.0,8.0,45.0,,,Children's Game;Trivia,Roll / Spin and Move,,Children's Game,0.0,1.0,1.0,0.5,
19685,Chess Mutation,2.0,2.0,40.0,,,Abstract Strategy,Grid Movement,,Abstract Strategy,0.0,0.0,0.9440891630699333,0.5,
17691,Djambi,3.0,4.0,60.0,2.5714,6.57763,Abstract Strategy;Negotiation;Political,Grid Movement;Pattern Movement;Square Grid;Static Capture,15695.0,Abstract Strategy,93.0,1.0,0.8683883697146904,0.8071062168342192,0.8495396673097819
289230,Chess of Qin Style,2.0,2.0,40.0,3.0,7.26154,Abstract Strategy,Area Movement,,Abstract Strategy,13.0,0.0,0.9440891630699333,1.0,0.5703563326139867
393882,Chess on a really big board,2.0,2.0,,,10.0,Abstract Strategy,Grid Movement;Once-Per-Game Abilities;Pattern Movement;Square Grid;Static Capture;Sudden Death Ending,,Abstract Strategy,1.0,0.0,0.5,0.5,0.45
21413,Chess on the Loose,2.0,2.0,45.0,2.6667,6.35,Abstract Strategy,Grid Movement,,Abstract Strategy,21.0,0.0,1.0,0.8464958330369299,0.528049166607386
361805,Chess Openings: Essential Pack,1.0,5.0,30.0,2.0,7.8,Memory,Matching;Memory,,Memory,5.0,1.0,0.8209220690651828,0.6065306597126334,0.8304905457555634
11422,Schach Plus,2.0,2.0,,3.3333,6.82857,Abstract Strategy,Grid Movement;Modular Board;Square Grid,,Abstract Strategy,14.0,0.0,0.5,0.8464958330369299,0.44001341660738597
4431,Chess Race,2.0,4.0,45.0,1.2857,5.49375,Abstract Strategy,Roll / Spin and Move,26621.0,Abstract Strategy,40.0,1.0,1.0,0.4243698144531638,0.7722177128906328
429657,Chess Rivals,2.0,4.0,120.0,,,Action / Dexterity,Deck Construction;Move Through Deck;Movement Points;Tug of War,,Action / Dexterity,0.0,1.0,0.6165754530113879,0.5,
69092,Chezz Tactic Summoner Master,2.0,2.0,,1.3333,4.8,Dice;Fantasy;Fighting,Dice Rolling;Grid Movement;Modular Board,,Dice,5.0,0.0,0.5,0.4345909652639636,0.3069181930527927
411215,Chess Territorial,2.0,2.0,45.0,,6.0,Abstract Strategy;Territory Building,Connections;Square Grid,,Abstract Strategy,1.0,0.0,1.0,0.5,0.45000000000000007
274446,Chess Unbound,2.0,2.0,30.0,2.0,6.91071,Abstract Strategy,Modular Board,,Abstract Strategy,28.0,0.0,0.8209220690651828,0.6065306597126334,0.45825829575556326
18273,"Chess Variations  Ancient, Regional, and Modern",,,,,6.81818,Abstract Strategy;Ancient;Book;Medieval,Grid Movement,,Abstract Strategy,11.0,0.0,0.5,0.5,0.3704545
436476,"Chess-a-tete, Classic Edition",2.0,2.0,45.0,,8.66667,Card Game;Fighting;Medieval;Wargame,Card Play Conflict Resolution;Deck Construction;Hand Management;Take That;Variable Player Powers,,Card Game,12.0,0.0,1.0,0.5,0.5166667500000001
127701,Chess-kers,2.0,4.0,,,,Abstract Strategy,,,Abstract Strategy,0.0,1.0,0.5,0.5,
406382,Chess-à-Tête,2.0,2.0,45.0,2.0,6.40625,Abstract Strategy;Card Game;Memory,Deck Construction;Memory;Move Through Deck,,Abstract Strategy,16.0,0.0,1.0,0.6065306597126334,0.4814623819425267
146292,Chess4,2.0,2.0,10.0,,6.05,Abstract Strategy;Animals;Print & Play,Area Movement,,Abstract Strategy,15.0,0.0,0.4890096469218258,0.5,0.34905192938436513
12608,Chess960,2.0,2.0,180.0,3.3214,7.72706,Abstract Strategy,Grid Movement;Pattern Movement;Square Grid;Static Capture;Variable Set-up,7617.0,Abstract Strategy,201.0,0.0,0.5041266174373653,0.8515474970404575,0.46431132289556454
240272,Chessaga,2.0,4.0,,2.0,6.0,Abstract Strategy;Fantasy,Grid Movement;Player Elimination;Variable Player Powers,,Abstract Strategy,1.0,1.0,0.5,0.6065306597126334,0.7213061319425267
10739,Chessapeak Challenge Chess,2.0,4.0,45.0,,7.33333,Abstract Strategy;Memory,Grid Movement;Memory;Team-Based Game,,Abstract Strategy,3.0,1.0,1.0,0.5,0.83333325
69836,Chessapeak Porta-Checkers,2.0,4.0,,,,Abstract Strategy,Grid Movement;Team-Based Game,,Abstract Strategy,0.0,1.0,0.5,0.5,
29791,Chessboard Heroism,2.0,4.0,30.0,,,Fantasy,Modular Board;Role Playing,,Fantasy,0.0,1.0,0.8209220690651828,0.5,
426133,ChessBriscola card game,2.0,6.0,30.0,,10.0,Card Game,Hand Management;Team-Based Game;Trick-taking,,Card Game,1.0,1.0,0.8209220690651828,0.5,0.8641844138130366
199262,Chesscalation,2.0,2.0,60.0,2.0,8.4,Abstract Strategy;Print & Play,Grid Movement,,Abstract Strategy,10.0,0.0,0.8683883697146904,0.6065306597126334,0.5049838058854648
446927,Chesscode,1.0,1.0,20.0,,5.125,Abstract Strategy;Dice;Math;Print & Play;Puzzle;Spies / Secret Agents,Grid Movement;Map Reduction;Paper-and-Pencil;Solo / Solitaire Game,,Abstract Strategy,4.0,0.0,0.6756639246921762,0.5,0.36325778493843525
54124,ChessCraft,2.0,4.0,30.0,,,Abstract Strategy;Card Game;Print & Play,Grid Movement;Hand Management;Modular Board,,Abstract Strategy,0.0,1.0,0.8209220690651828,0.5,
131186,Chesseract,2.0,2.0,,,,Abstract Strategy,Grid Movement,,Abstract Strategy,0.0,0.0,0.5,0.5,
13626,Chessers,2.0,2.0,30.0,,6.14286,Abstract Strategy,Square Grid,,Abstract Strategy,7.0,0.0,0.8209220690651828,0.5,0.41775591381303656
445042,Chessetto,2.0,2.0,30.0,,10.0,Abstract Strategy;Card Game,Card Play Conflict Resolution;Grid Movement;Once-Per-Game Abilities;Pattern Movement;Square Grid;Static Capture;Sudden Death Ending,,Abstract Strategy,1.0,0.0,0.8209220690651828,0.5,0.5141844138130366
19054,Chessgammon,2.0,4.0,,,4.5,Abstract Strategy,Roll / Spin and Move,,Abstract Strategy,2.0,1.0,0.5,0.5,0.6625
94796,Chessgammon,2.0,2.0,60.0,2.0,4.0,Abstract Strategy;Dice,Dice Rolling;Roll / Spin and Move,,Abstract Strategy,1.0,0.0,0.8683883697146904,0.6065306597126334,0.3949838058854648
12932,ChessHeads,2.0,2.0,30.0,3.0,7.0,Abstract Strategy;Card Game;Collectible Components;Fantasy,Grid Movement,,Abstract Strategy,4.0,0.0,0.8209220690651828,1.0,0.5391844138130366
8767,Chessington,2.0,4.0,45.0,,5.66667,Abstract Strategy,Dice Rolling;Roll / Spin and Move,,Abstract Strategy,6.0,1.0,1.0,0.5,0.7916667500000001
31559,Chessling,2.0,2.0,,3.0,5.0,Abstract Strategy,Grid Movement,,Abstract Strategy,1.0,0.0,0.5,1.0,0.42500000000000004
1592,ChessMage: Deck of the Myriad Shards,2.0,2.0,45.0,,,Fantasy,,,Fantasy,0.0,0.0,1.0,0.5,
13423,Chessmate,2.0,6.0,30.0,,3.0,Abstract Strategy;Card Game,Grid Movement,,Abstract Strategy,1.0,1.0,0.8209220690651828,0.5,0.6891844138130365
308951,Chessnuts,4.0,4.0,,,,Abstract Strategy,Team-Based Game,,Abstract Strategy,0.0,1.0,0.5,0.5,
245598,Chessplus: Combine & Conquer,2.0,2.0,45.0,2.6667,7.33053,Abstract Strategy,Action Queue,13453.0,Abstract Strategy,71.0,0.0,1.0,0.8464958330369299,0.552562416607386
17583,ChessQuito,2.0,2.0,15.0,3.0,5.55,Abstract Strategy,Grid Movement,,Abstract Strategy,18.0,0.0,0.5897678246195884,1.0,0.45670356492391767
9412,Chesstique,2.0,6.0,45.0,3.0,6.4,Abstract Strategy,Grid Movement,,Abstract Strategy,5.0,1.0,1.0,1.0,0.91
21975,ChessWar,2.0,2.0,20.0,,6.66667,Fantasy;Wargame,Dice Rolling;Grid Movement;Secret Unit Deployment;Variable Player Powers,,Fantasy,3.0,0.0,0.6756639246921762,0.5,0.40179953493843523
17586,Chessword,2.0,2.0,,,4.6,Abstract Strategy;Word Game,Grid Movement;Square Grid,,Abstract Strategy,10.0,0.0,0.5,0.5,0.315
95767,Chessyball,2.0,2.0,,,10.0,Abstract Strategy,Point to Point Movement,,Abstract Strategy,1.0,0.0,0.5,0.5,0.45
61640,Chess³,3.0,3.0,90.0,,6.75,Abstract Strategy,Grid Movement,,Abstract Strategy,4.0,0.5,0.7109813678954644,0.5,0.5859462735790928
69363,Chess³,2.0,2.0,,4.0,6.625,Abstract Strategy,Grid Movement,,Abstract Strategy,12.0,0.0,0.5,0.6065306597126334,0.3869311319425267
70983,Chieftain Chess,2.0,8.0,45.0,4.0,6.0,Abstract Strategy;Wargame,Action Points;Grid Movement,,Abstract Strategy,2.0,1.0,1.0,0.6065306597126334,0.8213061319425268
8909,Lu Zhan Jun Qi,2.0,2.0,20.0,2.0909,6.15518,Bluffing;Deduction;Wargame,Point to Point Movement;Secret Unit Deployment,18277.0,Bluffing,168.0,0.0,0.6756639246921762,0.6347335337812984,0.4159589916946949
5162,Chinese Chess,2.0,2.0,20.0,2.75,6.14444,Abstract Strategy,Grid Movement,19142.0,Abstract Strategy,99.0,0.0,0.6756639246921762,0.8824969025845955,0.4652431654553543
301870,Chinese Travel Chess,2.0,4.0,30.0,,,Racing,Roll / Spin and Move,,Racing,0.0,1.0,0.8209220690651828,0.5,
247046,Chinese Zodiac chess,2.0,2.0,,,,Abstract Strategy,Point to Point Movement,,Abstract Strategy,0.0,0.0,0.5,0.5,
2386,Chinese Checkers,2.0,6.0,30.0,1.5819,5.22326,Abstract Strategy,Enclosure;Grid Movement;Point to Point Movement;Race;Team-Based Game,31231.0,Abstract Strategy,5572.0,1.0,0.8209220690651828,0.49211148137326777,0.7431882100876902
20493,Chipco Chess,2.0,2.0,45.0,,,American Civil War;Ancient;Fantasy;Medieval,Grid Movement,,American Civil War,0.0,0.0,1.0,0.5,
29740,Giog,2.0,4.0,10.0,,8.0,Card Game,Trick-taking,,Card Game,2.0,1.0,0.4890096469218258,0.5,0.7478019293843652
34855,Circular Chess,2.0,2.0,60.0,,,Abstract Strategy,Grid Movement,,Abstract Strategy,0.0,0.0,0.8683883697146904,0.5,
34856,Circular Chess,2.0,2.0,60.0,1.0,5.6625,Abstract Strategy,Grid Movement,,Abstract Strategy,8.0,0.0,0.8683883697146904,0.36787944117144233,0.38881606217722653
4656,The Classified Encyclopedia of Chess Variants,2.0,2.0,45.0,3.0,8.075,Abstract Strategy;Book,Grid Movement,,Abstract Strategy,28.0,0.0,1.0,1.0,0.6018749999999999
466935,Coalition Chess,4.0,4.0,,,,Abstract Strategy,Grid Movement;Player Elimination;Square Grid;Static Capture;Team-Based Game,,Abstract Strategy,0.0,1.0,0.5,0.5,
217977,Colour Chess + Lure,2.0,2.0,60.0,3.25,7.38953,Abstract Strategy,Area Majority / Influence;Grid Movement;Modular Board;Once-Per-Game Abilities;Pattern Movement;Square Grid;Sudden Death Ending;Tile Placement,16342.0,Abstract Strategy,43.0,0.0,0.8683883697146904,0.8824969025845955,0.5349153044598571
191203,Commander Chess,2.0,2.0,,,5.75532,Abstract Strategy;Wargame,Grid Movement,27614.0,Abstract Strategy,47.0,0.0,0.5,0.5,0.34388300000000005
21271,Commando Chess,2.0,2.0,30.0,3.0,4.25,Abstract Strategy;Fighting;Modern Warfare;Wargame,Grid Movement,,Abstract Strategy,4.0,0.0,0.8209220690651828,1.0,0.4704344138130366
107873,Corner Chess,2.0,4.0,,3.0,6.0,Abstract Strategy,Grid Movement,,Abstract Strategy,2.0,1.0,0.5,1.0,0.7999999999999999
21265,Courier Chess,2.0,2.0,60.0,4.0,5.67506,Abstract Strategy,Grid Movement,,Abstract Strategy,16.0,0.0,0.8683883697146904,0.6065306597126334,0.4368603058854648
477759,Covenant Chess,2.0,2.0,120.0,,,Abstract Strategy;Medieval;Religious,Grid Movement;Ordering;Spelling;Square Grid,,Abstract Strategy,0.0,0.0,0.6165754530113879,0.5,
96074,Crazyhouse,2.0,2.0,30.0,3.5714,6.95968,Abstract Strategy,Grid Movement,20351.0,Abstract Strategy,31.0,0.0,0.8209220690651828,0.7514880285418687,0.4884740195214103
22310,Crescendo Chess,2.0,2.0,240.0,3.0,5.0,Abstract Strategy,Grid Movement;Variable Player Powers,,Abstract Strategy,1.0,0.0,0.43688828010671776,1.0,0.4123776560213436
337216,Cronk Chess,2.0,2.0,,,6.0,Abstract Strategy,,,Abstract Strategy,1.0,0.0,0.5,0.5,0.35
123447,Cross Chess,2.0,2.0,,,7.995,Abstract Strategy,Grid Movement,,Abstract Strategy,2.0,0.0,0.5,0.5,0.399875
123820,Crown Chess,2.0,4.0,45.0,,,Abstract Strategy,,,Abstract Strategy,0.0,1.0,1.0,0.5,
358829,DaG Eight Chess (ダグエイトチェス),2.0,2.0,15.0,,,Abstract Strategy,Deduction;Grid Movement;Secret Unit Deployment;Square Grid;Static Capture,,Abstract Strategy,0.0,0.0,0.5897678246195884,0.5,
356929,Dead Man's Chess,2.0,4.0,90.0,,10.0,Abstract Strategy,Campaign / Battle Card Driven;Dice Rolling;Team-Based Game,,Abstract Strategy,1.0,1.0,0.7109813678954644,0.5,0.8421962735790929
18962,Diamond Chess,2.0,2.0,,3.0,5.5,Abstract Strategy,Grid Movement,,Abstract Strategy,4.0,0.0,0.5,1.0,0.43750000000000006
18419,Three Pips,2.0,2.0,20.0,,6.25,Abstract Strategy;Dice;Number;Print & Play,Pattern Building;Point to Point Movement;Roll / Spin and Move,,Abstract Strategy,6.0,0.0,0.6756639246921762,0.5,0.39138278493843526
475438,Dicey Chess,2.0,2.0,15.0,,,Abstract Strategy;Dice,Dice Rolling;Grid Movement;Square Grid,,Abstract Strategy,0.0,0.0,0.5897678246195884,0.5,
19258,Diner Chess,2.0,2.0,15.0,1.0,3.0,Deduction;Print & Play,,,Deduction,4.0,0.0,0.5897678246195884,0.36787944117144233,0.26652945315820614
6848,Dinosaur Chess,2.0,2.0,60.0,2.6667,7.26923,Abstract Strategy;Animals;Prehistoric,Dice Rolling;Modular Board,18230.0,Abstract Strategy,39.0,0.0,0.8683883697146904,0.8464958330369299,0.524707590550324
356540,Diplomat Chess,2.0,2.0,60.0,,,Abstract Strategy,Grid Movement,,Abstract Strategy,0.0,0.0,0.8683883697146904,0.5,
38003,Dipole Chess,2.0,2.0,30.0,3.0,5.5,Abstract Strategy,Grid Movement,,Abstract Strategy,4.0,0.0,0.8209220690651828,1.0,0.5016844138130365
12301,Doubles Chess,2.0,4.0,120.0,4.0,6.22222,Abstract Strategy,Grid Movement,,Abstract Strategy,18.0,1.0,0.6165754530113879,0.6065306597126334,0.7501767225448042
39494,DracoKrak Chess,2.0,4.0,20.0,,6.0,Abstract Strategy;Fantasy;Wargame,Grid Movement,,Abstract Strategy,1.0,1.0,0.6756639246921762,0.5,0.7351327849384353
23724,Dragon Chess,2.0,2.0,30.0,,7.21667,Abstract Strategy;Fantasy,Grid Movement;Square Grid,19873.0,Abstract Strategy,30.0,0.0,0.8209220690651828,0.5,0.4446011638130366
411145,Dragon Chess,,,,2.0,6.0,Children's Game,Square Grid,,Children's Game,1.0,0.0,0.5,0.6065306597126334,0.3713061319425267
12776,Dragonchess,2.0,2.0,75.0,3.3333,6.31929,Abstract Strategy,Grid Movement,21636.0,Abstract Strategy,42.0,0.0,0.7779866052154991,0.8464958330369299,0.48287873765048583
146763,Dragon Chess: Arcane Battles,2.0,4.0,45.0,,10.0,Abstract Strategy;Dice;Fantasy;Medieval;Mythology;Wargame,Dice Rolling;Point to Point Movement;Rock-Paper-Scissors,,Abstract Strategy,1.0,1.0,1.0,0.5,0.9
35577,Duke of Rutland's Chess,2.0,2.0,90.0,,8.5,Abstract Strategy,Grid Movement,,Abstract Strategy,4.0,0.0,0.7109813678954644,0.5,0.4546962735790929
124123,Dukes Chess,2.0,2.0,,,4.5,Abstract Strategy,Grid Movement,,Abstract Strategy,2.0,0.0,0.5,0.5,0.3125
170976,Dunsany's Chess,2.0,2.0,20.0,,6.15833,Abstract Strategy,Grid Movement,,Abstract Strategy,6.0,0.0,0.6756639246921762,0.5,0.3890910349384353
426561,Dynamic Circular Chess,2.0,2.0,10.0,,,Abstract Strategy,Grid Movement,,Abstract Strategy,0.0,0.0,0.4890096469218258,0.5,
32914,East vs. West (Chess),2.0,2.0,60.0,,4.0,Abstract Strategy;Civilization,Grid Movement,,Abstract Strategy,1.0,0.0,0.8683883697146904,0.5,0.37367767394293805
124456,Economy Chess,2.0,2.0,60.0,3.0,7.0,Abstract Strategy;Print & Play,Grid Movement,,Abstract Strategy,2.0,0.0,0.8683883697146904,1.0,0.5486776739429381
37753,Egg Chess,2.0,2.0,,,5.5,Abstract Strategy,Set Collection,,Abstract Strategy,2.0,0.0,0.5,0.5,0.3375
25913,Elemental Chess,2.0,2.0,30.0,2.0,5.4,Abstract Strategy;Fantasy,Campaign / Battle Card Driven;Grid Movement;Memory,,Abstract Strategy,15.0,0.0,0.8209220690651828,0.6065306597126334,0.42049054575556327
36087,Elemental Chess,2.0,2.0,,,8.0,Abstract Strategy,Grid Movement,,Abstract Strategy,1.0,0.0,0.5,0.5,0.4
153791,En Prise Chess Cards,2.0,4.0,20.0,,8.0,Card Game,Cooperative Game;Grid Movement;Memory;Modular Board;Player Elimination;Tile Placement,,Card Game,1.0,1.0,0.6756639246921762,0.5,0.7851327849384353
128272,Enochian Chess,1.0,4.0,45.0,2.5,7.66667,Abstract Strategy;Mythology,Grid Movement;Team-Based Game,,Abstract Strategy,3.0,1.0,1.0,0.7788007830714049,0.897426906614281
451436,Epic Battle Chess,2.0,2.0,120.0,,,Abstract Strategy;Deduction;Medieval,Hexagon Grid;Hidden Movement;Movement Points;Moving Multiple Units;Once-Per-Game Abilities;Zone of Control,,Abstract Strategy,0.0,0.0,0.6165754530113879,0.5,
36660,Eurasian Chess,2.0,2.0,45.0,,5.66667,Abstract Strategy,Grid Movement,,Abstract Strategy,3.0,0.0,1.0,0.5,0.44166675000000005
2500,Express Chess,2.0,2.0,,1.0,4.74037,Abstract Strategy;Card Game,Grid Movement,,Abstract Strategy,27.0,0.0,0.5,0.36787944117144233,0.2920851382342885
292103,Faerie Chess,2.0,2.0,60.0,,7.08889,Abstract Strategy,Grid Movement;Pattern Movement;Square Grid;Static Capture,,Abstract Strategy,18.0,0.0,0.8683883697146904,0.5,0.4508999239429381
60305,Fantasy Chess,2.0,2.0,30.0,,6.06667,Abstract Strategy;Fantasy,Grid Movement,,Abstract Strategy,3.0,0.0,0.8209220690651828,0.5,0.4158511638130366
72282,Fantasy Chess,2.0,4.0,40.0,3.3333,4.5,Abstract Strategy;Wargame,Dice Rolling;Grid Movement,,Abstract Strategy,2.0,1.0,0.9440891630699333,0.8464958330369299,0.8206169992213727
223822,Fantasy Chesslords,2.0,2.0,90.0,,7.82308,Abstract Strategy;Card Game;Fantasy;Wargame,Grid Movement;Hand Management,,Abstract Strategy,13.0,0.0,0.7109813678954644,0.5,0.4377732735790929
22625,Gala,2.0,2.0,60.0,,6.875,Abstract Strategy,Grid Movement;Square Grid;Static Capture,,Abstract Strategy,4.0,0.0,0.8683883697146904,0.5,0.44555267394293807
24291,Fidchell: Celtic Chess,2.0,2.0,30.0,1.0,7.29,Abstract Strategy;Ancient,Line Drawing;Point to Point Movement,,Abstract Strategy,20.0,0.0,0.8209220690651828,0.36787944117144233,0.42001030204732503
33275,FIFA World Cup Chess,2.0,2.0,30.0,,,Abstract Strategy;Sports,Grid Movement,,Abstract Strategy,0.0,0.0,0.8209220690651828,0.5,
436755,Flip Chess,1.0,2.0,15.0,,,Abstract Strategy,Different Dice Movement;Square Grid,,Abstract Strategy,0.0,0.0,0.5897678246195884,0.5,
464929,Flip Chess,2.0,4.0,30.0,,8.41667,Abstract Strategy;Card Game,Area Majority / Influence;Grid Movement;Square Grid,,Abstract Strategy,6.0,1.0,0.8209220690651828,0.5,0.8246011638130366
14538,Fei Xing Qi,2.0,4.0,90.0,1.5,4.59762,Dice;Racing,Dice Rolling;Roll / Spin and Move,30813.0,Dice,126.0,1.0,0.7109813678954644,0.4723665527410147,0.7016100841272959
135218,Formations Chess,2.0,2.0,30.0,,,Abstract Strategy,,,Abstract Strategy,0.0,0.0,0.8209220690651828,0.5,
21270,Fortress Chess,4.0,4.0,60.0,,7.5,Abstract Strategy,Grid Movement,,Abstract Strategy,4.0,1.0,0.8683883697146904,0.5,0.811177673942938
104556,Four Seasons Chess,4.0,4.0,,,5.8,Abstract Strategy,Grid Movement,,Abstract Strategy,5.0,1.0,0.5,0.5,0.695
284634,Frog Chess,2.0,3.0,15.0,1.0,7.46667,Abstract Strategy;Animals,Pattern Recognition;Point to Point Movement,,Abstract Strategy,9.0,0.5,0.5897678246195884,0.36787944117144233,0.5531962031582061
4462,FS Chess Football: A Thinking Fan's Game,1.0,6.0,30.0,,8.0,Action / Dexterity;Sports,Roll / Spin and Move,,Action / Dexterity,1.0,1.0,0.8209220690651828,0.5,0.8141844138130365
427099,Galaxia Chess,2.0,3.0,55.0,,,Abstract Strategy,Hexagon Grid;Once-Per-Game Abilities,,Abstract Strategy,0.0,0.5,0.9063269671749656,0.5,
8006,Galaxy Chess,2.0,2.0,90.0,3.0,6.9375,Abstract Strategy;Science Fiction;Space Exploration,,,Abstract Strategy,8.0,0.0,0.7109813678954644,1.0,0.5156337735790929
176195,Galaxy Zento: Chessmen,2.0,6.0,60.0,,8.0,Adventure;Fantasy;Novel-based,Dice Rolling;Open Drafting,,Adventure,1.0,1.0,0.8683883697146904,0.5,0.8236776739429381
2136,Pachisi,2.0,6.0,30.0,1.1747,4.53925,Children's Game,Dice Rolling;Race;Roll / Spin and Move;Static Capture;Take That;Team-Based Game;Track Movement,31283.0,Children's Game,6257.0,1.0,0.8209220690651828,0.40145894695548434,0.7079574532041335
36059,Gamma Chess,2.0,2.0,,,6.5,Abstract Strategy,Dice Rolling;Grid Movement,,Abstract Strategy,2.0,0.0,0.5,0.5,0.36250000000000004
146242,Geo Chess,3.0,3.0,60.0,,7.5,Abstract Strategy,Grid Movement,,Abstract Strategy,2.0,0.5,0.8683883697146904,0.5,0.6361776739429381
416773,Giraffe Chess,2.0,2.0,,,,Abstract Strategy,Static Capture,,Abstract Strategy,0.0,0.0,0.5,0.5,
2501,Global Chess,2.0,2.0,90.0,3.0,6.34211,Abstract Strategy,Grid Movement,,Abstract Strategy,19.0,0.0,0.7109813678954644,1.0,0.5007490235790929
260264,Glyph Chess,2.0,2.0,60.0,2.6667,7.5835,Abstract Strategy;Comic Book / Strip;Dice;Fantasy;Fighting;Miniatures,Dice Rolling;Grid Movement,11366.0,Abstract Strategy,103.0,0.0,0.8683883697146904,0.8464958330369299,0.5325643405503241
50806,Go Chess,2.0,2.0,,,6.0,Abstract Strategy,Grid Movement,,Abstract Strategy,1.0,0.0,0.5,0.5,0.35
14447,Trice's Chess,2.0,2.0,30.0,3.6667,6.28571,Abstract Strategy,Grid Movement,,Abstract Strategy,28.0,0.0,0.8209220690651828,0.7165193684847974,0.46463103750999607
30596,Grand Chess,2.0,2.0,60.0,4.0,6.76488,Abstract Strategy,Grid Movement;Pattern Recognition,20278.0,Abstract Strategy,43.0,0.0,0.8683883697146904,0.6065306597126334,0.4641058058854648
373152,Graveyard Chess,2.0,2.0,20.0,1.0,10.0,Abstract Strategy;Fantasy;Miniatures;Zombies,Grid Movement;Pattern Movement;Square Grid;Static Capture,,Abstract Strategy,1.0,0.0,0.6756639246921762,0.36787944117144233,0.45870867317272374
279585,Gravity Chess,2.0,2.0,,,7.5,Abstract Strategy,Grid Movement,,Abstract Strategy,2.0,0.0,0.5,0.5,0.3875
131964,Grotesque Chess,2.0,2.0,,,6.0,Abstract Strategy,Point to Point Movement,,Abstract Strategy,1.0,0.0,0.5,0.5,0.35
347916,Guess Chess,2.0,4.0,15.0,,8.25,Abstract Strategy;Memory;Puzzle,Deduction;Memory;Square Grid;Tile Placement,,Abstract Strategy,12.0,1.0,0.5897678246195884,0.5,0.7742035649239176
19489,Half-board Chess,2.0,2.0,20.0,2.5,5.5,Abstract Strategy,Grid Movement;Secret Unit Deployment,,Abstract Strategy,8.0,0.0,0.6756639246921762,0.7788007830714049,0.4283929415527163
23406,Kang Le Qi,2.0,4.0,15.0,1.0,3.45455,Abstract Strategy;Ancient;Children's Game,Roll / Spin and Move,,Abstract Strategy,11.0,1.0,0.5897678246195884,0.36787944117144233,0.6278932031582061
107350,Henry VIII Chess,2.0,2.0,,3.0,5.0,Abstract Strategy,Grid Movement,,Abstract Strategy,1.0,0.0,0.5,1.0,0.42500000000000004
431106,Hex Hive: Bee Chess,2.0,2.0,60.0,,,Abstract Strategy,Different Dice Movement;Grid Movement;Hexagon Grid;Pattern Movement;Static Capture;Sudden Death Ending,,Abstract Strategy,0.0,0.0,0.8683883697146904,0.5,
19432,Hexagonal Chess,2.0,2.0,40.0,3.8571,6.77907,Abstract Strategy,Grid Movement,23491.0,Abstract Strategy,43.0,0.0,0.9440891630699333,0.6514530170889974,0.4885851860317862
34066,Hexagonal Chess for three,3.0,3.0,60.0,,5.0,Abstract Strategy,Grid Movement,,Abstract Strategy,3.0,0.5,0.8683883697146904,0.5,0.5736776739429381
21067,Hexes: Hexagonal Chess,2.0,2.0,45.0,3.0,7.83222,Abstract Strategy,Grid Movement,,Abstract Strategy,9.0,0.0,1.0,1.0,0.5958055
23012,A History of Board-Games Other Than Chess,,,,3.0,7.0,Book,,,Book,8.0,0.0,0.5,1.0,0.47500000000000003
24455,A History of Chess,,,,,1.5,Book,Grid Movement,,Book,2.0,0.0,0.5,0.5,0.23750000000000002
2932,Hnefatafl,2.0,2.0,20.0,2.4921,6.67289,Abstract Strategy;Ancient,Grid Movement;Square Grid;Variable Player Powers,3271.0,Abstract Strategy,1944.0,0.0,0.6756639246921762,0.7757305876062094,0.45710115245967714
354861,Hockey Chess,2.0,2.0,60.0,1.0,9.0,Maze;Print & Play;Sports,Point to Point Movement,,Maze,1.0,0.0,0.8683883697146904,0.36787944117144233,0.4722535621772266
25847,Horseshoe,2.0,2.0,5.0,1.0,3.95714,Abstract Strategy,Point to Point Movement,,Abstract Strategy,21.0,0.0,0.3611575592573076,0.36787944117144233,0.24473590008575
341231,Honeybee Brain Hexadoug Chess,2.0,2.0,,,,Abstract Strategy,Grid Movement;Hexagon Grid;Pattern Movement;Static Capture,,Abstract Strategy,0.0,0.0,0.5,0.5,
328864,Horseman's Chess,2.0,2.0,60.0,3.0,,Abstract Strategy,Grid Movement;Pattern Movement;Square Grid;Static Capture,,Abstract Strategy,0.0,0.0,0.8683883697146904,1.0,
189474,Hostage Chess,2.0,2.0,90.0,,7.0,Abstract Strategy,Grid Movement,,Abstract Strategy,3.0,0.0,0.7109813678954644,0.5,0.4171962735790929
40511,Hyperbolic Chess,3.0,3.0,45.0,,4.5,Abstract Strategy,Grid Movement,,Abstract Strategy,2.0,0.5,1.0,0.5,0.5875
35433,IAGO Chess,2.0,2.0,60.0,3.0,4.5,Abstract Strategy,Grid Movement,,Abstract Strategy,1.0,0.0,0.8683883697146904,1.0,0.4861776739429381
73296,Jääkiekkoshakki,2.0,2.0,30.0,,4.16667,Abstract Strategy;Dice;Sports,Dice Rolling;Roll / Spin and Move,,Abstract Strategy,3.0,0.0,0.8209220690651828,0.5,0.36835116381303656
214162,Icehouse: The Martian Chess Set,2.0,5.0,45.0,,7.28125,Abstract Strategy;Card Game;Real-time;Territory Building,Area Majority / Influence;Grid Movement;Modular Board;Set Collection;Tile Placement,,Abstract Strategy,16.0,1.0,1.0,0.5,0.83203125
131168,Баттелі,2.0,2.0,10.0,,,Abstract Strategy;Children's Game,Grid Movement,,Abstract Strategy,0.0,0.0,0.4890096469218258,0.5,
274759,Imperial Chess,2.0,4.0,,,,Abstract Strategy,,,Abstract Strategy,0.0,1.0,0.5,0.5,
64831,Komikan,2.0,2.0,20.0,,5.73,Abstract Strategy,,,Abstract Strategy,20.0,0.0,0.6756639246921762,0.5,0.37838278493843525
113899,Indo Persian chess,2.0,4.0,10.0,,,Abstract Strategy,Grid Movement,,Abstract Strategy,0.0,1.0,0.4890096469218258,0.5,
32793,Infinite Chess,2.0,2.0,60.0,,8.99667,Abstract Strategy,Grid Movement,,Abstract Strategy,3.0,0.0,0.8683883697146904,0.5,0.49859442394293807
25147,Integer Chess,2.0,4.0,,,,Educational;Math,,,Educational,0.0,1.0,0.5,0.5,
6060,Interdimensional Chess,2.0,2.0,30.0,2.0,6.0,Abstract Strategy,Grid Movement;Variable Player Powers,,Abstract Strategy,2.0,0.0,0.8209220690651828,0.6065306597126334,0.43549054575556323
122700,Isle of Eldermoor Chess,2.0,2.0,,,,Abstract Strategy,Grid Movement,,Abstract Strategy,0.0,0.0,0.5,0.5,
132793,Janus Chess,2.0,2.0,60.0,3.0,6.67,Abstract Strategy,Grid Movement,,Abstract Strategy,7.0,0.0,0.8683883697146904,1.0,0.5404276739429381
367484,Jim Henson's Labyrinth: Chess Set,2.0,2.0,120.0,,9.25,Abstract Strategy;Collectible Components;Movies / TV / Radio theme,Pattern Recognition;Point to Point Movement;Relative Movement,,Abstract Strategy,4.0,0.0,0.6165754530113879,0.5,0.4545650906022776
80980,Jumping Chess,2.0,2.0,45.0,3.0,5.0,Abstract Strategy,Grid Movement,,Abstract Strategy,1.0,0.0,1.0,1.0,0.525
256409,K-Chess,2.0,2.0,,,,Abstract Strategy,Grid Movement,,Abstract Strategy,0.0,0.0,0.5,0.5,
251823,Kamikaze Chess,2.0,2.0,,,5.77778,Abstract Strategy,Grid Movement;Modular Board;Secret Unit Deployment,,Abstract Strategy,9.0,0.0,0.5,0.5,0.34444450000000004
287806,King Arthur's Vortex Chess,2.0,2.0,35.0,1.0,8.16667,Fantasy;Medieval;Mythology,Action Points;Dice Rolling;Open Drafting;Variable Phase Order,,Fantasy,9.0,0.0,0.8846517369293827,0.36787944117144233,0.454672985620165
16866,Klin Zha,2.0,2.0,,2.5,7.54545,Abstract Strategy;Movies / TV / Radio theme;Novel-based;Science Fiction,Area Movement;Grid Movement;Static Capture,,Abstract Strategy,11.0,0.0,0.5,0.7788007830714049,0.444396406614281
178369,Knight-mare Chess,2.0,4.0,45.0,,,Abstract Strategy,Player Elimination,,Abstract Strategy,0.0,1.0,1.0,0.5,
5400,Changgi,2.0,2.0,60.0,3.3182,7.16818,Abstract Strategy,Grid Movement,10524.0,Abstract Strategy,148.0,0.0,0.8683883697146904,0.8529110635980742,0.5234643866625529
132364,Ladorean Chess,2.0,2.0,,3.0,6.0,Abstract Strategy,Point to Point Movement,,Abstract Strategy,2.0,0.0,0.5,1.0,0.45000000000000007
91034,Laser Chess,2.0,2.0,30.0,2.7073,6.62586,Abstract Strategy;Electronic,Grid Movement;Square Grid,4808.0,Abstract Strategy,963.0,0.0,0.8209220690651828,0.8638553009120129,0.5026019739954392
308938,Lazer Chess,2.0,2.0,,,9.0,Abstract Strategy,,,Abstract Strategy,1.0,0.0,0.5,0.5,0.42500000000000004
381296,Less Chess,2.0,2.0,5.0,1.0,7.5,Abstract Strategy,Grid Movement;Pattern Movement;Square Grid,,Abstract Strategy,6.0,0.0,0.3611575592573076,0.36787944117144233,0.33330740008575
191285,Less: Like Chess but Less!,2.0,4.0,30.0,1.1667,6.73972,Abstract Strategy,Grid Movement;Modular Board;Team-Based Game,11144.0,Abstract Strategy,193.0,1.0,0.8209220690651828,0.3998563185612881,0.7626486775252942
56796,Let's Catch the Lion!,2.0,2.0,15.0,1.7073,6.55181,Abstract Strategy;Animals;Children's Game;Educational,Grid Movement;Square Grid,5183.0,Abstract Strategy,876.0,0.0,0.5897678246195884,0.5239547255584186,0.3865397600356014
173549,Letter Chess,1.0,1.0,30.0,2.0,4.0,Abstract Strategy;Print & Play;Word Game,Grid Movement;Pattern Recognition;Spelling,,Abstract Strategy,1.0,0.0,0.8209220690651828,0.6065306597126334,0.3854905457555633
350187,Level Chess,2.0,4.0,,,,Abstract Strategy,,,Abstract Strategy,0.0,1.0,0.5,0.5,
12701,Lewis Carroll's Chess Wordgame,2.0,4.0,20.0,,5.5,Novel-based;Word Game,Tile Placement,,Novel-based,2.0,1.0,0.6756639246921762,0.5,0.7226327849384353
15323,Leyte Gulf Naval Chess Game,1.0,2.0,240.0,2.3333,5.91667,Print & Play;Wargame;World War II,Area Movement;Hexagon Grid,,Print & Play,6.0,0.0,0.43688828010671776,0.7165193684847974,0.37859827971830307
43712,Los Alamos Chess,2.0,2.0,,3.0,5.80769,Abstract Strategy,Grid Movement,,Abstract Strategy,13.0,0.0,0.5,1.0,0.44519225000000007
10745,Lucky Chess,2.0,3.0,60.0,,,Abstract Strategy,Grid Movement,,Abstract Strategy,0.0,0.5,0.8683883697146904,0.5,
376144,Lunar Chess,2.0,2.0,30.0,,9.33333,Abstract Strategy;City Building;Science Fiction,Area Majority / Influence;Map Addition;Once-Per-Game Abilities;Tile Placement,,Abstract Strategy,3.0,0.0,0.8209220690651828,0.5,0.4975176638130366
111322,Lurch! The Zombie Chess Game,2.0,2.0,60.0,1.0,6.0,Horror;Miniatures;Zombies,Grid Movement,,Horror,1.0,0.0,0.8683883697146904,0.36787944117144233,0.3972535621772265
449945,Magnet Chess Board Game,2.0,4.0,,,6.0,Abstract Strategy,Matching,,Abstract Strategy,1.0,1.0,0.5,0.5,0.7
188,Go,2.0,2.0,180.0,3.9136,7.65672,Abstract Strategy,Area Majority / Influence;Chaining;Enclosure;Pattern Building;Pattern Recognition;Square Grid,238.0,Abstract Strategy,18519.0,0.0,0.5041266174373653,0.6333069887952234,0.4189047212465178
418478,Magnetism Intelligence Strategy Game,1.0,4.0,,1.0,5.81749,Action / Dexterity;Children's Game,,21866.0,Action / Dexterity,157.0,1.0,0.5,0.36787944117144233,0.6690131382342885
2389,Othello,2.0,2.0,30.0,2.0708,6.16504,Abstract Strategy,Enclosure;Square Grid;Tile Placement,3468.0,Abstract Strategy,9396.0,0.0,0.8209220690651828,0.628386409489226,0.4439876957108818
34317,Shatranj Diwana Shah,2.0,2.0,45.0,,3.21429,Abstract Strategy,Grid Movement,,Abstract Strategy,7.0,0.0,1.0,0.5,0.38035725000000004
39347,Makarenko Chess,2.0,2.0,,,7.0,Abstract Strategy,Grid Movement,,Abstract Strategy,1.0,0.0,0.5,0.5,0.375
351248,Manolo Chess,2.0,2.0,,,,Abstract Strategy,Grid Movement;Pattern Movement;Static Capture,,Abstract Strategy,0.0,0.0,0.5,0.5,
19803,Martian Chess,2.0,4.0,20.0,2.4194,6.46202,Abstract Strategy,Grid Movement,7207.0,Abstract Strategy,501.0,1.0,0.6756639246921762,0.7480391221767853,0.7962911093737923
16596,Jetan,2.0,2.0,60.0,3.75,7.2125,Abstract Strategy,Grid Movement;Square Grid;Static Capture,,Abstract Strategy,24.0,0.0,0.8683883697146904,0.6872892787909722,0.49144802970113255
43487,Massacre Chess,2.0,2.0,,,5.28125,Abstract Strategy,Grid Movement,,Abstract Strategy,8.0,0.0,0.5,0.5,0.33203125
64126,Maya Chess,2.0,2.0,30.0,2.5,7.10222,Abstract Strategy,Area Majority / Influence,,Abstract Strategy,27.0,0.0,0.8209220690651828,0.7788007830714049,0.4975000704273176
437319,Mediaeval Circular Chess,2.0,4.0,180.0,,,Abstract Strategy;Horror;Medieval;Wargame,Area Movement;Zone of Control,,Abstract Strategy,0.0,1.0,0.5041266174373653,0.5,
192995,Melting Chess,2.0,2.0,30.0,3.0,6.75938,Abstract Strategy,Modular Board,,Abstract Strategy,16.0,0.0,0.8209220690651828,1.0,0.5331689138130365
200024,Memory Chess,2.0,2.0,,1.0,5.16667,Children's Game,Dice Rolling;Memory,,Children's Game,18.0,0.0,0.5,0.36787944117144233,0.3027426382342885
158817,Men Row Chess,2.0,2.0,60.0,3.0,4.35,Abstract Strategy,Area Majority / Influence,,Abstract Strategy,2.0,0.0,0.8683883697146904,1.0,0.48242767394293806
172877,Meta Chess,2.0,2.0,,3.0,7.0,Abstract Strategy;Wargame,Grid Movement,,Abstract Strategy,2.0,0.0,0.5,1.0,0.47500000000000003
97027,Metapontum Peace Chess,2.0,2.0,,,10.0,Abstract Strategy,Cooperative Game,,Abstract Strategy,1.0,0.0,0.5,0.5,0.45
93475,Mexican Chess,2.0,2.0,60.0,3.0,5.5,Abstract Strategy,Grid Movement,,Abstract Strategy,2.0,0.0,0.8683883697146904,1.0,0.5111776739429381
98073,Micro chess,1.0,2.0,20.0,2.0,5.5,Abstract Strategy;Educational;Print & Play;Puzzle,Grid Movement;Open Drafting,,Abstract Strategy,4.0,0.0,0.6756639246921762,0.6065306597126334,0.39393891688096194
15296,Military Chess,2.0,2.0,30.0,3.0,5.2,Abstract Strategy;Wargame,Grid Movement,,Abstract Strategy,5.0,0.0,0.8209220690651828,1.0,0.49418441381303657
30660,Millennium 3D Chess,2.0,2.0,30.0,,6.16667,Abstract Strategy;Memory,Grid Movement;Memory,,Abstract Strategy,9.0,0.0,0.8209220690651828,0.5,0.4183511638130366
19959,Millennium Chess,2.0,2.0,60.0,4.0,7.14143,Abstract Strategy,Grid Movement,,Abstract Strategy,7.0,0.0,0.8683883697146904,0.6065306597126334,0.4735195558854648
27643,Ministers Chess,2.0,2.0,,,7.3325,Abstract Strategy,Grid Movement,,Abstract Strategy,12.0,0.0,0.5,0.5,0.3833125
29513,Modern Chess,2.0,2.0,,2.0,5.64286,Abstract Strategy,Grid Movement,,Abstract Strategy,7.0,0.0,0.5,0.6065306597126334,0.3623776319425267
286850,Monkey King Chess,2.0,2.0,120.0,,,Mythology,Grid Movement,,Mythology,0.0,0.0,0.6165754530113879,0.5,
21074,Monochrome  Chess,2.0,2.0,60.0,2.75,5.71875,Abstract Strategy,Grid Movement,,Abstract Strategy,16.0,0.0,0.8683883697146904,0.8824969025845955,0.49314580445985723
164954,Morph Chess,2.0,2.0,5.0,2.0,8.5,Abstract Strategy;Dice,,,Abstract Strategy,2.0,0.0,0.3611575592573076,0.6065306597126334,0.4060376437939882
144071,Mountain Pass Chess,2.0,2.0,30.0,,10.0,Abstract Strategy,Grid Movement,,Abstract Strategy,1.0,0.0,0.8209220690651828,0.5,0.5141844138130366
2772,Mutant Chess,2.0,2.0,30.0,3.0,7.0,Abstract Strategy,Grid Movement,,Abstract Strategy,2.0,0.0,0.8209220690651828,1.0,0.5391844138130366
51417,Nationalist Chess,2.0,2.0,,3.0,5.66667,Abstract Strategy,Grid Movement,,Abstract Strategy,3.0,0.0,0.5,1.0,0.44166675000000005
153708,Blockade,2.0,2.0,,,6.0,Abstract Strategy;Nautical,Grid Movement,,Abstract Strategy,1.0,0.0,0.5,0.5,0.35
35616,Near Chess,2.0,2.0,60.0,3.0,6.0,Abstract Strategy,Grid Movement;Square Grid,,Abstract Strategy,5.0,0.0,0.8683883697146904,1.0,0.5236776739429381
35799,Near vs Normal Chess,2.0,2.0,60.0,3.0,5.5,Abstract Strategy,Grid Movement,,Abstract Strategy,2.0,0.0,0.8683883697146904,1.0,0.5111776739429381
10500,Neo-Chess,2.0,2.0,60.0,2.0,6.38333,Abstract Strategy,Grid Movement;Square Grid,,Abstract Strategy,18.0,0.0,0.8683883697146904,0.6065306597126334,0.4545670558854648
31735,NI-SHI-KI: The Sliding Samurai Card Chess,2.0,4.0,60.0,,6.64286,Medieval;Wargame,Action Points;Area Movement;Dice Rolling;Team-Based Game;Variable Player Powers,,Medieval,7.0,1.0,0.8683883697146904,0.5,0.7897491739429381
130675,Ninja Chess,2.0,2.0,15.0,,,Abstract Strategy,Grid Movement,,Abstract Strategy,0.0,0.0,0.5897678246195884,0.5,
19918,No Stress Chess,2.0,2.0,60.0,2.2857,6.25453,Abstract Strategy,Grid Movement,11380.0,Abstract Strategy,276.0,0.0,0.8683883697146904,0.6996675397319978,0.4699744318893377
149886,Noris Schach,2.0,3.0,45.0,,6.0,Abstract Strategy,Grid Movement,,Abstract Strategy,1.0,0.5,1.0,0.5,0.625
371216,Not Chess,2.0,6.0,30.0,,,Abstract Strategy;Humor;Party Game,Hand Management;Once-Per-Game Abilities;Team-Based Game,,Abstract Strategy,0.0,1.0,0.8209220690651828,0.5,
83413,Odin's Rune Chess,2.0,2.0,45.0,3.0,7.125,Abstract Strategy,Grid Movement,,Abstract Strategy,4.0,0.0,1.0,1.0,0.578125
49158,Official Football Chess,2.0,2.0,,,6.2,Abstract Strategy;Sports,Grid Movement,,Abstract Strategy,3.0,0.0,0.5,0.5,0.355
12040,Omega Chess,2.0,2.0,30.0,3.6667,7.56646,Abstract Strategy,Grid Movement,16390.0,Abstract Strategy,48.0,0.0,0.8209220690651828,0.7165193684847974,0.4966497875099961
427008,Omok Chess: Hundred Years' War,2.0,2.0,30.0,1.5,7.92857,Abstract Strategy,,,Abstract Strategy,14.0,0.0,0.8209220690651828,0.4723665527410147,0.4568719743612395
83411,One Ring Chess,2.0,2.0,30.0,3.0,5.0,Abstract Strategy,Grid Movement,,Abstract Strategy,1.0,0.0,0.8209220690651828,1.0,0.48918441381303657
322734,One-Dimensional Chess,2.0,2.0,20.0,,6.33077,Abstract Strategy;Print & Play,Area Movement;Pattern Movement;Static Capture,,Abstract Strategy,13.0,0.0,0.6756639246921762,0.5,0.3934020349384353
37750,Opulent Chess,2.0,2.0,,3.0,6.07143,Abstract Strategy,Grid Movement,,Abstract Strategy,7.0,0.0,0.5,1.0,0.45178575000000004
7456,Orbital Chess,2.0,4.0,120.0,,3.75,Abstract Strategy,Grid Movement;Static Capture,,Abstract Strategy,4.0,1.0,0.6165754530113879,0.5,0.6670650906022776
370260,Orda Chess,2.0,2.0,300.0,,8.0,Abstract Strategy,Grid Movement;Once-Per-Game Abilities;Pattern Movement;Square Grid;Static Capture;Sudden Death Ending,,Abstract Strategy,2.0,0.0,0.3909270011981531,0.5,0.37818540023963065
324863,Oriental Chess,2.0,2.0,15.0,,7.0,Abstract Strategy,Grid Movement;Square Grid,,Abstract Strategy,2.0,0.0,0.5897678246195884,0.5,0.3929535649239177
369427,The Original 3-D Chess Game,2.0,2.0,,3.0,6.0,Abstract Strategy,Three Dimensional Movement,,Abstract Strategy,2.0,0.0,0.5,1.0,0.45000000000000007
224064,Pacific War Naval Chess Game,2.0,2.0,210.0,2.0,7.4,Aviation / Flight;Nautical;Print & Play;Wargame;World War II,Dice Rolling;Hexagon Grid;Secret Unit Deployment,,Aviation / Flight,5.0,0.0,0.4669148516303436,0.6065306597126334,0.39968910226859544
232974,Paco Ŝako,2.0,2.0,60.0,2.9091,7.51367,Abstract Strategy,Area Majority / Influence;Moving Multiple Units;Square Grid,5848.0,Abstract Strategy,327.0,0.0,0.8683883697146904,0.9555673797465025,0.5526328998922386
136220,Plum Chess,2.0,2.0,30.0,,,Abstract Strategy;Animals,Grid Movement,,Abstract Strategy,0.0,0.0,0.8209220690651828,0.5,
60724,Pocket Knight Chess,2.0,2.0,,3.6667,6.6,Abstract Strategy,Grid Movement,,Abstract Strategy,5.0,0.0,0.5,0.7165193684847974,0.4083038736969595
117491,Pokemon Battle Chess,2.0,2.0,15.0,2.0,6.68,Abstract Strategy;Children's Game;Video Game Theme,,,Abstract Strategy,10.0,0.0,0.5897678246195884,0.6065306597126334,0.40625969686644436
470724,Pokémon Battle Chess,2.0,2.0,15.0,,,Abstract Strategy;Children's Game;Video Game Theme,,,Abstract Strategy,0.0,0.0,0.5897678246195884,0.5,
342083,Popit Chess,2.0,2.0,,,4.0,Children's Game;Dice,Dice Rolling;Simultaneous Action Selection,,Children's Game,1.0,0.0,0.5,0.5,0.30000000000000004
374543,Probability Magic Kingdom Chess,2.0,2.0,,,3.0,Abstract Strategy;Dice,,,Abstract Strategy,1.0,0.0,0.5,0.5,0.275
368542,Psycho Chess,2.0,4.0,120.0,,,Abstract Strategy,Advantage Token;Grid Movement,,Abstract Strategy,0.0,1.0,0.6165754530113879,0.5,
319851,Puzzle Board Chess,2.0,2.0,60.0,,,Abstract Strategy;Puzzle,Tile Placement,,Abstract Strategy,0.0,0.0,0.8683883697146904,0.5,
19950,Pyramid Chess,2.0,2.0,45.0,,,Abstract Strategy,Grid Movement,,Abstract Strategy,0.0,0.0,1.0,0.5,
152703,Quad Kingdom Chess,2.0,4.0,,,9.0,Abstract Strategy,Grid Movement;Player Elimination,,Abstract Strategy,3.0,1.0,0.5,0.5,0.7749999999999999
29761,QUAD: Galactic Chess,2.0,4.0,90.0,,,Abstract Strategy;Science Fiction,,,Abstract Strategy,0.0,1.0,0.7109813678954644,0.5,
356577,Quadlevel 3D Chess,2.0,2.0,1200.0,,,Abstract Strategy,Grid Movement,,Abstract Strategy,0.0,0.0,0.19570747427498544,0.5,
333273,Quantum Chess,2.0,2.0,,,7.0,Abstract Strategy,Grid Movement;Square Grid,,Abstract Strategy,1.0,0.0,0.5,0.5,0.375
95026,Quest-Chess,2.0,2.0,30.0,3.0,6.25,Abstract Strategy,Grid Movement;Square Grid,,Abstract Strategy,4.0,0.0,0.8209220690651828,1.0,0.5204344138130366
10463,Quick Chess,2.0,2.0,10.0,2.0,6.29139,Abstract Strategy;Children's Game,Grid Movement,22845.0,Abstract Strategy,36.0,0.0,0.4890096469218258,0.6065306597126334,0.37639281132689184
249419,Random Coping Chess,2.0,2.0,30.0,2.5,6.5,Abstract Strategy;Adventure;Card Game;Dice;Humor;Mythology;Wargame,Area Majority / Influence;Campaign / Battle Card Driven;Dice Rolling;Grid Movement;Player Elimination;Push Your Luck;Role Playing;Storytelling,,Abstract Strategy,2.0,0.0,0.8209220690651828,0.7788007830714049,0.4824445704273176
24832,Regimental Chess,2.0,2.0,120.0,3.0,6.0,Abstract Strategy,Grid Movement;Secret Unit Deployment,,Abstract Strategy,2.0,0.0,0.6165754530113879,1.0,0.4733150906022776
24806,Rennaissance Chess,2.0,2.0,120.0,3.0,6.2,Abstract Strategy;Renaissance,Grid Movement,,Abstract Strategy,5.0,0.0,0.6165754530113879,1.0,0.4783150906022776
51647,Reserve Chess,2.0,2.0,,3.0,4.66667,Abstract Strategy,Grid Movement,,Abstract Strategy,3.0,0.0,0.5,1.0,0.41666675000000003
62207,Tavreli,2.0,2.0,20.0,3.0,8.9,Abstract Strategy,Grid Movement,,Abstract Strategy,10.0,0.0,0.6756639246921762,1.0,0.5576327849384353
127819,Sea Chess,2.0,2.0,45.0,,5.0,Abstract Strategy;Nautical,Dice Rolling;Grid Movement;Square Grid,,Abstract Strategy,1.0,0.0,1.0,0.5,0.42500000000000004
180377,Sea Chess,2.0,2.0,60.0,,8.0,Abstract Strategy;Nautical,Area Majority / Influence,,Abstract Strategy,1.0,0.0,0.8683883697146904,0.5,0.4736776739429381
35574,Seirawan-Harper's Chess,2.0,2.0,20.0,3.0,7.73231,Abstract Strategy,Grid Movement,,Abstract Strategy,13.0,0.0,0.6756639246921762,1.0,0.5284405349384352
188909,Seizer's Chess,2.0,2.0,,,8.0,Abstract Strategy,Grid Movement,,Abstract Strategy,1.0,0.0,0.5,0.5,0.4
6567,007 James Bond: Goldfinger,2.0,2.0,20.0,1.3333,5.74545,Adventure;Movies / TV / Radio theme;Novel-based;Racing;Spies / Secret Agents;Transportation,Point to Point Movement;Roll / Spin and Move,25920.0,Adventure,33.0,0.0,0.6756639246921762,0.4345909652639636,0.365687227991228
6809,007 James Bond: The Man with the Golden Gun,1.0,1.0,30.0,1.1667,5.58108,Adventure;Movies / TV / Radio theme;Novel-based;Spies / Secret Agents,Grid Movement;Modular Board;Square Grid,26590.0,Adventure,37.0,0.0,0.8209220690651828,0.3998563185612881,0.3836826775252942
286541,1 2 3 Good Night,2.0,6.0,30.0,,5.5,Action / Dexterity;Animals;Party Game;Real-time,Set Collection,,Action / Dexterity,7.0,1.0,0.8209220690651828,0.5,0.7516844138130365
2498,1-2-3 Go!,1.0,2.0,10.0,,6.4,Action / Dexterity;Children's Game;Number,Dice Rolling,,Action / Dexterity,5.0,0.0,0.4890096469218258,0.5,0.35780192938436517
67315,10-4 Good Buddy: The CB Game,2.0,4.0,,,4.6875,Transportation,Roll / Spin and Move,,Transportation,8.0,1.0,0.5,0.5,0.6671874999999999
8477,"10-Four, Good Buddy",2.0,4.0,20.0,1.0,5.31383,Humor;Movies / TV / Radio theme;Transportation,Race;Roll / Spin and Move,27657.0,Humor,48.0,1.0,0.6756639246921762,0.36787944117144233,0.6915544231727238
209773,100 Swords: The Gold King's Dungeon,1.0,2.0,,1.5,7.55851,Card Game;Fantasy,"Deck, Bag, and Pool Building;Hand Management",15498.0,Card Game,47.0,0.0,0.5,0.4723665527410147,0.38343606054820295
459572,100vs1: Gorilla Clash,3.0,8.0,45.0,,9.25,Card Game;Humor;Party Game,Card Play Conflict Resolution;Cooperative Game;Hand Management;Hot Potato;Set Collection,,Card Game,4.0,1.0,1.0,0.5,0.8812500000000001
163482,15 Dias: The Spanish Golden Age,2.0,8.0,60.0,2.875,6.20892,Card Game;Negotiation;Political;Renaissance,Hand Management;Variable Phase Order,17561.0,Card Game,120.0,1.0,0.8683883697146904,0.9394130628134758,0.8667832865056332
293145,15 Go!,2.0,8.0,30.0,,4.5,Card Game,Open Drafting;Trading,,Card Game,7.0,1.0,0.8209220690651828,0.5,0.7266844138130366
7217,1500 Gold,2.0,6.0,45.0,1.6667,5.56667,Racing;Sports,Dice Rolling;Hand Management,,Racing,24.0,1.0,1.0,0.5134256760558843,0.7918518852111769
350481,1848: The Golden Spike,2.0,6.0,420.0,,8.0,American West;Economic;Trains,Market;Stock Holding;Tile Placement;Trading,,American West,1.0,1.0,0.3305505376750198,0.5,0.716110107535004
17014,1869: The Golden Spike,2.0,9.0,300.0,3.3333,5.25,Trains,Auction / Bidding;Network and Route Building;Stock Holding;Tile Placement,,Trains,4.0,1.0,0.3909270011981531,0.8464958330369299,0.7287345668470165
461831,1878 Gotland: Railways in the Baltic Sea,3.0,5.0,,,,Economic;Trains;Transportation,Auction / Bidding;Network and Route Building;Stock Holding,,Economic,0.0,1.0,0.5,0.5,
381671,18RoyalGorge: The Rails of Fremont County and the Royal Gorge Wars,2.0,4.0,180.0,3.5,7.25829,Trains,Auction / Bidding;Connections;Network and Route Building;Stock Holding;Turn Order: Stat-Based;Variable Set-up,10503.0,Trains,123.0,1.0,0.5041266174373653,0.7788007830714049,0.7880427301017541
380839,1930: The Golden Age of Airlines,2.0,6.0,120.0,3.6667,6.69129,Aviation / Flight;Economic,,12084.0,Aviation / Flight,140.0,1.0,0.6165754530113879,0.7165193684847974,0.783901214299237
92389,The 19th Hole Classic Golf Card Game,2.0,4.0,30.0,,,Sports,Hand Management;Trick-taking,,Sports,0.0,1.0,0.8209220690651828,0.5,
22536,19th Hole Golf,1.0,4.0,15.0,1.0,4.40476,Dice;Sports,,,Dice,21.0,1.0,0.5897678246195884,0.36787944117144233,0.6516484531582061
126925,19th Hole Golf,2.0,4.0,1.0,,,Sports,Paper-and-Pencil,,Sports,0.0,1.0,0.20851441405707477,0.5,
95105,1st & Goal,2.0,4.0,150.0,1.8305,6.52934,Card Game;Dice;Sports,Dice Rolling;Hand Management;Simultaneous Action Selection,3739.0,Card Game,1771.0,1.0,0.5519381863844937,0.557245155688636,0.7350701684146259
111174,2012: Godswake,2.0,4.0,180.0,3.3333,8.14286,Adventure;Fantasy;Mythology;Print & Play;Science Fiction,Dice Rolling;Point to Point Movement;Push Your Luck;Storytelling;Variable Player Powers,,Adventure,7.0,1.0,0.5041266174373653,0.8464958330369299,0.823695990094859
110345,21st Century Gold Rush,2.0,4.0,60.0,,,American West;Economic;Industry / Manufacturing,Commodity Speculation;Roll / Spin and Move,,American West,0.0,1.0,0.8683883697146904,0.5,
217989,24 godziny,1.0,4.0,,1.0,4.21875,Adventure,Area Movement;Cooperative Game;Pick-up and Deliver;Point to Point Movement,,Adventure,16.0,1.0,0.5,0.36787944117144233,0.6290446382342885
440279,30 to Go,4.0,4.0,25.0,,8.57143,Card Game,Team-Based Game,,Card Game,7.0,1.0,0.7518094115561123,0.5,0.8146476323112224
187104,4 Gods,2.0,4.0,30.0,2.2308,5.8941,Puzzle;Real-time,Area Majority / Influence;Tile Placement,8901.0,Puzzle,1016.0,1.0,0.8209220690651828,0.6807228709023792,0.7976814879935125
17123,4: The After Dinner Golf Game with Attitude,2.0,6.0,45.0,,6.5,Sports,Open Drafting,,Sports,1.0,1.0,1.0,0.5,0.8125
267908,5 Gold Rings,3.0,99.0,,,6.04615,Movies / TV / Radio theme;Trivia,,,Movies / TV / Radio theme,13.0,1.0,0.5,0.5,0.7011537499999999
459760,5 Gold Rings Card Game,2.0,6.0,45.0,,6.0,Card Game;Movies / TV / Radio theme;Trivia,Team-Based Game,,Card Game,1.0,1.0,1.0,0.5,0.8
308663,7 Gods,2.0,6.0,180.0,3.0,6.37179,Dice;Exploration;Mythology,Area Majority / Influence;Dice Rolling;End Game Bonuses;Grid Movement;Hand Management;Hidden Victory Points;Variable Player Powers;Variable Set-up,23542.0,Dice,39.0,1.0,0.5041266174373653,1.0,0.810120073487473
265674,72 (ななじゅうに) (72 Demons of Goetia),2.0,4.0,5.0,2.0,7.0,Card Game;Fantasy;Mythology,Open Drafting;Take That;Trick-taking,,Card Game,3.0,1.0,0.3611575592573076,0.6065306597126334,0.7185376437939881
392097,800 Pound Gorilla,3.0,6.0,15.0,1.0,6.0276,Animals;Children's Game,,21058.0,Animals,79.0,1.0,0.5897678246195884,0.36787944117144233,0.6922194531582061
27827,Bisnes,2.0,4.0,,,3.4,Children's Game;Economic,Dice Rolling;Roll / Spin and Move,,Children's Game,5.0,1.0,0.5,0.5,0.6349999999999999
526,Abalone,2.0,2.0,30.0,2.1451,6.48867,Abstract Strategy,Grid Movement;Hexagon Grid;Slide / Push;Static Capture,2188.0,Abstract Strategy,8439.0,0.0,0.8209220690651828,0.6521700096814244,0.4568351657493215
254926,AC-Goose Story,2.0,5.0,15.0,1.0,,Card Game;Children's Game,Dice Rolling;Hand Management;Simultaneous Action Selection,,Card Game,0.0,1.0,0.5897678246195884,0.36787944117144233,
33776,Ace Handicap Golf,1.0,16.0,,,6.0,Sports,Dice Rolling;Simulation,,Sports,3.0,1.0,0.5,0.5,0.7
144861,Ace in the Chains: A Disc Golf Game,1.0,4.0,30.0,2.0,1.9,Memory;Print & Play;Sports,Memory;Modular Board;Simulation;Variable Player Powers,,Memory,5.0,1.0,0.8209220690651828,0.6065306597126334,0.6829905457555633
130048,Activity: Gold Edition,3.0,16.0,90.0,1.0,6.08333,Card Game;Party Game,Acting;Dice Rolling;Line Drawing;Team-Based Game,24196.0,Card Game,36.0,1.0,0.7109813678954644,0.36787944117144233,0.7178554118133814
338478,Admirals:  A Game of Fleet Actions in the Golden Age of Fighting Sail,2.0,4.0,,,1.0,Age of Reason;American Revolutionary War;Miniatures;Napoleonic;Nautical;Pike and Shot;Print & Play;Wargame,Dice Rolling;Point to Point Movement;Simulation,,Age of Reason,1.0,1.0,0.5,0.5,0.575
98721,AdventureQuest Worlds: The ANYTHING-GOES BattleOn Battle Card Game,2.0,4.0,15.0,1.5,7.75,Card Game;Fantasy;Humor;Video Game Theme,Hand Management,,Card Game,11.0,1.0,0.5897678246195884,0.4723665527410147,0.7561768754721205
93679,Aether Captains: Capek Golems,2.0,2.0,20.0,1.7143,6.23511,Card Game;Fantasy;Print & Play;Science Fiction,Hand Management;Modular Board;Set Collection,22443.0,Card Game,47.0,0.0,0.6756639246921762,0.5257917800679386,0.39616889095202296
230079,Against All Odds: Battle for the Golan Heights,2.0,2.0,90.0,,6.74444,Modern Warfare;Wargame,Dice Rolling;Hexagon Grid,,Modern Warfare,9.0,0.0,0.7109813678954644,0.5,0.4108072735790929
38573,Against the Scourge of God,2.0,,,2.0,6.0,Ancient;Educational;Miniatures;Wargame,,,Ancient,1.0,0.0,0.5,0.6065306597126334,0.3713061319425267
349963,Age of Comics: The Golden Years,1.0,4.0,120.0,2.5745,7.31908,Card Game;Comic Book / Strip;Economic;Industry / Manufacturing,"End Game Bonuses;Hand Management;Open Drafting;Turn Order: Stat-Based;Worker Placement;Worker Placement, Different Worker Types",2796.0,Card Game,1189.0,1.0,0.6165754530113879,0.8083582015077765,0.8179637309038328
13071,Age of Gods,3.0,5.0,90.0,2.3049,6.30632,Bluffing;Fantasy;Mythology,Dice Rolling;Variable Player Powers,7119.0,Bluffing,755.0,1.0,0.7109813678954644,0.7064166922119172,0.7911376120214764
47148,AGE: The Amazing Goal Era,2.0,2.0,20.0,,4.9,Card Game;Collectible Components;Fantasy;Sports,Dice Rolling;Hand Management,,Card Game,5.0,0.0,0.6756639246921762,0.5,0.35763278493843526
6740,Alaric the Goth: Fall of the Western Roman Empire,2.0,7.0,120.0,2.0,6.58083,Ancient;Wargame,Area Movement;Dice Rolling;Simulation,22434.0,Ancient,30.0,1.0,0.6165754530113879,0.6065306597126334,0.7591419725448042
15849,Klondyke,2.0,6.0,90.0,,4.18518,Exploration,Roll / Spin and Move,,Exploration,27.0,1.0,0.7109813678954644,0.5,0.6968257735790929
31700,The Alaskan Gold Rush,2.0,6.0,,,,Card Game;Exploration,Betting and Bluffing;Roll / Spin and Move,,Card Game,0.0,1.0,0.5,0.5,
57251,Dragon Dice game,2.0,2.0,,,,Dice;Fantasy,Dice Rolling;Rock-Paper-Scissors,,Dice,0.0,0.0,0.5,0.5,
20220,Alfons Godnatt-spel,2.0,4.0,15.0,1.0,2.0,Children's Game;Novel-based,Roll / Spin and Move,,Children's Game,2.0,1.0,0.5897678246195884,0.36787944117144233,0.5915294531582062
178282,All Gods Are Dying,2.0,8.0,200.0,,,Mythology;Print & Play;Religious,,,Mythology,0.0,1.0,0.4783886718903729,0.5,
442081,All Hail The Goblin King,2.0,4.0,30.0,,,Card Game;Fantasy;Humor,,,Card Game,0.0,1.0,0.8209220690651828,0.5,
433424,Alpha Team Mechanized Battle Force Go!,2.0,5.0,40.0,3.0,7.75,Card Game;Science Fiction,Closed Drafting;Cooperative Game;Hand Management;Simultaneous Action Selection;Variable Player Powers;Variable Set-up,,Card Game,4.0,1.0,0.9440891630699333,1.0,0.9325678326139867
7682,Go Fish,2.0,6.0,20.0,1.0515,3.73362,Card Game;Children's Game;Deduction;Memory,Memory;Set Collection,31288.0,Card Game,2153.0,1.0,0.6756639246921762,0.37747535394020504,0.6539683557264764
11003,Alphabet Squiggle,2.0,4.0,20.0,1.0,3.75,Children's Game;Educational;Memory;Word Game,Line Drawing;Memory;Paper-and-Pencil;Pattern Recognition;Roll / Spin and Move;Simulation,,Children's Game,4.0,1.0,0.6756639246921762,0.36787944117144233,0.6524586731727238
371402,Altar of the Dead Gods,2.0,2.0,90.0,2.0,8.27273,Fantasy;Horror;Miniatures;Wargame,Dice Rolling;Square Grid,,Fantasy,11.0,0.0,0.7109813678954644,0.6065306597126334,0.47032065552161956
380844,Altar: Realms of the Gods,2.0,5.0,30.0,2.4,7.5,Card Game;Fantasy;Mythology,Card Play Conflict Resolution;Deck Construction;Hand Management;Once-Per-Game Abilities;Open Drafting,13998.0,Card Game,112.0,1.0,0.8209220690651828,0.7408182206817179,0.8498480579493801
289175,Altar: the War of Gods – Celts,2.0,3.0,45.0,,9.0,Fantasy;Mythology,Area Movement;Set Collection,,Fantasy,1.0,0.5,1.0,0.5,0.7
399941,River of Gold,2.0,4.0,90.0,2.4771,7.56288,Economic;Fantasy;Travel,Area Majority / Influence;Contracts;Dice Rolling;Die Icon Resolution;End Game Bonuses;Market;Multi-Use Cards;Open Drafting;Ownership;Roll / Spin and Move;Set Collection;Track Movement,708.0,Economic,4635.0,1.0,0.7109813678954644,0.7699343711804981,0.8352551478151925
13452,Amateur Golf,2.0,4.0,1.0,,,Sports,Simulation,,Sports,0.0,1.0,0.20851441405707477,0.5,
3788,The American Goldrush 1849,2.0,10.0,120.0,1.0,5.68125,American West;Economic,Dice Rolling;Pick-up and Deliver;Push Your Luck;Roll / Spin and Move,25822.0,American West,32.0,1.0,0.6165754530113879,0.36787944117144233,0.688922228836566
9741,An American Tail: Fievel Goes West,2.0,4.0,20.0,,,American West;Animals;Children's Game;Movies / TV / Radio theme,Roll / Spin and Move,,American West,0.0,1.0,0.6756639246921762,0.5,
7544,Americana Golf Game,1.0,4.0,45.0,,5.66667,Dice;Sports,Dice Rolling,,Dice,3.0,1.0,1.0,0.5,0.7916667500000001
386502,Amritsar: The Golden Temple,1.0,4.0,120.0,3.3239,7.39632,Territory Building,"Mancala;Rondel;Solo / Solitaire Game;Track Movement;Worker Placement;Worker Placement, Different Worker Types",2631.0,Territory Building,1155.0,1.0,0.6165754530113879,0.8504837276635292,0.8283198361349835
297335,"""An' go to your Gawd like a soldier"": Small Wars on the North-West Frontier",2.0,4.0,,,7.0,Book;Miniatures;Post-Napoleonic;Wargame,Simulation,,Book,1.0,1.0,0.5,0.5,0.7249999999999999
308688,Anarcade Deck Building Game: Champion Gold,2.0,4.0,60.0,,10.0,Humor;Video Game Theme,"Deck, Bag, and Pool Building",,Humor,1.0,1.0,0.8683883697146904,0.5,0.873677673942938
123917,Ancient Egypt Go Fish for Art,2.0,5.0,30.0,,6.66667,Card Game;Children's Game;Educational;Memory,Memory;Set Collection,,Card Game,3.0,1.0,0.8209220690651828,0.5,0.7808511638130365
104582,Ancient Game of GOMI,4.0,8.0,,,1.0,Card Game,,,Card Game,1.0,1.0,0.5,0.5,0.575
337704,Angry Birds Go! Jenga: Pirate Pig Attack,1.0,2.0,25.0,,6.85714,Action / Dexterity;Animals;Children's Game;Video Game Theme,,,Action / Dexterity,7.0,0.0,0.7518094115561123,0.5,0.42179038231122246
204025,Angry Birds Go! Jenga: Trophy Cup Challenge,1.0,2.0,25.0,,5.4,Action / Dexterity;Animals;Children's Game;Video Game Theme,,,Action / Dexterity,5.0,0.0,0.7518094115561123,0.5,0.3853618823112225
171556,Ani-gram-it To Go,,,,,,Educational,,,Educational,0.0,0.0,0.5,0.5,
40483,Anima: Beyond Good and Evil,2.0,4.0,60.0,2.3103,6.2307,Card Game;Fantasy,Dice Rolling;Hand Management;Open Drafting,9932.0,Card Game,459.0,1.0,0.8683883697146904,0.7083265944886974,0.8211104928406776
63385,Anima: Twilight of the Gods,2.0,5.0,60.0,2.0,6.57486,Card Game;Fantasy,Dice Rolling;Hand Management;Open Drafting,10651.0,Card Game,253.0,1.0,0.8683883697146904,0.6065306597126334,0.8093553058854648
183656,Animal Merry-Go-Round Motor Skill Game,1.0,2.0,,,6.0,Action / Dexterity;Animals;Children's Game;Educational;Memory,,,Action / Dexterity,1.0,0.0,0.5,0.5,0.35
285967,Ankh: Gods of Egypt,2.0,5.0,90.0,3.1329,7.71769,Ancient;Fantasy;Fighting;Mythology;Wargame,Action Retrieval;Alliances;Area Majority / Influence;Auction: Sealed Bid;Card Play Conflict Resolution;Grid Movement;Hexagon Grid;Kill Steal;Player Elimination;Race;Tech Trees / Tech Tracks;Variable Player Powers,258.0,Ancient,11860.0,1.0,0.7109813678954644,0.9357097001717218,0.8722804636134373
146319,Antillia and the Lost Cities of Gold,2.0,6.0,,,,Card Game;Exploration,,,Card Game,0.0,1.0,0.5,0.5,
191205,The Ants Go Marching,2.0,4.0,25.0,1.0,5.99256,Children's Game,,24175.0,Children's Game,43.0,1.0,0.7518094115561123,0.36787944117144233,0.723751770545511
344105,Anunnaki: Dawn of the Gods,1.0,4.0,120.0,3.549,7.34571,Ancient;Civilization;Fighting;Mythology;Science Fiction;Territory Building,Card Play Conflict Resolution;Contracts;End Game Bonuses;Grid Movement;Movement Points;Solo / Solitaire Game;Variable Player Powers,3161.0,Ancient,948.0,1.0,0.6165754530113879,0.7599520042489228,0.8089482414520621
364106,Anunnaki: Dawn of the Gods – Kickstarter Edition,1.0,5.0,120.0,3.3333,7.57703,,,,,111.0,1.0,0.6165754530113879,0.8464958330369299,0.8320400072096636
87807,Anything Goes,3.0,10.0,,,4.94118,Deduction;Party Game,Acting;Simultaneous Action Selection;Voting,,Deduction,17.0,1.0,0.5,0.5,0.6735294999999999
80484,APBA Golf Game,1.0,4.0,,2.8333,7.97396,Sports,,15032.0,Sports,48.0,1.0,0.5,0.9200290806835293,0.8333548161367058
12369,APBA Professional Golf,1.0,4.0,120.0,1.6667,7.07019,Sports,Dice Rolling,15933.0,Sports,54.0,1.0,0.6165754530113879,0.5134256760558843,0.7527549758134544
448723,Apex Golf,2.0,4.0,160.0,,5.0,Sports,Score-and-Reset Game,,Sports,1.0,1.0,0.5345224838248488,0.5,0.6819044967649698
458535,Apocalypse: Earth – Wargaming in a World Gone Wrong,1.0,6.0,120.0,,,Book;Miniatures;Modern Warfare;Science Fiction;Wargame;Zombies,Dice Rolling;Scenario / Mission / Campaign Game,,Book,0.0,1.0,0.6165754530113879,0.5,
37612,Apples to Apples to Go,4.0,8.0,30.0,1.0741,5.64221,Card Game;Humor;Party Game;Word Game,Hand Management;Simultaneous Action Selection,22572.0,Card Game,430.0,1.0,0.8209220690651828,0.3817650163870681,0.7315926670904502
198522,Archer: Once You Go Blackmail...,2.0,4.0,30.0,1.2632,7.09649,Card Game;Deduction;Movies / TV / Radio theme;Spies / Secret Agents,Hand Management;Player Elimination,3734.0,Card Game,935.0,1.0,0.8209220690651828,0.419622408270537,0.775521145467144
274437,Archers of Godfrey,1.0,4.0,90.0,3.0,10.0,Dice;Fantasy,,,Dice,1.0,1.0,0.7109813678954644,1.0,0.942196273579093
472907,Ardennes Snow: A Roll & Go Wargame,1.0,1.0,,,,Wargame;World War II,Dice Rolling;Paper-and-Pencil;Solo / Solitaire Game,,Wargame,0.0,0.0,0.5,0.5,
245627,Are You Gonna Eat That?,2.0,5.0,45.0,2.0,5.83333,Bluffing;Card Game;Humor,Hand Management;Take That,,Bluffing,3.0,1.0,1.0,0.6065306597126334,0.8171393819425268
207753,Arena: For the Gods!,2.0,6.0,40.0,1.7692,6.42049,Dice;Fighting;Mythology,Auction / Bidding;Dice Rolling;Die Icon Resolution;Grid Movement;Hidden Victory Points;Re-rolling and Locking,5139.0,Dice,1105.0,1.0,0.9440891630699333,0.5404246821966983,0.8074150190533264
232929,Arith Magica: Adventures in Gossamyr,2.0,6.0,,,,Comic Book / Strip;Fantasy,,,Comic Book / Strip,0.0,1.0,0.5,0.5,
395627,The Arkham Asylum Files: Panic in Gotham City,1.0,6.0,60.0,2.5,7.41507,City Building;Comic Book / Strip;Deduction;Movies / TV / Radio theme;Party Game;Puzzle,Cooperative Game;Deduction;Multiple Maps;Scenario / Mission / Campaign Game;Solo / Solitaire Game;Team-Based Game,13832.0,City Building,73.0,1.0,0.8683883697146904,0.7788007830714049,0.864814580557219
337070,Arkham Noir: Case #3 – Infinite Gulfs of Darkness,1.0,1.0,30.0,3.0909,7.11105,Adventure;Card Game;Fantasy;Horror;Novel-based,Hand Management;Open Drafting;Set Collection,7198.0,Adventure,320.0,0.0,0.8209220690651828,0.9555673797465025,0.5330741397623371
4511,Armchair Golf,2.0,5.0,30.0,1.5,4.78571,Dice;Sports,Roll / Spin and Move,,Dice,7.0,1.0,0.8209220690651828,0.4723665527410147,0.7283004743612396
14766,Armor of God,2.0,4.0,,1.0,3.28571,Children's Game;Dice;Religious,Roll / Spin and Move;Set Collection,,Children's Game,7.0,1.0,0.5,0.36787944117144233,0.6057186382342885
58927,The Armor of God,2.0,4.0,30.0,,3.5,Card Game;Religious,Hand Management;Set Collection,,Card Game,2.0,1.0,0.8209220690651828,0.5,0.7016844138130366
42933,Arnold Palmer Golf Game,1.0,4.0,,,5.0,Sports,Roll / Spin and Move,,Sports,1.0,1.0,0.5,0.5,0.6749999999999999
30961,Arnold Palmer's Golf Card Game,2.0,5.0,,,2.0,Card Game;Sports,,,Card Game,1.0,1.0,0.5,0.5,0.6
37304,Arnold Palmer's Inside Golf,1.0,36.0,60.0,1.0,7.6,Sports,,,Sports,5.0,1.0,0.8683883697146904,0.36787944117144233,0.7872535621772265
38660,Arnold Palmer's Pro Shot Golf,1.0,4.0,,,7.0,Action / Dexterity;Sports,,,Action / Dexterity,11.0,1.0,0.5,0.5,0.7249999999999999
285851,Arnold Palmer's Table Golf,1.0,99.0,,,7.0,Action / Dexterity;Sports,,,Action / Dexterity,1.0,1.0,0.5,0.5,0.7249999999999999
8314,Arthur Goes to the Library,2.0,4.0,30.0,1.0,4.77333,Animals;Children's Game;Memory;Movies / TV / Radio theme;Novel-based,Memory,28521.0,Animals,33.0,1.0,0.8209220690651828,0.36787944117144233,0.707093552047325
330020,As Good As It Gets,3.0,8.0,30.0,,5.7,Party Game,Player Judge,,Party Game,14.0,1.0,0.8209220690651828,0.5,0.7566844138130366
168915,As Tears Go By: Operation Starlite,1.0,2.0,60.0,,7.1875,Vietnam War;Wargame,Open Drafting,,Vietnam War,8.0,0.0,0.8683883697146904,0.5,0.45336517394293807
69789,Ascension: Deckbuilding Game,1.0,4.0,30.0,2.1355,7.04513,Card Game;Fantasy,"Deck, Bag, and Pool Building;Hand Management;Open Drafting",832.0,Card Game,14291.0,1.0,0.8209220690651828,0.6490470946270785,0.8201220827384523
312958,Ascension: Curse of the Golden Isles,2.0,4.0,30.0,2.5,7.56067,Card Game;Pirates,"Deck, Bag, and Pool Building",10470.0,Card Game,125.0,1.0,0.8209220690651828,0.7788007830714049,0.8589613204273177
67421,ASG Golf,1.0,4.0,,2.8571,8.03158,Sports,Dice Rolling;Push Your Luck,13977.0,Sports,57.0,1.0,0.5,0.9310428285725063,0.8369980657145013
189819,The Assault on Goblintown,2.0,2.0,120.0,,7.0,Fantasy,Area Movement,,Fantasy,2.0,0.0,0.6165754530113879,0.5,0.3983150906022776
193985,Assembly of the Gods,2.0,4.0,30.0,,,Ancient,Set Collection;Trick-taking,,Ancient,0.0,1.0,0.8209220690651828,0.5,
7316,Bingo,2.0,99.0,60.0,1.0359,3.10659,Children's Game;Movies / TV / Radio theme;Number;Party Game,Betting and Bluffing;Bingo;Pattern Recognition,31295.0,Children's Game,3032.0,1.0,0.8683883697146904,0.3745424991825847,0.676250923779455
253766,Atlantis: Island of Gods,2.0,4.0,45.0,3.0,6.1181,Ancient;Fantasy;Miniatures;Mythology;Religious,Action Points;Action Queue;Hand Management;Open Drafting,18479.0,Ancient,126.0,1.0,1.0,1.0,0.9029525
12455,Attila: Scourge O'God,2.0,2.0,180.0,2.4444,6.56809,Ancient;Wargame,Area Movement;Simulation,20687.0,Ancient,47.0,0.0,0.5041266174373653,0.7574482960255846,0.41651723269259
131478,"Auf die Weide, fertig, los!",2.0,4.0,15.0,1.0,5.69667,Animals;Children's Game,Dice Rolling;Memory,25606.0,Animals,30.0,1.0,0.5897678246195884,0.36787944117144233,0.6839462031582061
312582,AURUXXX: The Golden 12,2.0,6.0,45.0,1.2,5.76053,Bluffing;Card Game,Betting and Bluffing;Lose a Turn;Matching;Take That,27897.0,Bluffing,38.0,1.0,1.0,0.4065696597405991,0.7753271819481199
272389,The Aussie Gold Rush Game,2.0,4.0,,,,,Roll / Spin and Move,,,0.0,1.0,0.5,0.5,
25698,Auto-Go,2.0,6.0,,,,Racing;Sports,Dice Rolling,,Racing,0.0,1.0,0.5,0.5,
143090,The Award Goes To,2.0,6.0,25.0,1.0,9.16667,Card Game;Children's Game;Educational;Humor;Math;Movies / TV / Radio theme,Auction / Bidding;Hand Management,,Card Game,6.0,1.0,0.7518094115561123,0.36787944117144233,0.803104520545511
271836,Babblarna: Kan-du-göra-spelet,2.0,4.0,15.0,1.0,6.5,Children's Game,Acting;Cooperative Game;Dice Rolling;Singing,,Children's Game,4.0,1.0,0.5897678246195884,0.36787944117144233,0.7040294531582061
11999,Babe Winkelman's Good Fishing,,,,,,Trivia,,,Trivia,0.0,0.0,0.5,0.5,
311462,Baby Shark Let's Go Hunt Game,2.0,6.0,,1.0,4.0,Animals;Children's Game,Set Collection,,Animals,14.0,1.0,0.5,0.36787944117144233,0.6235758882342884
13166,Let's Go Fishin',1.0,4.0,10.0,1.08,4.40192,Action / Dexterity;Animals;Children's Game;Electronic;Movies / TV / Radio theme,,31246.0,Action / Dexterity,856.0,1.0,0.4890096469218258,0.38289288597511206,0.6344285065793877
67432,Babylon: Gateway of the Gods,2.0,4.0,90.0,3.0,,Ancient;City Building;Economic,Pick-up and Deliver;Worker Placement,,Ancient,0.0,1.0,0.7109813678954644,1.0,
237426,Ball Busters: Golf,2.0,99.0,,,,Sports;Trivia,,,Sports,0.0,1.0,0.5,0.5,
459006,Banana Governance,3.0,4.0,45.0,2.5,7.22,Card Game,Auction / Bidding;Set Collection,12414.0,Card Game,85.0,1.0,1.0,0.7788007830714049,0.886260156614281
288818,Banana Man Goes to Work,2.0,6.0,15.0,,6.1,Children's Game,Acting;Pattern Recognition,,Children's Game,15.0,1.0,0.5897678246195884,0.5,0.7204535649239177
242575,Banker of the Gods,1.0,5.0,90.0,3.0,9.0,Ancient;Civilization;Economic;Mythology,Commodity Speculation;Solo / Solitaire Game;Track Movement;Worker Placement,,Ancient,1.0,1.0,0.7109813678954644,1.0,0.917196273579093
457930,Bantam West (2nd Edition): Graves of Gold,1.0,1.0,180.0,,,American West;Horror,"Action Points;Cooperative Game;Deck, Bag, and Pool Building;Dice Rolling;Events;Grid Movement;Line of Sight;Role Playing;Solo / Solitaire Game",,American West,0.0,0.0,0.5041266174373653,0.5,
66698,Barbie: Go Shopping!,2.0,6.0,20.0,,2.0,Card Game;Children's Game,Hand Management;Set Collection,,Card Game,1.0,1.0,0.6756639246921762,0.5,0.6351327849384353
182796,Bardagi: The Claim for Gold,2.0,5.0,120.0,2.5714,5.74609,Adventure;Economic;Territory Building,Area Majority / Influence;Trading,27951.0,Adventure,64.0,1.0,0.6165754530113879,0.8071062168342192,0.7783885839691214
4410,Barn Buzzin' Goofy,2.0,2.0,10.0,1.0,5.92857,Action / Dexterity;Aviation / Flight;Children's Game;Electronic;Movies / TV / Radio theme,,23562.0,Action / Dexterity,42.0,0.0,0.4890096469218258,0.36787944117144233,0.3195920676186536
43108,Barney Google an' Snuffy Smith Time's a Wastin'! Game,2.0,4.0,30.0,,,Children's Game;Comic Book / Strip,Roll / Spin and Move,,Children's Game,0.0,1.0,0.8209220690651828,0.5,
29649,Barney Google and Spark Plug Game,,,,,4.0,Children's Game;Comic Book / Strip;Humor,Roll / Spin and Move,,Children's Game,1.0,0.0,0.5,0.5,0.30000000000000004
17298,Branches and Twigs and Thorns,2.0,6.0,15.0,2.4444,6.25,Abstract Strategy,Tile Placement,22563.0,Abstract Strategy,41.0,1.0,0.5897678246195884,0.7574482960255846,0.7756932241290346
144246,Batman Gotham City In Danger!,2.0,4.0,,,4.75,Children's Game;Comic Book / Strip,Roll / Spin and Move;Set Collection,,Children's Game,4.0,1.0,0.5,0.5,0.66875
300420,Batman Miniature Game (Third Edition): Back to Gotham,2.0,2.0,90.0,3.0,7.305,Comic Book / Strip;Miniatures,Dice Rolling;Variable Player Powers,20788.0,Comic Book / Strip,40.0,0.0,0.7109813678954644,1.0,0.5248212735790929
380250,Batman: Escape From Arkham Asylum – Stretch Goals,1.0,5.0,,,,Expansion for Base-game;Comic Book / Strip;Miniatures,Semi-Cooperative Game,,Expansion for Base-game,0.0,1.0,0.5,0.5,
222514,Batman: Gotham City Chronicles,2.0,4.0,90.0,3.7652,7.59463,Adventure;Comic Book / Strip;Fighting;Miniatures,Action Points;Action Queue;Area Movement;Dice Rolling;Line of Sight;Scenario / Mission / Campaign Game;Team-Based Game;Variable Phase Order;Variable Player Powers,1439.0,Adventure,2787.0,1.0,0.7109813678954644,0.6820856789980102,0.8184791593786949
470753,Batman: Gotham City Crimes,2.0,4.0,60.0,,6.0,Adventure;Comic Book / Strip,Cooperative Game,,Adventure,2.0,1.0,0.8683883697146904,0.5,0.7736776739429381
6705,Batman: Gotham City Mystery,2.0,5.0,45.0,1.0,5.67111,Comic Book / Strip;Deduction,Roll / Spin and Move,25621.0,Comic Book / Strip,81.0,1.0,1.0,0.36787944117144233,0.7653536382342885
404283,Batman: Gotham City Sem Lei,4.0,7.0,30.0,2.0,7.0,Card Game;Comic Book / Strip;Party Game;Real-time,Negotiation;Real-Time;Set Collection;Trading,,Card Game,9.0,1.0,0.8209220690651828,0.6065306597126334,0.8104905457555633
130911,Batman: Gotham City Strategy Game,2.0,4.0,90.0,2.3261,6.0667,Comic Book / Strip;Miniatures,Area Majority / Influence;Campaign / Battle Card Driven;Dice Rolling;Variable Player Powers,7966.0,Comic Book / Strip,879.0,1.0,0.7109813678954644,0.7139445362371161,0.7866526808265162
300867,Batman: Le sauveur de Gotham City,2.0,8.0,30.0,2.0,5.10182,Comic Book / Strip,,,Comic Book / Strip,11.0,1.0,0.8209220690651828,0.6065306597126334,0.7630360457555633
435623,Batman: Le Sauveur de Gotham City,2.0,8.0,45.0,,,Comic Book / Strip,,,Comic Book / Strip,0.0,1.0,1.0,0.5,
336558,Batman: Perigo em Gotham,2.0,4.0,45.0,,,Comic Book / Strip,Dice Rolling,,Comic Book / Strip,0.0,1.0,1.0,0.5,
208533,Batman: The Animated Series – Almost Got 'Im Card Game,5.0,8.0,30.0,1.0,5.48758,Bluffing;Card Game;Comic Book / Strip;Deduction;Party Game,Betting and Bluffing;Deduction;Hand Management;Hidden Roles;Open Drafting;Set Collection;Traitor Game;Variable Player Powers,28440.0,Bluffing,153.0,0.5,0.8209220690651828,0.36787944117144233,0.549949802047325
252693,Batman: The Animated Series – Gotham City Under Siege,1.0,5.0,60.0,2.2353,7.08616,Comic Book / Strip;Dice;Fighting;Miniatures;Movies / TV / Radio theme,Cooperative Game;Dice Rolling;Hand Management;Point to Point Movement;Variable Player Powers,4799.0,Comic Book / Strip,652.0,1.0,0.8683883697146904,0.6822562217347137,0.8372829182898809
21169,Batman: The Chase Through Gotham City,2.0,7.0,,1.0,5.5,Comic Book / Strip;Movies / TV / Radio theme;Racing,Roll / Spin and Move,,Comic Book / Strip,5.0,1.0,0.5,0.36787944117144233,0.6610758882342884
232346,The Battle for Gotham City,2.0,4.0,,1.0,4.625,Comic Book / Strip;Dice,Roll / Spin and Move,,Comic Book / Strip,8.0,1.0,0.5,0.36787944117144233,0.6392008882342884
202513,BattleGoats,2.0,6.0,30.0,1.1429,7.00688,Card Game,Memory;Player Elimination;Variable Player Powers,13686.0,Card Game,96.0,1.0,0.8209220690651828,0.39512622822677507,0.7683816594583915
478267,Battle Goomis,1.0,4.0,45.0,,,Card Game;Dice;Fighting,Dice Rolling;Hand Management;Player Elimination;Take That,,Card Game,0.0,1.0,1.0,0.5,
434430,Battle Monsters: Godzilla vs. King Ghidorah,1.0,4.0,,,7.0,Fighting;Miniatures;Movies / TV / Radio theme;Science Fiction,Action Points;Critical Hits and Failures;Dice Rolling;Die Icon Resolution;Hexagon Grid;Line of Sight;Moving Multiple Units;Solo / Solitaire Game,,Fighting,5.0,1.0,0.5,0.5,0.7249999999999999
143847,The Battle of Changde: Operation Yo Go,1.0,2.0,120.0,1.6667,7.125,Wargame;World War II,Hexagon Grid,,Wargame,8.0,0.0,0.6165754530113879,0.5134256760558843,0.40412522581345445
401795,Battle of Gods,2.0,4.0,60.0,2.0,7.42492,Card Game;Dice;Miniatures;Mythology,Area Movement;Dice Rolling;Die Icon Resolution;Different Dice Movement;Kill Steal;Multi-Use Cards;Passed Action Token;Player Elimination;Push Your Luck;Re-rolling and Locking,8908.0,Card Game,183.0,1.0,0.8683883697146904,0.6065306597126334,0.8306068058854648
333570,Battle of GOG,2.0,4.0,180.0,,6.65385,Abstract Strategy;Fantasy,Area Majority / Influence;Dice Rolling;Set Collection;Square Grid;Variable Set-up,,Abstract Strategy,13.0,1.0,0.5041266174373653,0.5,0.7171715734874731
167855,Battle of Golems: The Algorithmic Card Game,2.0,4.0,20.0,3.0,7.8,Card Game;Educational;Print & Play,Action Queue;Critical Hits and Failures;Events;Grid Movement;Hand Management;Pattern Recognition;Programmed Movement;Simultaneous Action Selection;Solo / Solitaire Game;Variable Player Powers,,Card Game,10.0,1.0,0.6756639246921762,1.0,0.8801327849384353
402123,The Battle of Khalkhin Gol,1.0,2.0,240.0,2.0,7.75,Wargame;World War II,Dice Rolling;Hexagon Grid;Secret Unit Deployment;Simulation;Solo / Solitaire Game;Variable Set-up;Zone of Control,,Wargame,12.0,0.0,0.43688828010671776,0.6065306597126334,0.4024337879638703
42118,Battle of the Gods,2.0,4.0,45.0,,7.0,Mythology,,,Mythology,1.0,1.0,1.0,0.5,0.825
95661,Mythos,2.0,2.0,15.0,,5.5,Bluffing;Card Game;Mythology,Hand Management,,Bluffing,4.0,0.0,0.5897678246195884,0.5,0.3554535649239177
446850,"A Battle, Furious, Bloody, Repulsive, Crimson, Gory, Boisterous, Manly, Rough, Fierce, Unmerciful, and Hostile",2.0,2.0,60.0,2.0,8.84625,Medieval;Wargame,Hexagon Grid,,Medieval,8.0,0.0,0.8683883697146904,0.6065306597126334,0.5161400558854647
3967,Battlefleet Gothic,2.0,4.0,180.0,2.9052,7.09685,Miniatures;Science Fiction;Wargame,Line of Sight;Measurement Movement;Simulation;Variable Player Powers,3811.0,Miniatures,984.0,1.0,0.5041266174373653,0.9537058389481508,0.8189877412771032
307971,Fairy Tale Inn,2.0,2.0,20.0,1.3077,6.94264,Abstract Strategy,Chaining;Enclosure;Square Grid;Victory Points as a Resource,4275.0,Abstract Strategy,814.0,0.0,0.6756639246921762,0.4290636511847474,0.39451151517538474
150198,Bear vs Gorilla vs CEO vs Hippie,2.0,4.0,,1.0,4.25,Card Game,Hand Management;Player Elimination,,Card Game,12.0,1.0,0.5,0.36787944117144233,0.6298258882342884
343052,Bee Good,2.0,6.0,60.0,,8.2,Animals;Children's Game;Educational;Environmental,Cooperative Game;Dice Rolling;Hexagon Grid;Modular Board;Tile Placement,,Animals,10.0,1.0,0.8683883697146904,0.5,0.828677673942938
452438,Beer Goggles Game,2.0,99.0,,,1.0,Action / Dexterity;Mature / Adult;Party Game,Action / Event;Drawing;Voting,,Action / Dexterity,1.0,1.0,0.5,0.5,0.575
17489,Behind Every Good Man,2.0,6.0,45.0,,5.5,Card Game;Humor;Print & Play,,,Card Game,2.0,1.0,1.0,0.5,0.7875000000000001
455173,Behind Gold,1.0,99.0,45.0,,7.30833,Deduction;Puzzle,Cooperative Game;Deduction;Pattern Recognition,,Deduction,12.0,1.0,1.0,0.5,0.83270825
35961,Beim Jupiter: Göttliche Sticheleien,3.0,5.0,45.0,2.0,6.08421,Card Game,Trick-taking,20080.0,Card Game,76.0,1.0,1.0,0.6065306597126334,0.8234113819425267
24735,Benny Goodman Swings into a Game of Musical Information,3.0,,30.0,,,Music;Trivia,Paper-and-Pencil;Singing,,Music,0.0,0.0,0.8209220690651828,0.5,
27948,Beppo der Bock,2.0,4.0,15.0,1.1154,5.80827,Action / Dexterity;Children's Game;Racing,,16356.0,Action / Dexterity,306.0,1.0,0.5897678246195884,0.38973042375614814,0.6911063996751472
467209,Bible Clash: Gospels,2.0,3.0,15.0,,1.0,Card Game;Educational;Religious,Card Play Conflict Resolution;Hand Management;Stat Check Resolution;Variable Player Powers,,Card Game,2.0,0.5,0.5897678246195884,0.5,0.41795356492391766
222991,Big Boom... or Golden Age,2.0,6.0,,,,Science Fiction,Roll / Spin and Move;Team-Based Game,,Science Fiction,0.0,1.0,0.5,0.5,
426968,Big Orange: Good Luck,2.0,4.0,40.0,,,Party Game,,,Party Game,0.0,1.0,0.9440891630699333,0.5,
288058,Big Time Golf,2.0,2.0,45.0,,,Card Game;Print & Play;Sports,Dice Rolling;Simulation,,Card Game,0.0,0.0,1.0,0.5,
18546,Billy Goat,2.0,6.0,10.0,,2.0,Action / Dexterity;Animals;Children's Game,,,Action / Dexterity,1.0,1.0,0.4890096469218258,0.5,0.5978019293843652
124638,Ziege mit Fliege,2.0,6.0,10.0,,4.93333,Animals;Children's Game;Memory,Memory,,Animals,15.0,1.0,0.4890096469218258,0.5,0.6711351793843651
362375,Birdie!: Golf Nano Game,1.0,4.0,60.0,1.75,6.85294,Print & Play;Sports,Dice Rolling;Simulation,,Print & Play,17.0,1.0,0.8683883697146904,0.5352614285189903,0.8020534596467361
302022,BIRDIE!: The Disc Golf Board Game,2.0,6.0,90.0,2.6,6.29783,Sports,Dice Rolling;Push Your Luck;Take That,16819.0,Sports,117.0,1.0,0.7109813678954644,0.8187307530779819,0.8133881741946893
370914,Black God's Gambit,1.0,2.0,30.0,,,Fantasy,Hexagon Grid,,Fantasy,0.0,0.0,0.8209220690651828,0.5,
22106,Black Gold,2.0,4.0,,,4.0,Economic;Industry / Manufacturing,Dice Rolling;Roll / Spin and Move,,Economic,2.0,1.0,0.5,0.5,0.6499999999999999
35426,Black Gold,2.0,6.0,,1.0,3.0,Economic;Industry / Manufacturing,Commodity Speculation;Dice Rolling,,Economic,1.0,1.0,0.5,0.36787944117144233,0.5985758882342884
93724,Black Gold,2.0,5.0,120.0,2.5797,6.77543,Bluffing;Economic;Exploration,Auction / Bidding;Commodity Speculation,3717.0,Bluffing,1231.0,1.0,0.6165754530113879,0.8104626674519083,0.8047933740926592
11399,Black Gold (Texas Tea),2.0,2.0,180.0,1.6,6.66635,Wargame;World War II,Hexagon Grid,19560.0,Wargame,52.0,0.0,0.5041266174373653,0.4965853037914095,0.366801134245755
161957,Black Sheep Gone Wild,3.0,20.0,30.0,,,Card Game;Humor;Mature / Adult;Party Game,Area-Impulse;Simultaneous Action Selection;Voting,,Card Game,0.0,1.0,0.8209220690651828,0.5,
142322,Black Stories Junior: Golden Stories,2.0,15.0,222.0,1.0,4.81043,Card Game;Deduction;Fantasy;Humor;Party Game,Storytelling,29110.0,Card Game,46.0,1.0,0.45417840867420106,0.36787944117144233,0.6346723199691288
260988,Black Stories: Bloody Cases Edition,2.0,99.0,222.0,1.0,4.93333,Card Game;Deduction;Horror;Murder / Mystery;Party Game,Storytelling,,Card Game,15.0,1.0,0.45417840867420106,0.36787944117144233,0.6377448199691287
25685,Blackbeard: The Golden Age of Piracy,1.0,5.0,120.0,3.3135,6.11346,Adventure;Age of Reason;Nautical;Pike and Shot;Pirates;Wargame,Action Points;Hand Management;Simulation;Solo / Solitaire Game;Variable Player Powers,6751.0,Adventure,1244.0,1.0,0.6165754530113879,0.8549177615441174,0.7971351429111011
439083,Blackjack Golf,2.0,6.0,60.0,,7.6,Party Game;Sports,Dice Rolling;Map Addition;Push Your Luck,,Party Game,11.0,1.0,0.8683883697146904,0.5,0.8136776739429381
39527,Block Buster,2.0,4.0,30.0,1.75,6.26531,Abstract Strategy,Enclosure;Tile Placement,22999.0,Abstract Strategy,49.0,1.0,0.8209220690651828,0.5352614285189903,0.7778694495168347
12665,Blockbusters Gold Run Card Game,2.0,2.0,20.0,1.0,4.86842,Movies / TV / Radio theme;Trivia,,,Movies / TV / Radio theme,19.0,0.0,0.6756639246921762,0.36787944117144233,0.33041917317272373
16395,Blokus Duo,2.0,2.0,20.0,1.6739,6.82624,Abstract Strategy;Territory Building,Enclosure;Grid Coverage;Square Grid;Tile Placement,1495.0,Abstract Strategy,6134.0,0.0,0.6756639246921762,0.5152773394840601,0.4088442528352473
25896,Blondie Goes to Leisureland,,,,,,Children's Game;Comic Book / Strip,Roll / Spin and Move,,Children's Game,0.0,0.0,0.5,0.5,
299523,Blood & Gold: Naval Warfare During The Age of Piracy,1.0,1.0,60.0,,8.0,Adventure;Age of Reason;Nautical;Pirates;Wargame,Dice Rolling;Point to Point Movement,,Adventure,1.0,0.0,0.8683883697146904,0.5,0.4736776739429381
299564,Bloody Close Quarters: Rules for Fighting the Last Desperate Moments of a Naval Battle in the Golden Age of Piracy,2.0,2.0,,,,Age of Reason;Book;Miniatures;Nautical;Pike and Shot;Pirates;Wargame,,,Age of Reason,0.0,0.0,0.5,0.5,
107868,Bloody Hell: Operations Goodwood and Spring,1.0,2.0,420.0,2.0,7.34,Wargame;World War II,Chit-Pull System;Hexagon Grid,,Wargame,25.0,0.0,0.3305505376750198,0.6065306597126334,0.37091623947753066
478472,Bluey: Let’s Go Shopping Game,2.0,4.0,,,,Animals;Children's Game;Economic,Matching,,Animals,0.0,1.0,0.5,0.5,
32340,The Golden Compass,2.0,4.0,30.0,1.4,4.37838,Card Game;Fantasy;Movies / TV / Radio theme,,30418.0,Card Game,74.0,1.0,0.8209220690651828,0.44932896411722156,0.713509706636481
381084,Boba Goba,2.0,5.0,15.0,,10.0,Card Game;Fantasy,,,Card Game,1.0,1.0,0.5897678246195884,0.5,0.8179535649239177
436956,Body Be Gone,3.0,6.0,45.0,,6.0,Card Game;Humor;Party Game,Open Drafting;Storytelling,,Card Game,2.0,1.0,1.0,0.5,0.8
1293,Boggle,1.0,8.0,10.0,1.4559,6.25467,Dice;Real-time;Word Game,Dice Rolling;Paper-and-Pencil;Pattern Recognition;Spelling,3006.0,Dice,9025.0,1.0,0.4890096469218258,0.46206486376292116,0.6965816521369493
469335,Boo Boo (SUPER PIG) GO TO CITY,2.0,4.0,,,10.0,Animals;Children's Game,,,Animals,1.0,1.0,0.5,0.5,0.7999999999999999
392809,Boo to the Goose,2.0,5.0,15.0,1.0,5.9,Animals;Bluffing;Deduction,Push Your Luck,23867.0,Animals,58.0,1.0,0.5897678246195884,0.36787944117144233,0.6890294531582062
257225,Boom Goes the Dynamite,2.0,6.0,20.0,1.0,5.45088,Card Game;Children's Game;Math;Memory,Hand Management;Memory;Modular Board;Push Your Luck,27103.0,Card Game,34.0,1.0,0.6756639246921762,0.36787944117144233,0.6949806731727237
235467,"Boom, Bang, Gold",2.0,4.0,20.0,1.1667,6.05266,Action / Dexterity;American West;Party Game;Real-time,Simultaneous Action Selection,16281.0,Action / Dexterity,188.0,1.0,0.6756639246921762,0.3998563185612881,0.7164205486506929
440502,Borobudur: The Golden Era,2.0,4.0,120.0,,9.0,Ancient,"Chaining;Contracts;Deck, Bag, and Pool Building;Open Drafting;Rondel;Square Grid;Worker Placement;Worker Placement, Different Worker Types",,Ancient,1.0,1.0,0.6165754530113879,0.5,0.7983150906022776
12604,Box of Golf: A Classic Golf Board Game,1.0,4.0,90.0,1.32,6.28733,Sports,Point to Point Movement,13839.0,Sports,154.0,1.0,0.7109813678954644,0.43171052342907973,0.7357216282649088
127427,Boxing For Gold,1.0,2.0,,,5.5,Dice;Sports,,,Dice,2.0,0.0,0.5,0.5,0.3375
319959,The Boys: This Is Going to Hurt,2.0,5.0,120.0,2.5,6.44444,Comic Book / Strip;Spies / Secret Agents,Action Points;Critical Hits and Failures;Dice Rolling;Finale Ending,22314.0,Comic Book / Strip,54.0,1.0,0.6165754530113879,0.7788007830714049,0.7901862472165586
244911,Brainwaves: The Wise Whale,1.0,4.0,15.0,1.0,6.21083,,Memory,23642.0,,60.0,1.0,0.5897678246195884,0.36787944117144233,0.6968002031582061
244913,Brainwaves: The Brilliant Boar,1.0,4.0,15.0,1.3333,6.51428,Card Game,Memory,21671.0,Card Game,60.0,1.0,0.5897678246195884,0.4345909652639636,0.7177287579767104
126679,Brainbox: On The Go Cornwall,1.0,,10.0,,4.0,Children's Game;Memory;Trivia,Memory,,Children's Game,1.0,0.0,0.4890096469218258,0.5,0.29780192938436517
126680,Brainbox: On The Go Devon,1.0,,10.0,,,Children's Game;Memory;Trivia,Memory,,Children's Game,0.0,0.0,0.4890096469218258,0.5,
244910,Brainwaves: The Astute Goose,1.0,5.0,15.0,1.0,6.36064,Card Game;Memory,Dice Rolling;Memory,20046.0,Card Game,88.0,1.0,0.5897678246195884,0.36787944117144233,0.700545453158206
57888,Brasfield & Gorrie Constructionopoly,2.0,6.0,60.0,,,Economic,Roll / Spin and Move,,Economic,0.0,1.0,0.8683883697146904,0.5,
187132,それでも勇者は行く (The Brave Still Go Around),3.0,6.0,20.0,,4.0,Fantasy,,,Fantasy,1.0,1.0,0.6756639246921762,0.5,0.6851327849384352
71951,Bravo Gorilla,2.0,2.0,30.0,2.0,7.33333,Animals;Bluffing,Rock-Paper-Scissors;Secret Unit Deployment,,Animals,3.0,0.0,0.8209220690651828,0.6065306597126334,0.46882379575556327
314968,Break Par Golf Game,1.0,4.0,30.0,,,Sports,Move Through Deck,,Sports,0.0,1.0,0.8209220690651828,0.5,
250449,"BriarMaze: A Solitaire Game of Cats, Briars, and Gothic Horror",1.0,1.0,20.0,1.5,7.08571,Card Game;Horror;Murder / Mystery,Dice Rolling;Paper-and-Pencil;Role Playing,,Card Game,7.0,0.0,0.6756639246921762,0.4723665527410147,0.40674884548663814
254275,Brink: aim for the edge but don't go over!,2.0,10.0,15.0,,10.0,Action / Dexterity,Push Your Luck,,Action / Dexterity,2.0,1.0,0.5897678246195884,0.5,0.8179535649239177
46723,Britain's Got Talent The Electronic Board Game,4.0,10.0,,,3.0,Movies / TV / Radio theme;Music;Party Game,,,Movies / TV / Radio theme,2.0,1.0,0.5,0.5,0.6249999999999999
26286,Bugs Bunny's: Who's Got The Carrot Game,3.0,4.0,30.0,,3.5,Animals;Children's Game;Movies / TV / Radio theme,Roll / Spin and Move,,Animals,1.0,1.0,0.8209220690651828,0.5,0.7016844138130366
107829,Building an Elder God,2.0,5.0,15.0,1.0,4.81137,Card Game;Fighting;Horror;Novel-based;Print & Play,Tile Placement,30548.0,Card Game,124.0,1.0,0.5897678246195884,0.36787944117144233,0.6618137031582061
88559,Bullfrog Goldfield,2.0,5.0,240.0,3.56,6.65987,Economic;Trains,Action Points;Area Majority / Influence;Auction / Bidding;Commodity Speculation;End Game Bonuses;Income;Investment;Network and Route Building;Ownership;Push Your Luck;Simulation;Stock Holding;Turn Order: Stat-Based;Variable Phase Order;Variable Player Powers;Variable Set-up;Victory Points as a Resource,11714.0,Economic,152.0,1.0,0.43688828010671776,0.7557837414557255,0.7550311543124887
11850,Bumper Golf,2.0,4.0,20.0,3.0,5.0,Action / Dexterity;Sports,,,Action / Dexterity,2.0,1.0,0.6756639246921762,1.0,0.8101327849384352
365030,Bunker Golf,,,,,7.5,Action / Dexterity;Children's Game;Sports,,,Action / Dexterity,1.0,0.0,0.5,0.5,0.3875
42373,Bunul gospodar,2.0,4.0,60.0,1.0,5.11222,Economic;Negotiation,Roll / Spin and Move;Set Collection,,Economic,9.0,1.0,0.8683883697146904,0.36787944117144233,0.7250590621772266
7679,Busine$$ GO,2.0,5.0,60.0,1.75,5.94588,Economic,Roll / Spin and Move;Stock Holding,26981.0,Economic,34.0,1.0,0.8683883697146904,0.5352614285189903,0.7793769596467361
23607,Business Game Amersfoort,2.0,4.0,120.0,,3.61765,City Building;Dice;Economic;Educational,Dice Rolling;Pattern Building;Roll / Spin and Move;Set Collection;Tile Placement,,City Building,17.0,1.0,0.6165754530113879,0.5,0.6637563406022776
21922,Buster Brown and the Goat,2.0,4.0,10.0,,,Bluffing;Card Game;Children's Game;Comic Book / Strip;Memory,Hand Management;Hot Potato;Memory;Set Collection,,Bluffing,0.0,1.0,0.4890096469218258,0.5,
28036,"Button, Button, who's got Bear's Button?",2.0,2.0,10.0,,,Animals;Children's Game,Pattern Recognition,,Animals,0.0,0.0,0.4890096469218258,0.5,
3507,By Golly!,2.0,6.0,15.0,1.069,5.93978,Animals;Card Game;Children's Game;Memory,Memory;Set Collection,13207.0,Animals,325.0,1.0,0.5897678246195884,0.3807927557544314,0.6926066160748039
209285,"Ich glaub, mein Schwein pfeift",2.0,4.0,15.0,1.0,5.34211,Animals;Bluffing;Children's Game;Racing,Push Your Luck,27276.0,Animals,38.0,1.0,0.5897678246195884,0.36787944117144233,0.6750822031582061
471538,Cada Gota Cuenta,2.0,4.0,60.0,,,Card Game;City Building;Educational;Environmental,Events;Multi-Use Cards;Ownership;Resource to Move,,Card Game,0.0,1.0,0.8683883697146904,0.5,
151460,Cadi Golf,2.0,4.0,45.0,,8.0,Sports,Point to Point Movement,,Sports,1.0,1.0,1.0,0.5,0.8500000000000001
29217,CAGE's Open Invitation Golf Classic,2.0,4.0,,,,Sports,Open Drafting;Point to Point Movement,,Sports,0.0,1.0,0.5,0.5,
406907,16 lueurs d'hiver,1.0,10.0,20.0,,6.97027,Animals;Dice;Environmental,Dice Rolling;Paper-and-Pencil;Solo / Solitaire Game,18623.0,Animals,37.0,1.0,0.6756639246921762,0.5,0.7593895349384352
248101,Bee Hive Game,1.0,2.0,10.0,,6.75,Action / Dexterity;Animals;Children's Game,,,Action / Dexterity,4.0,0.0,0.4890096469218258,0.5,0.3665519293843652
310466,The Bee-Hive of Fun,3.0,12.0,,,,Party Game,,,Party Game,0.0,1.0,0.5,0.5,
302515,Bug Wars: Insect Armies Battle for Hive Domination on an 'Eat or be Eaten' world,2.0,2.0,60.0,,,Animals;Wargame,,,Animals,0.0,0.0,0.8683883697146904,0.5,
399956,Fight in the Hive,2.0,6.0,60.0,,,Fantasy;Fighting,Alliances;End Game Bonuses;Kill Steal;Matching;Player Elimination,,Fantasy,0.0,1.0,0.8683883697146904,0.5,
174237,For Hive and Colony: The Great Insect War,2.0,2.0,20.0,,,Action / Dexterity;Animals;Card Game;Print & Play,Hand Management,,Action / Dexterity,0.0,0.0,0.6756639246921762,0.5,
40568,Guard the Hive's Golden Treasure!,1.0,2.0,,,,Children's Game,Roll / Spin and Move,,Children's Game,0.0,0.0,0.5,0.5,
434655,Hex Hive: Bumbling Bees,2.0,3.0,20.0,,,Abstract Strategy,Flicking;Grid Movement;Hexagon Grid,,Abstract Strategy,0.0,0.5,0.6756639246921762,0.5,
432873,Hex Hive: Buzzerker,2.0,4.0,30.0,,,Abstract Strategy,Grid Movement;Hexagon Grid;Set Collection,,Abstract Strategy,0.0,1.0,0.8209220690651828,0.5,
434247,Hex Hive: Larvae,2.0,3.0,20.0,,,Abstract Strategy,Grid Movement;Hexagon Grid,,Abstract Strategy,0.0,0.5,0.6756639246921762,0.5,
431153,Hex Hive: Pollinators,2.0,4.0,30.0,,,Abstract Strategy,Grid Movement;Hexagon Grid,,Abstract Strategy,0.0,1.0,0.8209220690651828,0.5,
435488,Hex Hive: Skirmish,2.0,2.0,20.0,,,Abstract Strategy;Animals,Dice Rolling;Grid Movement;Hexagon Grid;Programmed Movement;Roll / Spin and Move,,Abstract Strategy,0.0,0.0,0.6756639246921762,0.5,
433302,Hex Hive: Swarm,2.0,2.0,60.0,,,Abstract Strategy;Dice,Grid Movement;Hexagon Grid;Slide / Push,,Abstract Strategy,0.0,0.0,0.8683883697146904,0.5,
434484,Hex Hive: Syzygy,2.0,2.0,30.0,,,Abstract Strategy,Hexagon Grid;Set Collection,,Abstract Strategy,0.0,0.0,0.8209220690651828,0.5,
2655,Hive,2.0,2.0,20.0,2.3119,7.31351,Abstract Strategy;Animals,Enclosure;Grid Movement;Hexagon Grid;Pattern Movement;Pieces as Map;Three Dimensional Movement;Tile Placement,337.0,Abstract Strategy,40772.0,0.0,0.6756639246921762,0.7088934824892547,0.4597492314362862
21375,Hive Alive,2.0,2.0,30.0,1.0,5.0,Animals;Children's Game;Educational;Math,,,Animals,4.0,0.0,0.8209220690651828,0.36787944117144233,0.36276030204732507
94667,Hive Mind,3.0,6.0,15.0,3.0,5.0,Adventure;Card Game;Fighting;Horror;Science Fiction,Campaign / Battle Card Driven;Team-Based Game;Variable Player Powers,,Adventure,1.0,1.0,0.5897678246195884,1.0,0.7929535649239177
187280,Hive Mind,2.0,6.0,45.0,,8.0,Animals;Card Game;Humor,,,Animals,2.0,1.0,1.0,0.5,0.8500000000000001
201308,Hive Mind,3.0,12.0,90.0,1.0909,7.12876,Party Game,Cooperative Game;Paper-and-Pencil,4190.0,Party Game,751.0,1.0,0.7109813678954644,0.384985348986102,0.7474123433763133
154597,Hive Pocket,2.0,2.0,20.0,2.2044,7.68629,Abstract Strategy;Animals,Enclosure;Grid Movement;Hexagon Grid;Pattern Movement;Pieces as Map;Slide / Push;Three Dimensional Movement;Tile Placement,,Abstract Strategy,15380.0,0.0,0.6756639246921762,0.6717963735016783,0.46164930963877093
247946,Hive Smashers,2.0,2.0,20.0,,7.0,Card Game;Fantasy;Fighting,Point to Point Movement,,Card Game,1.0,0.0,0.6756639246921762,0.5,0.41013278493843525
427593,Hive Ultimate,2.0,2.0,20.0,2.25,8.35884,Abstract Strategy;Animals,Enclosure;Grid Movement;Hexagon Grid;Pattern Movement;Pieces as Map;Three Dimensional Movement;Tile Placement,,Abstract Strategy,207.0,0.0,0.6756639246921762,0.6872892787909722,0.4815616406966297
60075,Hive Wars!,2.0,2.0,90.0,,,Fighting;Science Fiction;Wargame,Hexagon Grid,,Fighting,0.0,0.0,0.7109813678954644,0.5,
357319,Hivemind,2.0,4.0,15.0,1.0,6.64286,Real-time,Communication Limits;Cooperative Game;Real-Time,,Real-time,7.0,1.0,0.5897678246195884,0.36787944117144233,0.7076009531582061
84331,HiveQueen,2.0,2.0,45.0,,,Abstract Strategy,Grid Movement,,Abstract Strategy,0.0,0.0,1.0,0.5,
328855,Hivernation,2.0,4.0,30.0,,7.0,Abstract Strategy,Hexagon Grid;Line of Sight;Tile Placement,,Abstract Strategy,5.0,1.0,0.8209220690651828,0.5,0.7891844138130366
459526,Honey Hive,1.0,1.0,10.0,,10.0,Dice;Print & Play;Puzzle,Dice Rolling;Solo / Solitaire Game,,Dice,1.0,0.0,0.4890096469218258,0.5,0.44780192938436514
426095,Necromunda: Hive Secundus,2.0,2.0,,,7.335,Fighting;Miniatures;Science Fiction,Action Points;Dice Rolling;Scenario / Mission / Campaign Game,,Fighting,20.0,0.0,0.5,0.5,0.383375
363009,Necromunda: Hive War,2.0,2.0,45.0,,7.695,Fighting;Miniatures;Science Fiction,Action Points;Dice Rolling;Scenario / Mission / Campaign Game,,Fighting,26.0,0.0,1.0,0.5,0.49237500000000006
5771,"Frühling, Sommer, Herbst und Winter",2.0,4.0,20.0,,5.75,Children's Game;Dice;Environmental,Dice Rolling,,Children's Game,10.0,1.0,0.6756639246921762,0.5,0.7288827849384352
3249,Rescue from the Hive,1.0,2.0,60.0,2.3125,5.86118,Science Fiction;Wargame,Area Movement;Dice Rolling;Grid Movement;Movement Points;Pick-up and Deliver;Secret Unit Deployment;Simulation;Variable Set-up,20915.0,Science Fiction,170.0,0.0,0.8683883697146904,0.7091061824373984,0.46202841043041776
4709,An Evening of Murder: Dead of Winter,8.0,8.0,180.0,,4.0,Deduction;Murder / Mystery;Party Game,Role Playing,,Deduction,1.0,0.0,0.5041266174373653,0.5,0.30082532348747304
429262,"Warhammer 40,000: Kill Team – Hivestorm",1.0,2.0,90.0,3.75,8.53233,Fighting;Miniatures;Science Fiction;Wargame,Action Points;Dice Rolling;Line of Sight;Measurement Movement;Solo / Solitaire Game;Variable Player Powers,8468.0,Fighting,116.0,0.0,0.7109813678954644,0.6872892787909722,0.49296237933728737
163412,Patchwork,2.0,2.0,30.0,1.5999,7.57629,Abstract Strategy;Economic;Puzzle,Grid Coverage;Income;Open Drafting;Rondel;Square Grid;Tile Placement;Turn Order: Stat-Based;Turn Order: Time Track;Victory Points as a Resource,149.0,Abstract Strategy,74996.0,0.0,0.8209220690651828,0.49656047514694124,0.45290375884242484
41585,FlipOut,2.0,5.0,15.0,1.0833,6.04328,Abstract Strategy;Card Game;Children's Game;Educational,Hand Management;Memory;Pattern Recognition;Set Collection;Trading,15180.0,Abstract Strategy,204.0,1.0,0.5897678246195884,0.3835251807366974,0.695740601071257
242544,Prinzessin Mix-Max,2.0,4.0,10.0,1.3333,6.18333,Children's Game;Dice;Fantasy;Puzzle,Dice Rolling;Roll / Spin and Move;Set Collection,,Children's Game,24.0,1.0,0.4890096469218258,0.4345909652639636,0.6893033724371578
264239,Patchwork Doodle,1.0,6.0,20.0,1.2564,6.57259,Puzzle,Bingo;Dice Rolling;Paper-and-Pencil,3143.0,Puzzle,2300.0,1.0,0.6756639246921762,0.4181981147534653,0.7330871578891283
246639,Patchwork Express,2.0,2.0,10.0,1.5833,6.93318,Abstract Strategy;Puzzle,Grid Coverage;Open Drafting;Square Grid;Tile Placement;Turn Order: Time Track;Victory Points as a Resource,3433.0,Abstract Strategy,1205.0,0.0,0.4890096469218258,0.4924560800056792,0.36962264538550105
333051,Patchwork Garden,1.0,99.0,10.0,,,Children's Game;Memory,Memory,,Children's Game,0.0,1.0,0.4890096469218258,0.5,
362693,Stack'n Stuff: A Patchwork Game,2.0,2.0,30.0,1.6,7.04922,Abstract Strategy;Puzzle,Grid Coverage;Open Drafting;Square Grid;Tile Placement;Turn Order: Time Track;Victory Points as a Resource,7909.0,Abstract Strategy,245.0,0.0,0.8209220690651828,0.4965853037914095,0.4397319745713185
440483,ツギハギキングダム (Patchwork Kingdom),2.0,9.0,15.0,,7.0,,,,,1.0,1.0,0.5897678246195884,0.5,0.7429535649239176
9963,Santorini,2.0,3.0,20.0,2.3478,7.18354,Abstract Strategy;Ancient;Mythology,Grid Movement;Square Grid;Three Dimensional Movement;Tile Placement;Variable Player Powers,5867.0,Abstract Strategy,397.0,0.5,0.6756639246921762,0.7217330105218782,0.6340678870428109
146645,Santorini,2.0,2.0,20.0,3.3333,7.13636,Abstract Strategy;City Building,,,Abstract Strategy,22.0,0.0,0.6756639246921762,0.8464958330369299,0.48284095154582124
194655,Santorini,2.0,4.0,20.0,1.7172,7.32876,Abstract Strategy;Ancient;Mythology,Grid Movement;Map Reduction;Race;Square Grid;Team-Based Game;Three Dimensional Movement;Variable Player Powers,316.0,Abstract Strategy,42627.0,1.0,0.6756639246921762,0.5265547311548998,0.7736627311694153
315631,Santorini: New York,2.0,5.0,30.0,1.9375,6.91377,Abstract Strategy;Industry / Manufacturing,Grid Movement;Hand Management;Race;Square Grid;Three Dimensional Movement;Turn Order: Role Order;Variable Player Powers,3925.0,Abstract Strategy,1006.0,1.0,0.8209220690651828,0.5878696731223465,0.8046025984375059
386166,Santorini: Pantheon Edition,2.0,4.0,20.0,1.7059,8.50004,Abstract Strategy;Ancient;Mythology,Grid Movement;Map Reduction;Race;Square Grid;Team-Based Game;Three Dimensional Movement;Variable Player Powers,1323.0,Abstract Strategy,1282.0,1.0,0.6756639246921762,0.523588085589488,0.8023514020563329
439107,Santorini: Second Edition,2.0,4.0,30.0,2.0,8.00591,Abstract Strategy;Ancient;Mythology,Grid Movement;Map Reduction;Race;Square Grid;Team-Based Game;Three Dimensional Movement;Variable Player Powers,4861.0,Abstract Strategy,395.0,1.0,0.8209220690651828,0.6065306597126334,0.8356382957555633
25669,Qwirkle,2.0,4.0,45.0,1.5763,6.77412,Abstract Strategy,Hand Management;Pattern Building;Square Grid;Tile Placement,1088.0,Abstract Strategy,22501.0,1.0,1.0,0.4907354965032173,0.8175000993006435
171489,Qwirkle Cards,2.0,4.0,20.0,1.4444,6.056,Card Game,Hand Management;Set Collection,10495.0,Card Game,528.0,1.0,0.6756639246921762,0.45941561468660785,0.7284159078757568
39813,Qwirkle Cubes,2.0,4.0,45.0,1.5811,6.5776,Abstract Strategy;Dice,Dice Rolling;Pattern Building;Pattern Recognition;Tile Placement,3916.0,Abstract Strategy,1516.0,1.0,1.0,0.4919146761443882,0.8128229352288777
448908,Qwirkle Flex,2.0,4.0,60.0,2.0,7.41407,Abstract Strategy,Hand Management;Pattern Building;Square Grid;Tile Placement,12866.0,Abstract Strategy,72.0,1.0,0.8683883697146904,0.6065306597126334,0.8303355558854648
197614,Qwirkle Mega Pack,2.0,4.0,60.0,1.0,7.32432,Abstract Strategy,Hand Management;Pattern Building;Tile Placement,,Abstract Strategy,37.0,1.0,0.8683883697146904,0.36787944117144233,0.7803615621772266
134824,Qwirkle Trio,2.0,4.0,45.0,1.25,7.09557,Abstract Strategy,Pattern Building;Pattern Recognition;Tile Placement,,Abstract Strategy,131.0,1.0,1.0,0.4168620196785084,0.8107616539357017
398683,"A game about deciding which cards to use before the game, technically known as 'deck construction', designed basically just for one event.",2.0,2.0,40.0,,8.0,Card Game;Fantasy,Deck Construction;Lose a Turn,,Card Game,4.0,0.0,0.9440891630699333,0.5,0.48881783261398665
254640,Just One,3.0,7.0,60.0,1.0326,7.58794,Deduction;Party Game;Word Game,Communication Limits;Cooperative Game;Deduction;Paper-and-Pencil;Score-and-Reset Game,159.0,Deduction,35861.0,1.0,0.8683883697146904,0.3739250136246108,0.7881611766678602
54856,Just One Die Soccer,1.0,2.0,90.0,,4.0,Sports,Dice Rolling;Simulation,,Sports,2.0,0.0,0.7109813678954644,0.5,0.3421962735790929
450619,Just One: New Version,3.0,7.0,20.0,1.0,7.86249,Party Game;Word Game,Communication Limits;Cooperative Game,5352.0,Party Game,297.0,1.0,0.6756639246921762,0.36787944117144233,0.7552709231727237
2745,WaveLength,3.0,8.0,60.0,1.0,5.0,Card Game;Movies / TV / Radio theme;Party Game;Sports;Word Game,,,Card Game,4.0,1.0,0.8683883697146904,0.36787944117144233,0.7222535621772266
23596,WaveLength,4.0,8.0,45.0,1.0,6.2619,Movies / TV / Radio theme;Party Game;Trivia,Team-Based Game,22015.0,Movies / TV / Radio theme,42.0,1.0,1.0,0.36787944117144233,0.7801233882342886
262543,Wavelength,2.0,12.0,45.0,1.1047,7.18605,Party Game,Race;Targeted Clues;Team-Based Game,540.0,Party Game,19077.0,1.0,1.0,0.38765093358527475,0.8071814367170549
178900,Codenames,2.0,8.0,15.0,1.2524,7.52338,Card Game;Deduction;Party Game;Spies / Secret Agents;Word Game,Communication Limits;Deduction;Memory;Race;Team-Based Game,163.0,Card Game,105575.0,1.0,0.5897678246195884,0.41736255436286906,0.7395105757964915
450782,Codenames: Back to Hogwarts,4.0,8.0,30.0,1.7619,5.91077,Card Game;Deduction;Party Game;Spies / Secret Agents;Word Game,Communication Limits;Deduction;Team-Based Game,8724.0,Card Game,825.0,1.0,0.8209220690651828,0.5384557276347052,0.7696448093399777
301628,Codenames: Blizzard Edition,2.0,8.0,30.0,2.0,6.90441,Card Game;Deduction;Party Game;Video Game Theme;Word Game,Communication Limits;Memory;Team-Based Game,21857.0,Card Game,34.0,1.0,0.8209220690651828,0.6065306597126334,0.8081007957555633
465849,Codenames: Critical Role Adventures,2.0,4.0,25.0,2.3333,8.46082,Adventure;Card Game;Deduction;Exploration;Fantasy,Communication Limits;Cooperative Game;Deduction;Scenario / Mission / Campaign Game;Variable Player Powers,8677.0,Adventure,114.0,1.0,0.7518094115561123,0.7165193684847974,0.855186256008182
205158,Codenames: Deep Undercover,4.0,8.0,15.0,1.3158,6.55744,Card Game;Deduction;Mature / Adult;Party Game;Spies / Secret Agents;Word Game,Communication Limits;Memory;Push Your Luck;Team-Based Game,2516.0,Card Game,3989.0,1.0,0.5897678246195884,0.4308048825855873,0.7180505414410351
220775,Codenames: Disney – Family Edition,2.0,8.0,15.0,1.2162,6.58681,Card Game;Deduction;Movies / TV / Radio theme;Party Game;Word Game,Communication Limits;Memory;Pattern Recognition;Push Your Luck;Team-Based Game,2562.0,Card Game,3561.0,1.0,0.5897678246195884,0.4098762475865247,0.7145990644412227
224037,Codenames: Duet,2.0,2.0,30.0,1.3605,7.40531,Card Game;Deduction;Spies / Secret Agents;Word Game,Communication Limits;Cooperative Game;Memory,276.0,Card Game,27168.0,0.0,0.8209220690651828,0.440541776184262,0.43742551904988897
249821,Codenames: Harry Potter,2.0,2.0,15.0,1.625,6.4465,Deduction;Movies / TV / Radio theme;Novel-based;Word Game,Communication Limits;Cooperative Game;Pattern Recognition;Push Your Luck,4420.0,Deduction,1479.0,0.0,0.5897678246195884,0.5028315779709409,0.3796823805181059
272910,Codenames: Malaysia Edition,2.0,8.0,30.0,,6.76111,Card Game;Deduction;Party Game;Spies / Secret Agents;Word Game,Memory;Push Your Luck;Team-Based Game,,Card Game,18.0,1.0,0.8209220690651828,0.5,0.7832121638130366
220774,Codenames: Marvel,2.0,8.0,15.0,1.2143,6.13949,Card Game;Comic Book / Strip;Deduction;Party Game,Communication Limits;Memory;Pattern Recognition;Push Your Luck;Team-Based Game,6326.0,Card Game,1295.0,1.0,0.5897678246195884,0.4094870500494185,0.7033382249338014
198773,Codenames: Pictures,2.0,8.0,15.0,1.2351,7.17349,Card Game;Deduction;Party Game;Spies / Secret Agents,Communication Limits;Memory;Team-Based Game,514.0,Card Game,25435.0,1.0,0.5897678246195884,0.413767937399156,0.7300444024037489
366383,Codenames: Singapore Edition,2.0,8.0,15.0,,6.7,Deduction;Party Game;Word Game,Communication Limits;Push Your Luck;Team-Based Game,,Deduction,10.0,1.0,0.5897678246195884,0.5,0.7354535649239177
290028,Codenames: The Simpsons,2.0,8.0,15.0,1.2,6.59211,Card Game;Deduction;Movies / TV / Radio theme;Party Game,Memory;Pattern Recognition;Push Your Luck;Team-Based Game,10430.0,Card Game,256.0,1.0,0.5897678246195884,0.4065696597405991,0.7140702468720375
39856,Dixit,3.0,6.0,30.0,1.191,7.17785,Card Game;Humor;Party Game,Race;Simultaneous Action Selection;Singing;Storytelling;Targeted Clues;Voting,435.0,Card Game,72113.0,1.0,0.8209220690651828,0.404744206621735,0.7745795051373836
415714,Dixit Cérémonie,3.0,8.0,30.0,,7.70476,Card Game;Humor;Party Game,Race;Storytelling;Targeted Clues;Voting,15635.0,Card Game,42.0,1.0,0.8209220690651828,0.5,0.8068034138130366
119407,Dixit Jinx,3.0,6.0,15.0,1.1935,5.73907,Bluffing;Card Game;Humor;Party Game;Real-time,Acting;Simultaneous Action Selection;Singing;Voting,10764.0,Bluffing,1231.0,1.0,0.5897678246195884,0.4052504532182174,0.6924804055675611
427810,Dixit Universe Access+,1.0,4.0,20.0,1.0,6.42857,Card Game;Humor;Party Game,Cooperative Game;Storytelling;Voting,,Card Game,7.0,1.0,0.6756639246921762,0.36787944117144233,0.7194229231727238
284007,Dixit: Demo Deck,3.0,4.0,30.0,1.0,6.77089,Card Game;Humor;Party Game,Simultaneous Action Selection;Storytelling;Voting,16753.0,Card Game,79.0,1.0,0.8209220690651828,0.36787944117144233,0.7570325520473251
381308,Dixit: Disney Edition,3.0,6.0,30.0,1.0938,7.3559,Card Game;Party Game,Storytelling;Targeted Clues;Voting,1841.0,Card Game,2061.0,1.0,0.8209220690651828,0.3855439826536636,0.7751907103437694
121288,Dixit: Journey,3.0,6.0,30.0,1.2556,7.38002,Card Game;Humor;Party Game,Acting;Simultaneous Action Selection;Storytelling;Targeted Clues;Voting,909.0,Card Game,4740.0,1.0,0.8209220690651828,0.41803086895895275,0.7822910876048272
457275,Dixit: Kids,3.0,6.0,20.0,1.0,7.53803,Card Game;Fantasy,Cooperative Game,13164.0,Card Game,71.0,1.0,0.6756639246921762,0.36787944117144233,0.7471594231727238
92828,Dixit: Odyssey,3.0,12.0,30.0,1.1594,7.37699,Card Game;Humor;Party Game,Storytelling;Targeted Clues;Voting,360.0,Card Game,23198.0,1.0,0.8209220690651828,0.39839950330375246,0.7782890644737871
307090,Dixit: Print & Play,3.0,4.0,30.0,1.0,5.99856,Card Game;Party Game;Print & Play,Race;Simultaneous Action Selection;Storytelling;Targeted Clues;Voting,,Card Game,27.0,1.0,0.8209220690651828,0.36787944117144233,0.7377243020473251
22374,Dixit: The Dictionary Game,2.0,4.0,60.0,,5.66667,Word Game,Roll / Spin and Move;Tile Placement,,Word Game,12.0,1.0,0.8683883697146904,0.5,0.7653444239429381
340132,Ipse Dixit,2.0,6.0,30.0,1.0,4.5,Children's Game;Memory;Party Game,Matching;Memory;Square Grid,,Children's Game,6.0,1.0,0.8209220690651828,0.36787944117144233,0.7002603020473251
329845,Stella: Dixit Universe,3.0,6.0,30.0,1.165,7.27065,Card Game;Party Game,Deduction;Push Your Luck;Race;Targeted Clues,988.0,Card Game,4873.0,1.0,0.8209220690651828,0.39951658509768784,0.7758539808325742
98778,Hanabi,2.0,5.0,25.0,1.6922,7.02659,Card Game;Deduction;Memory,Communication Limits;Cooperative Game;Hand Management;Memory;Ordering;Set Collection,607.0,Card Game,53100.0,1.0,0.7518094115561123,0.520013763233603,0.7800293849579432
70918,Hanabi & Ikebana,2.0,5.0,25.0,1.7627,7.40741,Card Game;Deduction,Cooperative Game;Hand Management;Memory;Set Collection,,Card Game,645.0,1.0,0.7518094115561123,0.5386711530079613,0.7932813629128147
272743,Hanabi Deluxe II,2.0,5.0,25.0,2.375,7.80721,Card Game;Deduction;Memory,Cooperative Game;Hand Management;Memory;Set Collection,,Card Game,396.0,1.0,0.7518094115561123,0.7316156289466418,0.8418652581005508
290357,Hanabi Deluxe: What a Show!,2.0,5.0,45.0,2.0,7.61487,Card Game;Deduction;Memory,Communication Limits;Cooperative Game;Hand Management;Memory;Set Collection,,Card Game,709.0,1.0,1.0,0.6065306597126334,0.8616778819425268
123712,Hanabi: Festival,2.0,5.0,30.0,1.0,6.825,Card Game,Hand Management;Set Collection,,Card Game,20.0,1.0,0.8209220690651828,0.36787944117144233,0.7583853020473251
239006,テーブル花火 (Table Hanabi),1.0,5.0,20.0,,5.875,Action / Dexterity;Party Game,Cooperative Game,,Action / Dexterity,4.0,1.0,0.6756639246921762,0.5,0.7320077849384352
2740,Jumbo Jet,2.0,6.0,240.0,1.5385,4.95375,Aviation / Flight;Economic;Travel,Point to Point Movement;Roll / Spin and Move;Set Collection;Trading,30960.0,Aviation / Flight,302.0,1.0,0.43688828010671776,0.4815476938506604,0.6575309447914757
1931,Anti-Monopoly,2.0,6.0,120.0,1.6585,3.69882,Children's Game;Economic,Auction / Bidding;Roll / Spin and Move;Set Collection;Trading,31268.0,Children's Game,842.0,1.0,0.6165754530113879,0.5113249402352673,0.668050578649331
1932,Anti-Monopoly II,2.0,6.0,120.0,1.5238,3.80384,Economic,Roll / Spin and Move;Set Collection,31154.0,Economic,232.0,1.0,0.6165754530113879,0.4780212936968218,0.6640153493416419
1930,Anti-Monopoly III: Washington-Moskau,2.0,6.0,120.0,1.0,4.0,Negotiation;Political,Roll / Spin and Move,,Negotiation,11.0,1.0,0.6165754530113879,0.36787944117144233,0.646890978836566
261955,Anti-Monopoly: Luxus-Edition,2.0,6.0,180.0,,7.0,Economic;Negotiation;Political,Roll / Spin and Move;Set Collection,,Economic,2.0,1.0,0.5041266174373653,0.5,0.725825323487473
36487,Burmese Monopoly,2.0,8.0,180.0,,7.0,Economic;Negotiation,Auction / Bidding;Player Elimination;Roll / Spin and Move;Set Collection;Trading,,Economic,5.0,1.0,0.5041266174373653,0.5,0.725825323487473
27322,Chocolate Monopoly,2.0,4.0,60.0,1.0,2.45192,Economic;Negotiation,Auction / Bidding;Roll / Spin and Move;Set Collection;Trading,30941.0,Economic,52.0,1.0,0.8683883697146904,0.36787944117144233,0.6585515621772265
402608,Costco Monopoly,2.0,6.0,,1.75,6.225,Dice;Economic;Negotiation,Auction / Bidding;Dice Rolling;Roll / Spin and Move;Set Collection,24565.0,Dice,44.0,1.0,0.5,0.5352614285189903,0.7126772857037981
5166,Express Monopoly Card Game,2.0,4.0,20.0,1.1111,5.05781,Card Game;Children's Game;Economic,Open Drafting;Set Collection,29836.0,Card Game,128.0,1.0,0.6756639246921762,0.38889340346431334,0.6893567156312979
108230,Final Fantasy Monopoly,2.0,8.0,,1.0,5.71429,Economic;Fantasy;Negotiation;Video Game Theme,Auction / Bidding;Player Elimination;Roll / Spin and Move;Set Collection;Trading,,Economic,7.0,1.0,0.5,0.36787944117144233,0.6664331382342885
11862,Gay Monopoly,2.0,6.0,180.0,2.7143,4.70893,Economic;Negotiation,Auction / Bidding;Player Elimination;Roll / Spin and Move;Set Collection;Trading,29740.0,Economic,56.0,1.0,0.5041266174373653,0.8668840917572942,0.7419253918389318
434437,Hamleys Monopoly,2.0,8.0,120.0,,5.0,Economic;Negotiation,Auction / Bidding;Dice Rolling;Roll / Spin and Move,,Economic,1.0,1.0,0.6165754530113879,0.5,0.6983150906022776
94416,Harley-Davidson Monopoly: Collector's Edition,2.0,8.0,,,6.75,Economic;Negotiation,Auction / Bidding;Player Elimination;Roll / Spin and Move;Set Collection;Trading,,Economic,4.0,1.0,0.5,0.5,0.71875
117935,Heinz Monopoly Game,2.0,6.0,,,5.0,Economic;Negotiation,Auction / Bidding;Player Elimination;Roll / Spin and Move;Set Collection;Trading,,Economic,2.0,1.0,0.5,0.5,0.6749999999999999
42372,Hellraiser Monopoly,2.0,6.0,60.0,3.0,7.75,Economic;Horror;Movies / TV / Radio theme;Negotiation,Auction / Bidding;Player Elimination;Roll / Spin and Move;Set Collection;Trading,,Economic,4.0,1.0,0.8683883697146904,1.0,0.917427673942938
15884,Hometown Monopoly: Bloomington,2.0,6.0,60.0,,4.5,Economic;Negotiation,Auction / Bidding;Player Elimination;Roll / Spin and Move;Set Collection;Trading,,Economic,6.0,1.0,0.8683883697146904,0.5,0.7361776739429381
433862,Hometown Monopoly: Detroit,2.0,6.0,180.0,,5.0,Economic,Auction / Bidding;Auction: English;Income;Loans;Ownership;Player Elimination;Roll / Spin and Move;Set Collection;Track Movement;Trading,,Economic,1.0,1.0,0.5041266174373653,0.5,0.675825323487473
42169,Hometown Monopoly: La Crosse,2.0,6.0,60.0,,6.0,Economic;Negotiation,Auction / Bidding;Player Elimination;Roll / Spin and Move;Set Collection;Trading,,Economic,3.0,1.0,0.8683883697146904,0.5,0.7736776739429381
42204,Hometown USA: Oshkosh,2.0,4.0,180.0,,4.8,Economic;Negotiation,Auction / Bidding;Player Elimination;Roll / Spin and Move;Set Collection;Trading,,Economic,5.0,1.0,0.5041266174373653,0.5,0.670825323487473
28374,Inflatable Monopoly,2.0,8.0,120.0,,5.71429,Economic;Negotiation,Auction / Bidding;Player Elimination;Roll / Spin and Move;Stock Holding;Trading,,Economic,7.0,1.0,0.6165754530113879,0.5,0.7161723406022775
339705,Jigsaw Monopoly: Lancaster PA,2.0,6.0,200.0,,7.5,Economic;Negotiation;Puzzle,Auction / Bidding;Income;Roll / Spin and Move;Set Collection;Stock Holding;Trading,,Economic,2.0,1.0,0.4783886718903729,0.5,0.7331777343780745
202322,KISS Rock Band Monopoly,2.0,6.0,180.0,,8.5,Economic;Music;Negotiation,Auction / Bidding;Player Elimination;Roll / Spin and Move;Set Collection;Trading,,Economic,4.0,1.0,0.5041266174373653,0.5,0.7633253234874731
2330,Medical Monopoly,2.0,4.0,90.0,1.0,4.77778,Economic;Medical;Trivia,Roll / Spin and Move,,Economic,9.0,1.0,0.7109813678954644,0.36787944117144233,0.6852166618133814
364269,My First Monopoly Game,2.0,6.0,30.0,1.1667,5.12963,Animals;Children's Game;Economic,Ownership;Roll / Spin and Move,,Animals,27.0,1.0,0.8209220690651828,0.3998563185612881,0.7223964275252942
289363,Ms. Monopoly,2.0,6.0,,1.1667,2.64337,Economic,Income;Ownership,31069.0,Economic,92.0,1.0,0.5,0.3998563185612881,0.5960555137122575
1406,Monopoly,2.0,8.0,180.0,1.6164,4.36755,Economic,Auction / Bidding;Auction: English;Income;Loans;Lose a Turn;Ownership;Player Elimination;Roll / Spin and Move;Set Collection;Track Movement;Trading,31294.0,Economic,40346.0,1.0,0.5041266174373653,0.5006740442076559,0.6601488823290043
17250,Monopoly: London,2.0,8.0,180.0,1.8,4.61934,Economic;Negotiation,Auction / Bidding;Player Elimination;Roll / Spin and Move;Set Collection;Trading,31152.0,Economic,452.0,1.0,0.5041266174373653,0.5488116360940265,0.6760711507062783
36611,Monopoly: The Portable Property Trading Game,2.0,6.0,120.0,1.5263,4.39071,Economic;Negotiation,Auction / Bidding;Player Elimination;Roll / Spin and Move;Set Collection;Trading,31190.0,Economic,452.0,1.0,0.6165754530113879,0.47861919392373303,0.6788066793870242
18901,Monopoly: Here and Now,2.0,8.0,180.0,1.6757,5.02148,Economic;Negotiation,Auction / Bidding;Player Elimination;Roll / Spin and Move;Set Collection;Trading,31081.0,Economic,526.0,1.0,0.5041266174373653,0.5157412978395385,0.6795105830553808
203301,Monopoly $ycling,2.0,4.0,150.0,,5.66667,Economic;Sports,Auction / Bidding;Roll / Spin and Move;Set Collection,,Economic,3.0,1.0,0.5519381863844937,0.5,0.7020543872768987
452862,Monopoly & Clue: Deluxe Vintage 2-in-1 Game Collection,2.0,6.0,180.0,,6.0,Deduction;Economic;Murder / Mystery;Negotiation,Roll / Spin and Move,,Deduction,1.0,1.0,0.5041266174373653,0.5,0.7008253234874731
24138,Monopoly: James Bond 007,2.0,6.0,60.0,1.5,5.59091,Economic;Movies / TV / Radio theme;Negotiation;Novel-based;Spies / Secret Agents,Auction / Bidding;Player Elimination;Roll / Spin and Move;Set Collection;Trading,27037.0,Economic,33.0,1.0,0.8683883697146904,0.4723665527410147,0.757923734491141
13131,Monopoly: Sesame Street,2.0,6.0,120.0,,5.8,Children's Game;Economic;Movies / TV / Radio theme;Negotiation,Auction / Bidding;Player Elimination;Roll / Spin and Move;Set Collection;Trading,,Children's Game,15.0,1.0,0.6165754530113879,0.5,0.7183150906022776
5472,Monopoly: Millennium,2.0,8.0,90.0,1.5714,5.2739,Economic;Negotiation,Auction / Bidding;Player Elimination;Roll / Spin and Move;Set Collection;Trading,30676.0,Economic,352.0,1.0,0.7109813678954644,0.4895346661546267,0.7219507068100183
334,Advance to Boardwalk,2.0,4.0,60.0,1.5342,5.43676,Economic,Area Majority / Influence;Dice Rolling;Hand Management;Take That,30210.0,Economic,848.0,1.0,0.8683883697146904,0.4805134784887838,0.7556993696406948
323910,Monopoly Arcade: Pac-Man,2.0,4.0,90.0,1.0,6.11491,Economic;Video Game Theme,Minimap Resolution;Roll / Spin and Move;Set Collection;Stock Holding;Take That,24711.0,Economic,55.0,1.0,0.7109813678954644,0.36787944117144233,0.7186449118133814
207167,Monopoly: Ultimate Banking,2.0,4.0,60.0,1.2308,5.57756,Economic;Electronic,Commodity Speculation;Roll / Spin and Move,29563.0,Economic,404.0,1.0,0.8683883697146904,0.41287929196989787,0.7456925323369176
433413,Monopoly Białystok,2.0,6.0,,,5.0,Economic;Negotiation,Events;Loans;Trading,,Economic,1.0,1.0,0.5,0.5,0.6749999999999999
327797,Monopoly Bid,2.0,5.0,20.0,1.3571,5.69489,Card Game;Economic,Auction / Bidding;Hand Management;Set Collection,21367.0,Card Game,523.0,1.0,0.6756639246921762,0.43979349138703827,0.7154637332158429
472428,Monopoly Brainrot Billionaire,2.0,6.0,,,4.5,Children's Game;Economic,Income;Lose a Turn;Ownership;Roll / Spin and Move;Set Collection;Take That;Trading,,Children's Game,2.0,1.0,0.5,0.5,0.6625
3065,Monopoly: Stock Exchange,2.0,6.0,120.0,2.2778,5.76951,Economic;Electronic;Negotiation,Auction / Bidding;Roll / Spin and Move;Set Collection;Stock Holding;Trading,24528.0,Economic,210.0,1.0,0.6165754530113879,0.6969093040518048,0.7569347014126386
89620,Monopoly: Canada (Electronic Banking),2.0,6.0,90.0,1.0,4.816,Economic;Electronic;Negotiation,Auction / Bidding;Player Elimination;Roll / Spin and Move;Set Collection;Trading,29327.0,Economic,50.0,1.0,0.7109813678954644,0.36787944117144233,0.6861721618133814
7457,Monopoly: Canadian Edition,2.0,10.0,180.0,1.25,4.91344,Economic;Negotiation,Auction / Bidding;Player Elimination;Roll / Spin and Move;Set Collection;Trading,30206.0,Economic,93.0,1.0,0.5041266174373653,0.4168620196785084,0.6570337274231747
421946,Monopoly Canadian Tire,2.0,6.0,,,6.0,Economic,Roll / Spin and Move,,Economic,2.0,1.0,0.5,0.5,0.7
208701,Monopoly Card Games: Free Parking and Water Works,2.0,4.0,45.0,,7.2,Card Game;Children's Game,Push Your Luck;Take That;Tile Placement,,Card Game,5.0,1.0,1.0,0.5,0.8300000000000001
266193,Monopoly Cash Grab,3.0,99.0,,1.0,4.53333,Economic;Party Game,,,Economic,15.0,1.0,0.5,0.36787944117144233,0.6369091382342885
391742,Monopoly Chance,2.0,4.0,20.0,2.0,6.54931,Economic,Push Your Luck;Set Collection,19027.0,Economic,73.0,1.0,0.6756639246921762,0.6065306597126334,0.770171666880962
41186,Monopoly City,2.0,6.0,75.0,2.0794,5.57023,City Building;Economic;Electronic;Negotiation,Auction / Bidding;Dice Rolling;Roll / Spin and Move;Set Collection;Trading,28884.0,City Building,1267.0,1.0,0.7779866052154991,0.6310942888181974,0.7710719288067394
15665,Monopoly: Köln,2.0,8.0,120.0,,4.90909,Economic;Negotiation,Auction / Bidding;Player Elimination;Roll / Spin and Move;Set Collection;Trading,,Economic,11.0,1.0,0.6165754530113879,0.5,0.6960423406022775
356071,Monopoly Crooked Cash,2.0,6.0,90.0,1.0,5.48857,Economic;Negotiation,Income;Market;Ownership;Roll / Spin and Move,26410.0,Economic,35.0,1.0,0.7109813678954644,0.36787944117144233,0.7029864118133814
7098,Monopoly: Deluxe Edition,2.0,10.0,180.0,1.8571,5.25199,Economic;Negotiation,Auction / Bidding;Player Elimination;Roll / Spin and Move;Set Collection;Trading,31143.0,Economic,1433.0,1.0,0.5041266174373653,0.5647060210347985,0.6950662776944327
40398,Monopoly Deal Card Game,2.0,5.0,15.0,1.3107,6.32569,Card Game;Economic,Hand Management;Set Collection;Take That,2691.0,Card Game,13073.0,1.0,0.5897678246195884,0.42970772959957093,0.7120373608438317
265797,Monopoly Deal London,2.0,5.0,30.0,,6.375,Card Game,"Deck, Bag, and Pool Building;Open Drafting;Set Collection;Trading",,Card Game,8.0,1.0,0.8209220690651828,0.5,0.7735594138130366
164840,Monopoly Deal Pocket,2.0,3.0,15.0,1.2889,6.37741,Card Game;Economic,Hand Management;Set Collection;Take That,3771.0,Card Game,3310.0,0.5,0.5897678246195884,0.4250493496394704,0.5373986848518117
469655,Monopoly Deal Wizarding World/Harry Potter Card Game,2.0,5.0,15.0,,6.47727,Card Game;Fantasy;Movies / TV / Radio theme;Novel-based,Hand Management;Set Collection;Take That,,Card Game,22.0,1.0,0.5897678246195884,0.5,0.7298853149239177
469656,Monopoly Deal: Disney Stitch,2.0,5.0,15.0,,6.7,Card Game;Children's Game;Movies / TV / Radio theme;Science Fiction,Hand Management;Set Collection;Take That,,Card Game,5.0,1.0,0.5897678246195884,0.5,0.7354535649239177
469654,Monopoly Deal: KPop Demon Hunters,2.0,5.0,15.0,,5.6875,Card Game;Fantasy;Movies / TV / Radio theme;Music,Hand Management;Set Collection;Take That,,Card Game,8.0,1.0,0.5897678246195884,0.5,0.7101410649239177
454634,Monopoly Deal: NFL Edition,2.0,5.0,15.0,,6.9,Card Game;Economic;Sports,Hand Management;Set Collection;Take That,,Card Game,5.0,1.0,0.5897678246195884,0.5,0.7404535649239177
465961,Monopoly Deal: No Mercy,2.0,6.0,15.0,1.0,6.94359,Card Game;Economic,Hand Management;Set Collection;Take That,20206.0,Card Game,39.0,1.0,0.5897678246195884,0.36787944117144233,0.7151192031582061
35808,Monopoly: Flemish Edition,2.0,6.0,180.0,2.0,5.625,Economic;Negotiation,Auction / Bidding;Player Elimination;Roll / Spin and Move;Set Collection;Trading,,Economic,16.0,1.0,0.5041266174373653,0.6065306597126334,0.7127564554299998
29676,Monopoly: Tropical Tycoon DVD Game,3.0,5.0,180.0,2.0,5.76801,Economic;Electronic;Negotiation,Auction / Bidding;Roll / Spin and Move;Set Collection;Trading,22312.0,Economic,246.0,1.0,0.5041266174373653,0.6065306597126334,0.7163317054299998
145842,Monopoly Empire,2.0,4.0,25.0,1.1795,5.56966,Economic,Auction / Bidding;Roll / Spin and Move;Set Collection;Take That,30439.0,Economic,915.0,1.0,0.7518094115561123,0.4024236055554614,0.7200881034223148
333056,Monopoly Empire Card Game,4.0,8.0,20.0,,5.25,Economic,Hand Management;Set Collection;Take That,,Economic,4.0,1.0,0.6756639246921762,0.5,0.7163827849384352
1420,Monopoly Express,2.0,4.0,20.0,1.1354,5.69003,Dice;Economic,Dice Rolling;Push Your Luck;Set Collection,13352.0,Dice,995.0,1.0,0.6756639246921762,0.39364727963268104,0.7061129908649715
122548,Monopoly Express,2.0,4.0,30.0,,6.15714,Economic,Dice Rolling;Roll / Spin and Move;Tile Placement,,Economic,14.0,1.0,0.8209220690651828,0.5,0.7681129138130366
265297,Monopoly for Millennials,2.0,4.0,,1.0,4.99577,Economic,Roll / Spin and Move,30492.0,Economic,123.0,1.0,0.5,0.36787944117144233,0.6484701382342885
327299,Monopoly for Sore Losers,2.0,6.0,,2.0,5.70076,Economic,Roll / Spin and Move,26737.0,Economic,66.0,1.0,0.5,0.6065306597126334,0.7138251319425266
64706,Monopoly Free Parking Mini Game,2.0,4.0,15.0,1.0,5.24062,Action / Dexterity,Roll / Spin and Move,28477.0,Action / Dexterity,64.0,1.0,0.5897678246195884,0.36787944117144233,0.6725449531582062
230408,Monopoly Gamer,2.0,4.0,60.0,1.1892,6.3238,Economic;Video Game Theme,Roll / Spin and Move;Set Collection;Stock Holding;Take That;Variable Player Powers,4798.0,Economic,2150.0,1.0,0.8683883697146904,0.4043801007080137,0.7626486940845408
249833,Monopoly Gamer: Mario Kart,2.0,4.0,60.0,1.375,6.21009,Economic;Video Game Theme,Roll / Spin and Move;Set Collection;Stock Holding;Take That;Variable Player Powers,8214.0,Economic,829.0,1.0,0.8683883697146904,0.44374731008107987,0.767679385959154
272803,Monopoly Gamer: Overwatch Collector's Edition,2.0,6.0,,1.5,6.46944,Economic;Video Game Theme,Roll / Spin and Move,19652.0,Economic,72.0,1.0,0.5,0.4723665527410147,0.7062093105482029
287863,Monopoly Gamer: Sonic The Hedgehog,2.0,4.0,60.0,1.0,6.17455,Animals;Economic;Video Game Theme,Roll / Spin and Move;Set Collection;Stock Holding;Take That;Variable Player Powers,24090.0,Animals,55.0,1.0,0.8683883697146904,0.36787944117144233,0.7516173121772266
476901,Monopoly Gamer: Super Mario,2.0,4.0,,,6.0,Children's Game;Dice;Video Game Theme,Auction / Bidding;Negotiation;Roll / Spin and Move,,Children's Game,1.0,1.0,0.5,0.5,0.7
64611,Monopoly Get Out of Jail Mini Game,2.0,4.0,10.0,1.0,4.0,Action / Dexterity,Push Your Luck;Set Collection,30165.0,Action / Dexterity,45.0,1.0,0.4890096469218258,0.36787944117144233,0.6213778176186536
428535,Monopoly GO!,2.0,4.0,15.0,1.0,6.16579,Economic,Roll / Spin and Move;Take That,24447.0,Economic,38.0,1.0,0.5897678246195884,0.36787944117144233,0.6956742031582062
449772,Monopoly Grab and Go,2.0,4.0,,,4.66667,Economic,Auction / Bidding;Auction: English;Income;Loans;Lose a Turn;Ownership;Player Elimination;Roll / Spin and Move;Set Collection;Track Movement;Trading,,Economic,12.0,1.0,0.5,0.5,0.66666675
35262,Monopoly: Here & Now Electronic Banking,2.0,6.0,90.0,2.2,5.30976,Economic;Electronic;Negotiation,Auction / Bidding;Player Elimination;Roll / Spin and Move;Set Collection;Trading,28623.0,Economic,82.0,1.0,0.7109813678954644,0.6703200460356393,0.7590042827862208
137244,Monopoly Hotels,2.0,2.0,30.0,1.25,5.37737,City Building;Economic,Take That,28248.0,City Building,118.0,0.0,0.8209220690651828,0.4168620196785084,0.38199106774873826
201890,Monopoly Jackpot,2.0,4.0,60.0,1.2,6.16667,Economic;Negotiation,Auction / Bidding;Player Elimination;Roll / Spin and Move;Set Collection;Trading,22746.0,Economic,39.0,1.0,0.8683883697146904,0.4065696597405991,0.759158355891058
296341,Monopoly Jenga,2.0,4.0,,,5.575,Action / Dexterity,Set Collection;Stacking and Balancing;Take That;Trading,,Action / Dexterity,20.0,1.0,0.5,0.5,0.689375
5339,Monopoly Junior,2.0,4.0,45.0,1.1984,4.36041,Children's Game;Economic,Dice Rolling;Ownership;Point to Point Movement;Roll / Spin and Move;Set Collection,31273.0,Children's Game,2105.0,1.0,1.0,0.4062445340804107,0.7402591568160822
104770,Monopoly: Crazy Cash,2.0,4.0,,1.0,5.52927,Children's Game;Economic;Electronic,Dice Rolling;Roll / Spin and Move;Set Collection;Trading,27915.0,Children's Game,55.0,1.0,0.5,0.36787944117144233,0.6618076382342885
263733,Monopoly Junior Game: Disney/Pixar Incredibles 2 Edition,2.0,4.0,30.0,,5.0,Children's Game;Economic;Movies / TV / Radio theme,Roll / Spin and Move,,Children's Game,10.0,1.0,0.8209220690651828,0.5,0.7391844138130366
462996,Monopoly Junior KOSMOS,2.0,4.0,40.0,,,Children's Game;Economic;Space Exploration,Roll / Spin and Move,,Children's Game,0.0,1.0,0.9440891630699333,0.5,
147112,Monopoly: My Little Pony,2.0,6.0,,1.0,5.34792,Animals;Children's Game;Economic;Movies / TV / Radio theme;Negotiation,Auction / Bidding;Roll / Spin and Move;Set Collection;Trading,29328.0,Animals,72.0,1.0,0.5,0.36787944117144233,0.6572738882342885
235638,Monopoly Junior: Bakugan Battle Brawlers,2.0,4.0,60.0,,2.66667,Children's Game;Economic;Movies / TV / Radio theme,Point to Point Movement;Roll / Spin and Move,,Children's Game,3.0,1.0,0.8683883697146904,0.5,0.690344423942938
456850,Monopoly Junior: Benjamin Blümchen,2.0,4.0,60.0,,7.0,Animals;Children's Game;Economic;Movies / TV / Radio theme,Roll / Spin and Move;Set Collection,,Animals,1.0,1.0,0.8683883697146904,0.5,0.798677673942938
415715,Monopoly Junior: Bluey,2.0,4.0,,1.0,4.25,Animals;Children's Game;Economic,Roll / Spin and Move,,Animals,20.0,1.0,0.5,0.36787944117144233,0.6298258882342884
6962,Monopoly Junior: Deep Sea Adventure,2.0,4.0,60.0,1.0,4.38889,Animals;Children's Game;Economic,Roll / Spin and Move;Set Collection;Trading,,Animals,9.0,1.0,0.8683883697146904,0.36787944117144233,0.7069758121772266
13132,Monopoly Junior: Dig 'n Dinos,2.0,4.0,45.0,1.0,4.2975,Children's Game;Economic;Negotiation;Prehistoric,Auction / Bidding;Roll / Spin and Move;Set Collection;Trading,29821.0,Children's Game,40.0,1.0,1.0,0.36787944117144233,0.7310133882342885
33147,Monopoly Junior: Disney Channel,2.0,4.0,45.0,1.0,4.39286,Children's Game;Economic;Movies / TV / Radio theme;Negotiation,Auction / Bidding;Dice Rolling;Roll / Spin and Move;Set Collection;Trading,,Children's Game,14.0,1.0,1.0,0.36787944117144233,0.7333973882342886
171090,Monopoly Junior: Disney Frozen,2.0,3.0,30.0,1.0,4.04706,Children's Game;Economic;Fantasy;Movies / TV / Radio theme,Roll / Spin and Move,30810.0,Children's Game,85.0,0.5,0.8209220690651828,0.36787944117144233,0.513936802047325
231018,Monopoly Junior: Disney Pixar Cars 3 Edition,2.0,4.0,,1.0,4.77083,Children's Game;Movies / TV / Radio theme;Racing,Roll / Spin and Move,,Children's Game,24.0,1.0,0.5,0.36787944117144233,0.6428466382342884
20419,Monopoly Junior: Disney Princess,2.0,4.0,45.0,1.0,4.15263,Children's Game;Economic;Movies / TV / Radio theme,Roll / Spin and Move;Set Collection,30353.0,Children's Game,57.0,1.0,1.0,0.36787944117144233,0.7273916382342885
202323,Monopoly Junior: Dragons,2.0,4.0,180.0,,6.05,Children's Game;Dice;Economic;Educational;Negotiation,Auction / Bidding;Dice Rolling;Player Elimination;Roll / Spin and Move;Trading,,Children's Game,10.0,1.0,0.5041266174373653,0.5,0.702075323487473
221019,Monopoly Junior: Eloise's Rawther Exciting Globetrotting Adventure,2.0,4.0,,,5.66667,Children's Game;Economic;Novel-based,Dice Rolling;Roll / Spin and Move;Set Collection;Trading,,Children's Game,3.0,1.0,0.5,0.5,0.69166675
226490,Monopoly Junior: Finding Dory edition,2.0,4.0,30.0,1.0,5.11212,Animals;Children's Game;Economic;Movies / TV / Radio theme,Roll / Spin and Move,,Animals,11.0,1.0,0.8209220690651828,0.36787944117144233,0.7155633020473251
469850,Monopoly Junior: Gabby's Dollhouse,2.0,4.0,30.0,,,Children's Game,Roll / Spin and Move,,Children's Game,0.0,1.0,0.8209220690651828,0.5,
242739,Monopoly Junior: Kung Fu Panda 3,2.0,4.0,120.0,,6.0,Dice;Movies / TV / Radio theme,Dice Rolling,,Dice,4.0,1.0,0.6165754530113879,0.5,0.7233150906022776
23986,Monopoly Junior: Lemonade,2.0,4.0,20.0,1.0,4.73913,Children's Game;Economic,Dice Rolling;Roll / Spin and Move;Set Collection,,Children's Game,23.0,1.0,0.6756639246921762,0.36787944117144233,0.6771869231727238
122524,Monopoly Junior: Party,2.0,4.0,20.0,1.0,4.12162,Children's Game,Roll / Spin and Move,30647.0,Children's Game,74.0,1.0,0.6756639246921762,0.36787944117144233,0.6617491731727237
343682,Monopoly Junior: Peppa Pig,2.0,4.0,,1.0,5.15,Animals;Children's Game;Dice;Economic,Dice Rolling;Ownership;Roll / Spin and Move,,Animals,18.0,1.0,0.5,0.36787944117144233,0.6523258882342885
156751,Monopoly Junior: Planes,2.0,4.0,10.0,,5.1875,Aviation / Flight;Children's Game;Economic;Movies / TV / Radio theme,Roll / Spin and Move;Set Collection;Trading,,Aviation / Flight,8.0,1.0,0.4890096469218258,0.5,0.6774894293843652
231224,Monopoly Junior: Shopkins,2.0,4.0,,,4.33333,Children's Game;Dice;Economic,Dice Rolling,,Children's Game,3.0,1.0,0.5,0.5,0.65833325
31137,Monopoly Junior: Shrek 2,2.0,4.0,30.0,1.5,4.54211,Children's Game;Economic;Fantasy;Movies / TV / Radio theme,Roll / Spin and Move;Set Collection,,Children's Game,19.0,1.0,0.8209220690651828,0.4723665527410147,0.7222104743612395
183294,Monopoly Junior: Sofia the first,2.0,3.0,,,4.33333,Children's Game;Fantasy;Movies / TV / Radio theme,Roll / Spin and Move,,Children's Game,3.0,0.5,0.5,0.5,0.48333325
380655,Monopoly Junior: Super Mario,2.0,4.0,,1.0,4.40909,Children's Game;Economic;Video Game Theme,Dice Rolling,,Children's Game,22.0,1.0,0.5,0.36787944117144233,0.6338031382342885
334045,Monopoly Junior: Super Zings,2.0,4.0,40.0,,6.0,Children's Game;Economic;Miniatures,Roll / Spin and Move;Set Collection,,Children's Game,9.0,1.0,0.9440891630699333,0.5,0.7888178326139866
6981,Monopoly Junior: Toy Story,2.0,4.0,60.0,1.0,4.1875,Children's Game;Economic;Movies / TV / Radio theme;Negotiation,Roll / Spin and Move;Set Collection,29684.0,Children's Game,40.0,1.0,0.8683883697146904,0.36787944117144233,0.7019410621772266
8638,Monopoly Junior: Travel Edition,2.0,4.0,30.0,1.0,4.68775,Children's Game;Economic;Negotiation,Roll / Spin and Move;Set Collection;Trading,29217.0,Children's Game,38.0,1.0,0.8209220690651828,0.36787944117144233,0.7049540520473251
124092,Monopoly Junior: Trek Alaska,2.0,4.0,60.0,,5.66667,Children's Game;Economic,Roll / Spin and Move;Set Collection,,Children's Game,3.0,1.0,0.8683883697146904,0.5,0.7653444239429381
357739,Monopoly Junior: Unicorn Edition,2.0,4.0,,,5.22941,Children's Game;Economic;Fantasy,Income;Ownership;Roll / Spin and Move,,Children's Game,17.0,1.0,0.5,0.5,0.6807352499999999
206062,Monopoly Junior: Yo-kai Watch Edition,2.0,4.0,,1.0,5.075,Children's Game;Economic;Fantasy;Video Game Theme,Roll / Spin and Move;Set Collection,,Children's Game,20.0,1.0,0.5,0.36787944117144233,0.6504508882342885
340447,Monopoly KHL,2.0,6.0,,,7.5,Economic;Negotiation;Sports,Auction / Bidding;Player Elimination;Roll / Spin and Move;Set Collection,,Economic,2.0,1.0,0.5,0.5,0.7374999999999999
404983,Monopoly Knockout,2.0,8.0,40.0,1.3,6.77082,Action / Dexterity,Flicking;Team-Based Game,7043.0,Action / Dexterity,392.0,1.0,0.9440891630699333,0.4274149319487267,0.793571319003732
684,Monopoly: The Card Game,2.0,6.0,30.0,1.4694,5.5762,Card Game;Economic;Negotiation,Set Collection;Trading,24278.0,Card Game,689.0,1.0,0.8209220690651828,0.46519435173295415,0.7466282841596275
295391,Monopoly L.O.L. Surprise!,2.0,4.0,,,3.23077,Children's Game;Economic;Negotiation,Auction / Bidding;Income;Player Elimination;Roll / Spin and Move;Set Collection;Trading,,Children's Game,13.0,1.0,0.5,0.5,0.63076925
451617,Monopoly La casa de Papel,2.0,6.0,120.0,,6.0,Economic;Movies / TV / Radio theme;Negotiation,Dice Rolling;Negotiation;Set Collection,,Economic,2.0,1.0,0.6165754530113879,0.5,0.7233150906022776
121050,Monopoly Live,2.0,4.0,,1.0,7.16667,Electronic,,,Electronic,9.0,1.0,0.5,0.36787944117144233,0.7027426382342885
130240,Monopoly Millionaire,2.0,4.0,60.0,1.75,5.15557,Dice;Economic;Negotiation,Auction / Bidding;Roll / Spin and Move;Set Collection;Trading,30786.0,Dice,381.0,1.0,0.8683883697146904,0.5352614285189903,0.7596192096467362
129395,Monopoly Millionaire Deal Card Game,2.0,5.0,15.0,1.3043,5.91799,Card Game;Economic,Hand Management;Set Collection,12038.0,Card Game,563.0,1.0,0.5897678246195884,0.42833486262352694,0.701570287448623
119537,Monopoly Movers,2.0,10.0,,,5.0,Collectible Components;Economic;Negotiation,Auction / Bidding;Player Elimination;Roll / Spin and Move;Set Collection;Trading,,Collectible Components,2.0,1.0,0.5,0.5,0.6749999999999999
55888,Monopoly of Three Kingdoms,2.0,5.0,50.0,1.5,6.625,Dice,Roll / Spin and Move,,Dice,8.0,1.0,0.9497161598676341,0.4723665527410147,0.8000415425217298
454060,Monopoly Party,2.0,6.0,,,6.4,Economic,Roll / Spin and Move,,Economic,1.0,1.0,0.5,0.5,0.71
174380,Monopoly Peru,2.0,6.0,,,6.25,Economic;Negotiation,Auction / Bidding;Player Elimination;Roll / Spin and Move;Set Collection;Trading,,Economic,12.0,1.0,0.5,0.5,0.7062499999999999
267400,Monopoly Pizza Game,2.0,4.0,,1.0,6.16176,,Roll / Spin and Move;Set Collection,25219.0,,34.0,1.0,0.5,0.36787944117144233,0.6776198882342885
5638,Monopoly Playmaster,3.0,8.0,120.0,2.3333,5.5567,Economic;Electronic;Negotiation,Auction / Bidding;Roll / Spin and Move;Set Collection;Trading,27574.0,Economic,44.0,1.0,0.6165754530113879,0.7165193684847974,0.755536464299237
186905,Monopoly: Pokémon Kanto Edition,2.0,6.0,60.0,1.4,5.76067,Children's Game;Economic;Movies / TV / Radio theme;Negotiation;Video Game Theme,Auction / Bidding;Player Elimination;Roll / Spin and Move;Set Collection;Trading,24437.0,Children's Game,265.0,1.0,0.8683883697146904,0.44932896411722156,0.7575602167663824
356059,Monopoly Polska,2.0,6.0,180.0,,5.625,Economic;Negotiation,Auction / Bidding;Income;Lose a Turn;Player Elimination;Roll / Spin and Move;Set Collection;Track Movement;Trading,,Economic,8.0,1.0,0.5041266174373653,0.5,0.691450323487473
386105,Monopoly Prizm: NBA Edition,2.0,4.0,15.0,2.0,5.0,Economic;Sports,Auction / Bidding;Player Elimination;Roll / Spin and Move;Set Collection;Trading,,Economic,9.0,1.0,0.5897678246195884,0.6065306597126334,0.7142596968664443
268948,Monopoly: Friends – The TV Series,2.0,6.0,180.0,1.3333,5.66733,Economic;Movies / TV / Radio theme;Negotiation,Auction / Bidding;Player Elimination;Roll / Spin and Move;Set Collection;Trading,27472.0,Economic,101.0,1.0,0.5041266174373653,0.4345909652639636,0.6794267665402658
66213,Monopoly Revolution,2.0,6.0,60.0,1.4167,5.03128,Economic;Electronic;Negotiation,Auction / Bidding;Player Elimination;Roll / Spin and Move;Set Collection;Trading,30546.0,Economic,188.0,1.0,0.8683883697146904,0.4530965688267197,0.7400789877082821
451614,Monopoly Saalfeld: Rudolstadt – Bad Blankenburg,2.0,8.0,,,,Economic;Negotiation,Auction / Bidding;Player Elimination;Roll / Spin and Move;Set Collection;Trading,,Economic,0.0,1.0,0.5,0.5,
391992,Monopoly Scrabble,2.0,4.0,90.0,1.3333,6.0173,Economic;Word Game,Auction / Bidding;End Game Bonuses;Hand Management;Income;Loans;Lose a Turn;Ownership;Set Collection;Spelling;Square Grid;Tile Placement;Trading,22932.0,Economic,61.0,1.0,0.7109813678954644,0.4345909652639636,0.7295469666318856
374792,Monopoly Secret Vault,2.0,6.0,120.0,,6.07208,Economic;Industry / Manufacturing,Negotiation;Roll / Spin and Move,,Economic,24.0,1.0,0.6165754530113879,0.5,0.7251170906022776
18828,Monopoly: Singapore,2.0,8.0,60.0,1.25,4.85122,Economic;Negotiation,Auction / Bidding;Player Elimination;Roll / Spin and Move;Set Collection;Trading,28950.0,Economic,41.0,1.0,0.8683883697146904,0.4168620196785084,0.7283305778786398
327301,Monopoly Space,2.0,4.0,,,4.73529,Economic;Science Fiction,Roll / Spin and Move,,Economic,17.0,1.0,0.5,0.5,0.66838225
295824,Monopoly Speed,2.0,4.0,10.0,1.5,5.42381,Children's Game;Economic;Negotiation,Auction / Bidding;Dice Rolling;Income;Player Elimination;Real-Time;Roll / Spin and Move;Set Collection;Trading,27521.0,Children's Game,63.0,1.0,0.4890096469218258,0.4723665527410147,0.677870489932568
31100,Monopoly: Spider-Man,2.0,4.0,60.0,1.5,5.25,Economic;Movies / TV / Radio theme;Negotiation,Auction / Bidding;Player Elimination;Roll / Spin and Move;Set Collection;Trading,28636.0,Economic,52.0,1.0,0.8683883697146904,0.4723665527410147,0.749400984491141
241205,Monopoly: Star Wars 40th Anniversary Special Edition,2.0,6.0,120.0,1.0,5.86216,Economic;Movies / TV / Radio theme;Negotiation;Science Fiction,Auction / Bidding;Player Elimination;Roll / Spin and Move;Set Collection;Trading,25366.0,Economic,37.0,1.0,0.6165754530113879,0.36787944117144233,0.693444978836566
298723,Monopoly: Star Wars Complete Saga Edition,2.0,6.0,100.0,2.0,5.70897,Economic;Movies / TV / Radio theme;Science Fiction,Roll / Spin and Move;Set Collection,,Economic,29.0,1.0,0.674867056948593,0.6065306597126334,0.7490037933322453
448013,Monopoly Technisches Hilfswerk,2.0,6.0,,,6.0,Economic,Auction / Bidding;Income;Loans;Lose a Turn;Ownership;Player Elimination;Roll / Spin and Move;Set Collection;Track Movement;Trading,,Economic,1.0,1.0,0.5,0.5,0.7
34933,Monopoly Town,2.0,4.0,20.0,1.0,4.5,Children's Game;Economic;Electronic;Racing,Roll / Spin and Move;Set Collection,29723.0,Children's Game,44.0,1.0,0.6756639246921762,0.36787944117144233,0.6712086731727238
385660,Monopoly Travel World Tour,2.0,4.0,,2.0,5.4875,Economic,Roll / Spin and Move,26803.0,Economic,32.0,1.0,0.5,0.6065306597126334,0.7084936319425267
436170,Monopoly W:O:A,2.0,6.0,60.0,,5.0,Economic,Auction / Bidding;Income;Loans;Ownership;Player Elimination;Roll / Spin and Move;Set Collection;Track Movement;Trading,,Economic,1.0,1.0,0.8683883697146904,0.5,0.748677673942938
295051,Monopoly World,2.0,6.0,180.0,1.0,5.16034,Economic;Negotiation,Auction / Bidding;Income;Player Elimination;Roll / Spin and Move;Set Collection;Trading,29194.0,Economic,58.0,1.0,0.5041266174373653,0.36787944117144233,0.6534097117217615
8104,Monopoly: European Edition,2.0,12.0,120.0,1.375,5.06244,Economic;Negotiation,Auction / Bidding;Player Elimination;Roll / Spin and Move;Set Collection;Trading,30748.0,Economic,205.0,1.0,0.6165754530113879,0.44374731008107987,0.6886255526184935
173637,Monopoly:  80th Anniversary Edition,2.0,8.0,180.0,1.5,5.69676,Economic;Negotiation,Auction / Bidding;Player Elimination;Roll / Spin and Move;Set Collection;Trading,26898.0,Economic,188.0,1.0,0.5041266174373653,0.4723665527410147,0.6877176340356761
341308,Monopoly:  Builder,2.0,4.0,120.0,1.2,5.60107,City Building;Economic,Roll / Spin and Move,27784.0,City Building,151.0,1.0,0.6165754530113879,0.4065696597405991,0.6946557725503973
32032,Monopoly: Electronic Banking,2.0,6.0,160.0,1.8667,4.91041,Economic;Electronic;Negotiation,Auction / Bidding;Roll / Spin and Move;Set Collection;Trading,31204.0,Economic,1006.0,1.0,0.5345224838248488,0.5674231257702916,0.693149371919028
28405,Monopoly: '84 L.A. Games,2.0,6.0,60.0,,3.6,Economic;Negotiation,Auction / Bidding;Player Elimination;Roll / Spin and Move;Set Collection;Trading,,Economic,5.0,1.0,0.8683883697146904,0.5,0.713677673942938
130442,Monopoly: 1. FC Köln,2.0,8.0,60.0,,6.0,Economic;Negotiation,Auction / Bidding;Player Elimination;Roll / Spin and Move;Set Collection;Trading,,Economic,4.0,1.0,0.8683883697146904,0.5,0.7736776739429381
246068,Monopoly: 1. FSV Mainz 05,2.0,6.0,150.0,,5.66667,Economic;Negotiation,Auction / Bidding;Player Elimination;Roll / Spin and Move;Set Collection;Trading,,Economic,3.0,1.0,0.5519381863844937,0.5,0.7020543872768987
323356,Monopoly: 1.FC Kaiserslautern,2.0,6.0,180.0,,7.5,Economic;Negotiation;Sports,Auction / Bidding;Income;Lose a Turn;Player Elimination;Roll / Spin and Move;Set Collection;Trading,,Economic,2.0,1.0,0.5041266174373653,0.5,0.738325323487473
397265,Monopoly: 1880 Saigon,2.0,6.0,180.0,,4.0,Economic;Negotiation,Auction / Bidding;Income;Lose a Turn;Player Elimination;Roll / Spin and Move;Set Collection;Trading,,Economic,2.0,1.0,0.5041266174373653,0.5,0.650825323487473
130338,Monopoly: 1899 Hoffenheim,2.0,8.0,60.0,,5.66667,Economic;Negotiation,Auction / Bidding;Player Elimination;Roll / Spin and Move;Set Collection;Trading,,Economic,3.0,1.0,0.8683883697146904,0.5,0.7653444239429381
13817,Monopoly: 1935 Commemorative Edition,2.0,10.0,30.0,1.6667,5.30385,Economic;Negotiation,Auction / Bidding;Player Elimination;Roll / Spin and Move;Set Collection;Trading,29385.0,Economic,104.0,1.0,0.8209220690651828,0.5134256760558843,0.7494657990242134
19196,Monopoly: 1999 NFL Gridiron,2.0,8.0,60.0,1.5,4.70741,Economic;Negotiation;Sports,Auction / Bidding;Player Elimination;Roll / Spin and Move;Set Collection;Trading,,Economic,27.0,1.0,0.8683883697146904,0.4723665527410147,0.735836234491141
160573,Monopoly: 20 Years of Adelaide Crows,2.0,8.0,100.0,,5.25,Economic;Negotiation,Auction / Bidding;Player Elimination;Roll / Spin and Move;Set Collection;Trading,,Economic,4.0,1.0,0.674867056948593,0.5,0.7162234113897186
92593,Monopoly: 2010 Fifa World Cup South Africa Edition,2.0,8.0,90.0,,3.5,Economic;Negotiation,Auction / Bidding;Player Elimination;Roll / Spin and Move;Set Collection;Trading,,Economic,2.0,1.0,0.7109813678954644,0.5,0.6796962735790929
282849,Monopoly: 2018 FIFA World Cup Russia,2.0,6.0,180.0,,5.64286,Economic;Negotiation;Sports,Auction / Bidding;Lose a Turn;Player Elimination;Roll / Spin and Move;Set Collection;Trading,,Economic,7.0,1.0,0.5041266174373653,0.5,0.6918968234874731
296572,Monopoly: A Belgian Rail Odyssey,2.0,6.0,180.0,,6.2,Economic;Negotiation;Trains,Auction / Bidding;Income;Loans;Player Elimination;Roll / Spin and Move;Set Collection;Trading,,Economic,5.0,1.0,0.5041266174373653,0.5,0.7058253234874731
33789,Monopoly: A Christmas Story,2.0,6.0,60.0,1.5,5.20833,Economic;Movies / TV / Radio theme;Negotiation,Auction / Bidding;Player Elimination;Roll / Spin and Move;Set Collection;Trading,27428.0,Economic,36.0,1.0,0.8683883697146904,0.4723665527410147,0.7483592344911411
477887,Monopoly: A Court of Thorns and Roses,2.0,6.0,,,,Economic;Fantasy;Mature / Adult,Auction / Bidding;Auction: English;Income;Loans;Lose a Turn;Ownership;Player Elimination;Roll / Spin and Move;Set Collection;Track Movement;Trading,,Economic,0.0,1.0,0.5,0.5,
37382,Monopoly: Wonder of The World,2.0,8.0,90.0,1.2222,4.83735,Economic;Negotiation,Auction / Bidding;Player Elimination;Roll / Spin and Move;Set Collection;Trading,30724.0,Economic,166.0,1.0,0.7109813678954644,0.41110772261822565,0.695351568102738
176006,Monopoly: A.S.S.E. Édition des légendes,2.0,8.0,150.0,,5.66667,Economic;Negotiation,Auction / Bidding;Player Elimination;Roll / Spin and Move;Set Collection;Trading,,Economic,3.0,1.0,0.5519381863844937,0.5,0.7020543872768987
29518,Monopoly: Aachen,2.0,6.0,180.0,,4.0,Economic;Negotiation,Auction / Bidding;Player Elimination;Roll / Spin and Move;Set Collection;Trading,,Economic,4.0,1.0,0.5041266174373653,0.5,0.650825323487473
179687,Monopoly: ABBA,2.0,6.0,120.0,,6.68,Economic;Music;Negotiation,Auction / Bidding;Player Elimination;Roll / Spin and Move;Set Collection;Trading,,Economic,5.0,1.0,0.6165754530113879,0.5,0.7403150906022775
28372,Monopoly: Aberdeen Edition,2.0,6.0,120.0,,4.83333,Economic;Negotiation,Auction / Bidding;Player Elimination;Roll / Spin and Move;Set Collection;Trading,,Economic,6.0,1.0,0.6165754530113879,0.5,0.6941483406022776
114287,Monopoly: AC/DC Collector's Edition,2.0,6.0,120.0,2.0,5.28,Economic;Music;Negotiation,Auction / Bidding;Player Elimination;Roll / Spin and Move;Set Collection;Trading,,Economic,10.0,1.0,0.6165754530113879,0.6065306597126334,0.7266212225448042
282847,Monopoly: Accra Edition,2.0,6.0,180.0,,8.33333,Economic;Negotiation,Auction / Bidding;Player Elimination;Roll / Spin and Move;Set Collection;Trading,,Economic,3.0,1.0,0.5041266174373653,0.5,0.7591585734874731
176176,Monopoly: Adelaide,2.0,8.0,150.0,,5.2,Economic;Negotiation,Auction / Bidding;Player Elimination;Roll / Spin and Move;Set Collection;Trading,,Economic,5.0,1.0,0.5519381863844937,0.5,0.6903876372768987
153429,Monopoly: Adelaide Crows,2.0,,180.0,,3.5,Economic;Negotiation,Auction / Bidding;Player Elimination;Roll / Spin and Move;Set Collection;Trading,,Economic,2.0,0.0,0.5041266174373653,0.5,0.2883253234874731
140317,Monopoly: Adventure Time Collector's Edition,2.0,6.0,90.0,1.5,5.33711,Economic;Movies / TV / Radio theme;Negotiation,Auction / Bidding;Player Elimination;Roll / Spin and Move;Set Collection;Trading,28697.0,Economic,97.0,1.0,0.7109813678954644,0.4723665527410147,0.7200973341272958
321100,Monopoly: Airborne Museum,2.0,6.0,180.0,,7.5,Economic;Negotiation;World War II,Auction / Bidding;Lose a Turn;Player Elimination;Roll / Spin and Move;Set Collection;Trading,,Economic,2.0,1.0,0.5041266174373653,0.5,0.738325323487473
139833,Monopoly: Aix-en-Provence,2.0,8.0,90.0,,5.66667,Economic;Negotiation,Auction / Bidding;Player Elimination;Roll / Spin and Move;Set Collection;Trading,,Economic,3.0,1.0,0.7109813678954644,0.5,0.7338630235790928
130641,Monopoly: Alan Turing Edition,2.0,6.0,120.0,,5.16667,Economic;Negotiation,Auction / Bidding;Player Elimination;Roll / Spin and Move;Set Collection;Trading,,Economic,12.0,1.0,0.6165754530113879,0.5,0.7024818406022776
13107,Monopoly: Alaska,2.0,6.0,120.0,1.3333,5.42105,Economic;Negotiation,Auction / Bidding;Player Elimination;Roll / Spin and Move;Set Collection;Trading,,Economic,19.0,1.0,0.6165754530113879,0.4345909652639636,0.6957595336550704
13348,Monopoly: Alaska's Iditarod,2.0,6.0,120.0,,4.27273,Economic;Negotiation,Auction / Bidding;Player Elimination;Roll / Spin and Move;Set Collection;Trading,,Economic,11.0,1.0,0.6165754530113879,0.5,0.6801333406022776
162907,Monopoly: Aldeburgh,2.0,6.0,100.0,,5.66667,Economic;Negotiation,Auction / Bidding;Player Elimination;Roll / Spin and Move;Set Collection;Trading,,Economic,3.0,1.0,0.674867056948593,0.5,0.7266401613897187
226323,Monopoly: Alice in Wonderland Collector's Edition,2.0,6.0,90.0,,3.5,Children's Game;Economic;Movies / TV / Radio theme;Negotiation;Novel-based,Auction / Bidding;Player Elimination;Roll / Spin and Move;Set Collection;Trading,,Children's Game,2.0,1.0,0.7109813678954644,0.5,0.6796962735790929
176341,Monopoly: Alkmaar,2.0,6.0,150.0,,5.66667,Economic;Negotiation,Auction / Bidding;Player Elimination;Roll / Spin and Move;Set Collection;Trading,,Economic,3.0,1.0,0.5519381863844937,0.5,0.7020543872768987
160802,Monopoly: All Blacks Charity Edition,2.0,8.0,100.0,,5.66667,Economic;Negotiation,Auction / Bidding;Player Elimination;Roll / Spin and Move;Set Collection;Trading,,Economic,3.0,1.0,0.674867056948593,0.5,0.7266401613897187
130088,Monopoly: Allgäu,2.0,6.0,60.0,,5.66667,Economic;Negotiation,Auction / Bidding;Player Elimination;Roll / Spin and Move;Set Collection;Trading,,Economic,3.0,1.0,0.8683883697146904,0.5,0.7653444239429381
40313,Monopoly: Alsace,2.0,6.0,90.0,,5.25,Economic;Negotiation,Auction / Bidding;Player Elimination;Roll / Spin and Move;Set Collection;Trading,,Economic,4.0,1.0,0.7109813678954644,0.5,0.7234462735790929
94622,Monopoly: Alton Towers Resort Edition,2.0,8.0,90.0,,6.07143,Economic;Negotiation,Auction / Bidding;Player Elimination;Roll / Spin and Move;Set Collection;Trading,,Economic,7.0,1.0,0.7109813678954644,0.5,0.7439820235790928
161011,Monopoly: Alton Towers – The Smiler,2.0,8.0,100.0,,3.66667,Economic;Negotiation,Auction / Bidding;Player Elimination;Roll / Spin and Move;Set Collection;Trading,,Economic,3.0,1.0,0.674867056948593,0.5,0.6766401613897186
140105,Monopoly: Alès,2.0,8.0,90.0,,5.66667,Economic;Negotiation,Auction / Bidding;Player Elimination;Roll / Spin and Move;Set Collection;Trading,,Economic,3.0,1.0,0.7109813678954644,0.5,0.7338630235790928
10673,Monopoly: America Special Edition,2.0,6.0,120.0,1.5,5.32942,Economic;Negotiation,Auction / Bidding;Player Elimination;Roll / Spin and Move;Set Collection;Trading,29717.0,Economic,86.0,1.0,0.6165754530113879,0.4723665527410147,0.7010239011504804
9725,Monopoly: National Parks Edition,2.0,8.0,120.0,1.625,5.16108,Economic;Negotiation,Auction / Bidding;Player Elimination;Roll / Spin and Move;Set Collection;Trading,30037.0,Economic,167.0,1.0,0.6165754530113879,0.5028315779709409,0.7029084061964658
35095,Monopoly: America's National Parks Edition,2.0,6.0,180.0,,4.764,Economic;Negotiation,Auction / Bidding;Player Elimination;Roll / Spin and Move;Set Collection;Trading,,Economic,25.0,1.0,0.5041266174373653,0.5,0.669925323487473
139758,Monopoly: America's World War II,2.0,6.0,60.0,1.3333,6.33889,Economic;Negotiation;World War II,Auction / Bidding;Player Elimination;Roll / Spin and Move;Set Collection;Trading,,Economic,18.0,1.0,0.8683883697146904,0.4345909652639636,0.7690681169957307
25525,Monopoly: American Chopper,2.0,6.0,120.0,,3.66667,Economic;Movies / TV / Radio theme;Negotiation,Auction / Bidding;Player Elimination;Roll / Spin and Move;Set Collection;Trading,,Economic,3.0,1.0,0.6165754530113879,0.5,0.6649818406022776
162898,Monopoly: Amersfoort,2.0,8.0,100.0,,5.66667,Economic;Negotiation,Auction / Bidding;Player Elimination;Roll / Spin and Move;Set Collection;Trading,,Economic,3.0,1.0,0.674867056948593,0.5,0.7266401613897187
40277,Monopoly: Amiens,2.0,6.0,60.0,,5.25,Economic;Negotiation,Auction / Bidding;Player Elimination;Roll / Spin and Move;Set Collection;Trading,,Economic,4.0,1.0,0.8683883697146904,0.5,0.754927673942938
57674,Monopoly: Amsterdam,2.0,6.0,90.0,,5.08333,Economic;Negotiation,Auction / Bidding;Player Elimination;Roll / Spin and Move;Set Collection;Trading,,Economic,6.0,1.0,0.7109813678954644,0.5,0.7192795235790929
40278,Monopoly: Angers,2.0,6.0,90.0,,5.25,Economic;Negotiation,Auction / Bidding;Player Elimination;Roll / Spin and Move;Set Collection;Trading,,Economic,4.0,1.0,0.7109813678954644,0.5,0.7234462735790929
376559,Monopoly: Angry Birds,2.0,4.0,,,5.875,Animals;Economic;Movies / TV / Radio theme;Negotiation;Video Game Theme,Ownership;Physical Removal;Roll / Spin and Move;Set Collection;Trading,,Animals,4.0,1.0,0.5,0.5,0.6968749999999999
279822,Monopoly: Animaccord Edition,2.0,6.0,180.0,,7.5,Economic;Negotiation,Auction / Bidding;Player Elimination;Roll / Spin and Move;Set Collection;Trading,,Economic,2.0,1.0,0.5041266174373653,0.5,0.738325323487473
348250,Monopoly: Animal Crossing – New Horizons,2.0,4.0,,1.1111,5.34318,Animals;Children's Game;Economic;Video Game Theme,Roll / Spin and Move;Set Collection,29729.0,Animals,320.0,1.0,0.5,0.38889340346431334,0.6613581806928626
318917,Monopoly: Animaniacs,2.0,6.0,,,6.875,Children's Game;Economic;Movies / TV / Radio theme;Negotiation,Auction / Bidding;Player Elimination;Roll / Spin and Move;Set Collection;Trading,,Children's Game,4.0,1.0,0.5,0.5,0.7218749999999999
57676,Monopoly: Antwerpen,2.0,6.0,90.0,,5.76667,Economic;Negotiation,Auction / Bidding;Player Elimination;Roll / Spin and Move;Set Collection;Trading,,Economic,15.0,1.0,0.7109813678954644,0.5,0.7363630235790929
163744,Monopoly: AON,2.0,8.0,100.0,,5.66667,Economic;Negotiation,Auction / Bidding;Player Elimination;Roll / Spin and Move;Set Collection;Trading,,Economic,3.0,1.0,0.674867056948593,0.5,0.7266401613897187
179939,Monopoly: Apeldoorn,2.0,6.0,120.0,,6.125,Economic;Negotiation,Auction / Bidding;Player Elimination;Roll / Spin and Move;Set Collection;Trading,,Economic,4.0,1.0,0.6165754530113879,0.5,0.7264400906022777
40333,Monopoly: Argentina,2.0,6.0,90.0,,3.875,Economic;Negotiation,Auction / Bidding;Player Elimination;Roll / Spin and Move;Set Collection;Trading,,Economic,8.0,1.0,0.7109813678954644,0.5,0.6890712735790929
281720,Monopoly: Ariel Edition,2.0,6.0,60.0,,7.5,Economic;Negotiation,Auction / Bidding;Player Elimination;Roll / Spin and Move;Set Collection;Trading,,Economic,2.0,1.0,0.8683883697146904,0.5,0.811177673942938
188984,Monopoly: Arizona edition,2.0,8.0,,,4.0,Economic;Negotiation,Auction / Bidding;Player Elimination;Roll / Spin and Move;Set Collection;Trading,,Economic,3.0,1.0,0.5,0.5,0.6499999999999999
322139,Monopoly: Ariège – Libres comme l'Air,2.0,6.0,90.0,,7.5,Economic;Negotiation,Auction / Bidding;Income;Lose a Turn;Player Elimination;Roll / Spin and Move;Set Collection;Trading,,Economic,2.0,1.0,0.7109813678954644,0.5,0.7796962735790929
338071,Monopoly: Arlon,2.0,8.0,,,7.5,Economic;Negotiation,Auction / Bidding;Lose a Turn;Player Elimination;Roll / Spin and Move;Set Collection,,Economic,2.0,1.0,0.5,0.5,0.7374999999999999
440669,Monopoly: Armenia,2.0,6.0,,,5.0,Economic;Negotiation,Auction / Bidding;Player Elimination;Roll / Spin and Move;Set Collection;Trading,,Economic,1.0,1.0,0.5,0.5,0.6749999999999999
12913,Monopoly: Arsenal,2.0,6.0,60.0,,4.44444,Economic;Negotiation,Auction / Bidding;Player Elimination;Roll / Spin and Move;Set Collection;Trading,,Economic,9.0,1.0,0.8683883697146904,0.5,0.734788673942938
178950,Monopoly: Aruba,2.0,6.0,120.0,,3.5,Economic;Negotiation,Auction / Bidding;Player Elimination;Roll / Spin and Move;Set Collection;Trading,,Economic,2.0,1.0,0.6165754530113879,0.5,0.6608150906022776
120169,Monopoly: Aschaffenburg,2.0,6.0,45.0,,5.66667,Economic;Negotiation,Auction / Bidding;Player Elimination;Roll / Spin and Move;Set Collection;Trading,,Economic,3.0,1.0,1.0,0.5,0.7916667500000001
66747,Monopoly: ASML Special Edition,2.0,8.0,90.0,,5.2,Economic;Negotiation,Auction / Bidding;Player Elimination;Roll / Spin and Move;Set Collection;Trading,,Economic,5.0,1.0,0.7109813678954644,0.5,0.7221962735790929
171589,Monopoly: Assassin's Creed,2.0,6.0,60.0,1.0,5.16214,Economic;Negotiation;Video Game Theme,Auction / Bidding;Player Elimination;Roll / Spin and Move;Set Collection;Trading,,Economic,28.0,1.0,0.8683883697146904,0.36787944117144233,0.7263070621772265
307736,Monopoly: Assassin's Creed Syndicate,2.0,6.0,60.0,,6.25,Economic;Negotiation;Video Game Theme,Auction / Bidding;Player Elimination;Roll / Spin and Move;Set Collection;Trading,,Economic,4.0,1.0,0.8683883697146904,0.5,0.779927673942938
355484,Monopoly: Asterix,2.0,6.0,180.0,,7.0,Comic Book / Strip;Economic;Negotiation,Auction / Bidding;Income;Loans;Lose a Turn;Ownership;Player Elimination;Roll / Spin and Move;Set Collection;Stock Holding;Track Movement;Trading,,Comic Book / Strip,8.0,1.0,0.5041266174373653,0.5,0.725825323487473
93631,Monopoly: Aston Villa FC Edition,2.0,8.0,,,5.20889,Economic;Negotiation,Auction / Bidding;Player Elimination;Roll / Spin and Move;Set Collection;Trading,,Economic,3.0,1.0,0.5,0.5,0.6802222499999999
25395,Monopoly: Astronomy,2.0,6.0,60.0,1.5,5.62069,Economic;Negotiation,Auction / Bidding;Player Elimination;Roll / Spin and Move;Set Collection;Trading,,Economic,29.0,1.0,0.8683883697146904,0.4723665527410147,0.7586682344911411
353283,Monopoly: At Home Reality,2.0,6.0,,,6.14286,Economic;Humor;Negotiation,Auction / Bidding;Player Elimination;Roll / Spin and Move;Set Collection,,Economic,7.0,1.0,0.5,0.5,0.7035714999999999
323240,Monopoly: Atalanta,2.0,6.0,,,7.5,Economic;Negotiation;Sports,Auction / Bidding;Lose a Turn;Player Elimination;Roll / Spin and Move;Set Collection;Trading,,Economic,2.0,1.0,0.5,0.5,0.7374999999999999
318138,Monopoly: Ath – Cité des Géants,2.0,8.0,180.0,,7.5,Economic;Negotiation,Auction / Bidding;Income;Lose a Turn;Player Elimination;Roll / Spin and Move;Set Collection;Trading,,Economic,2.0,1.0,0.5041266174373653,0.5,0.738325323487473
319681,Monopoly: Athletic Club Bilbao,2.0,6.0,180.0,,7.5,Economic;Negotiation;Sports,Auction / Bidding;Income;Lose a Turn;Player Elimination;Set Collection;Trading,,Economic,2.0,1.0,0.5041266174373653,0.5,0.738325323487473
25688,Monopoly: Atlanta Braves,2.0,6.0,120.0,2.0,4.1,Economic;Negotiation,Auction / Bidding;Player Elimination;Roll / Spin and Move;Set Collection;Trading,,Economic,5.0,1.0,0.6165754530113879,0.6065306597126334,0.6971212225448042
319898,Monopoly: Atletico Madrid,2.0,6.0,180.0,,8.0,Economic;Negotiation;Sports,Auction / Bidding;Income;Lose a Turn;Player Elimination;Roll / Spin and Move;Set Collection,,Economic,4.0,1.0,0.5041266174373653,0.5,0.7508253234874731
301026,Monopoly: Attack on Titan,2.0,6.0,,,5.0,Comic Book / Strip;Economic;Movies / TV / Radio theme,Roll / Spin and Move,,Comic Book / Strip,4.0,1.0,0.5,0.5,0.6749999999999999
160437,Monopoly: Auckland Edition,2.0,6.0,100.0,3.0,6.5,Economic;Negotiation,Auction / Bidding;Player Elimination;Roll / Spin and Move;Set Collection;Trading,,Economic,4.0,1.0,0.674867056948593,1.0,0.8474734113897185
35802,Monopoly: Augsburg,2.0,6.0,120.0,,3.66667,Economic;Negotiation,Auction / Bidding;Player Elimination;Roll / Spin and Move;Set Collection;Trading,,Economic,3.0,1.0,0.6165754530113879,0.5,0.6649818406022776
6532,Monopoly: Australian Edition,2.0,8.0,180.0,1.625,4.51565,Economic;Negotiation,Auction / Bidding;Player Elimination;Roll / Spin and Move;Set Collection;Trading,30746.0,Economic,115.0,1.0,0.5041266174373653,0.5028315779709409,0.6642828890816612
54829,Monopoly: Australian Football League,2.0,6.0,90.0,,5.2,Economic;Negotiation,Auction / Bidding;Player Elimination;Roll / Spin and Move;Set Collection;Trading,,Economic,5.0,1.0,0.7109813678954644,0.5,0.7221962735790929
29969,Monopoly: Australian Here and Now,2.0,6.0,60.0,1.5,4.76216,Economic;Negotiation,Auction / Bidding;Player Elimination;Roll / Spin and Move;Set Collection;Trading,29040.0,Economic,37.0,1.0,0.8683883697146904,0.4723665527410147,0.737204984491141
40314,Monopoly: Auvergne,2.0,6.0,60.0,,5.25,Economic;Negotiation,Auction / Bidding;Player Elimination;Roll / Spin and Move;Set Collection;Trading,,Economic,4.0,1.0,0.8683883697146904,0.5,0.754927673942938
460667,Monopoly: Avatar,6.0,2.0,180.0,,4.0,Economic;Movies / TV / Radio theme;Science Fiction,Roll / Spin and Move,,Economic,2.0,0.0,0.5041266174373653,0.5,0.30082532348747304
377837,Monopoly: Avatar – Nickelodeon The Last Airbender Edition,2.0,6.0,,,6.0,Economic;Movies / TV / Radio theme;Negotiation,Roll / Spin and Move;Trading,,Economic,10.0,1.0,0.5,0.5,0.7
139839,Monopoly: Aveyron,2.0,8.0,90.0,,5.66667,Economic;Negotiation,Auction / Bidding;Player Elimination;Roll / Spin and Move;Set Collection;Trading,,Economic,3.0,1.0,0.7109813678954644,0.5,0.7338630235790928
40279,Monopoly: Avignon,2.0,6.0,90.0,,5.25,Economic;Negotiation,Auction / Bidding;Player Elimination;Roll / Spin and Move;Set Collection;Trading,,Economic,4.0,1.0,0.7109813678954644,0.5,0.7234462735790929
187127,Monopoly: Back to the Future,2.0,6.0,,1.0,5.86875,Economic;Movies / TV / Radio theme;Negotiation,Auction / Bidding;Player Elimination;Roll / Spin and Move;Set Collection;Trading,27155.0,Economic,48.0,1.0,0.5,0.36787944117144233,0.6702946382342885
130434,Monopoly: Bad Homburg,2.0,8.0,60.0,,7.5,Economic;Negotiation,Auction / Bidding;Player Elimination;Roll / Spin and Move;Set Collection;Trading,,Economic,2.0,1.0,0.8683883697146904,0.5,0.811177673942938
130089,Monopoly: Baden-Baden,2.0,6.0,60.0,,5.66667,Economic;Negotiation,Auction / Bidding;Player Elimination;Roll / Spin and Move;Set Collection;Trading,,Economic,3.0,1.0,0.8683883697146904,0.5,0.7653444239429381
15656,Monopoly: Baden-Württemberg,2.0,6.0,120.0,,3.28571,Economic;Negotiation,Auction / Bidding;Player Elimination;Roll / Spin and Move;Set Collection;Trading,,Economic,7.0,1.0,0.6165754530113879,0.5,0.6554578406022776
155834,Monopoly: Bailiwick of Guernsey,2.0,8.0,100.0,,5.57143,Economic;Negotiation,Auction / Bidding;Player Elimination;Roll / Spin and Move;Set Collection;Trading,,Economic,7.0,1.0,0.674867056948593,0.5,0.7242591613897186
440670,Monopoly: Baku City,2.0,8.0,,,5.0,Economic;Negotiation,Auction / Bidding;Player Elimination;Roll / Spin and Move;Set Collection;Trading,,Economic,1.0,1.0,0.5,0.5,0.6749999999999999
326665,Monopoly: Baltimore Edition,2.0,8.0,,,7.5,Economic;Negotiation,Auction / Bidding;Player Elimination;Roll / Spin and Move,,Economic,2.0,1.0,0.5,0.5,0.7374999999999999
120166,Monopoly: Bamberg,2.0,6.0,45.0,,5.66667,Economic;Negotiation,Auction / Bidding;Player Elimination;Roll / Spin and Move;Set Collection;Trading,,Economic,3.0,1.0,1.0,0.5,0.7916667500000001
23409,Monopoly: Bank Elhaz Elsaed,2.0,6.0,90.0,,5.25,Economic;Negotiation,Auction / Bidding;Player Elimination;Roll / Spin and Move;Set Collection;Trading,,Economic,4.0,1.0,0.7109813678954644,0.5,0.7234462735790929
64575,Monopoly: Bank of America Baseball,2.0,6.0,90.0,,2.66667,Economic;Negotiation,Auction / Bidding;Player Elimination;Roll / Spin and Move;Set Collection;Trading,,Economic,3.0,1.0,0.7109813678954644,0.5,0.6588630235790929
341121,Monopoly: Bank of America Toy Bank Edition,2.0,6.0,180.0,,7.5,Economic;Negotiation,Auction / Bidding;Income;Loans;Lose a Turn;Ownership;Player Elimination;Roll / Spin and Move;Set Collection;Stock Holding;Track Movement;Trading,,Economic,2.0,1.0,0.5041266174373653,0.5,0.738325323487473
156135,Monopoly: Bankhaus Wölbern,2.0,6.0,100.0,,5.66667,Economic;Negotiation,Auction / Bidding;Player Elimination;Roll / Spin and Move;Set Collection;Trading,,Economic,3.0,1.0,0.674867056948593,0.5,0.7266401613897187
29505,Monopoly: Banking,2.0,6.0,90.0,1.25,4.51219,Economic;Electronic;Negotiation,Auction / Bidding;Player Elimination;Roll / Spin and Move;Set Collection;Trading,30877.0,Economic,151.0,1.0,0.7109813678954644,0.4168620196785084,0.6883734275147946
327297,Monopoly: Super Electronic Banking,2.0,4.0,,,5.36163,Economic,,28679.0,Economic,86.0,1.0,0.5,0.5,0.6840407499999999
403399,Monopoly: Barbie,2.0,6.0,,,5.75,Dice;Economic;Negotiation,Auction / Bidding;Roll / Spin and Move;Set Collection,,Dice,6.0,1.0,0.5,0.5,0.6937499999999999
76717,Monopoly: Barça,2.0,6.0,90.0,,5.0,Economic;Negotiation,Auction / Bidding;Player Elimination;Roll / Spin and Move;Set Collection;Trading,,Economic,4.0,1.0,0.7109813678954644,0.5,0.7171962735790929
137875,Monopoly: Basel,2.0,8.0,45.0,,4.8,Economic;Negotiation,Auction / Bidding;Player Elimination;Roll / Spin and Move;Set Collection;Trading,,Economic,5.0,1.0,1.0,0.5,0.77
11994,Monopoly: Bass Fishing,2.0,8.0,60.0,4.0,4.96111,Economic;Negotiation,Auction / Bidding;Player Elimination;Roll / Spin and Move;Set Collection;Trading,,Economic,18.0,1.0,0.8683883697146904,0.6065306597126334,0.7690115558854648
40315,Monopoly: Basse-Normandie,2.0,6.0,60.0,,5.25,Economic;Negotiation,Auction / Bidding;Player Elimination;Roll / Spin and Move;Set Collection;Trading,,Economic,4.0,1.0,0.8683883697146904,0.5,0.754927673942938
40316,Monopoly: Bassin d'Arcachon,2.0,6.0,90.0,,5.25,Economic;Negotiation,Auction / Bidding;Player Elimination;Roll / Spin and Move;Set Collection;Trading,,Economic,4.0,1.0,0.7109813678954644,0.5,0.7234462735790929
28198,Monopoly: Bath Edition,2.0,6.0,120.0,,4.57143,Economic;Negotiation,Auction / Bidding;Player Elimination;Roll / Spin and Move;Set Collection;Trading,,Economic,7.0,1.0,0.6165754530113879,0.5,0.6876008406022776
25526,Monopoly: Batman,2.0,6.0,120.0,1.3333,5.47143,Comic Book / Strip;Economic;Negotiation,Auction / Bidding;Player Elimination;Roll / Spin and Move;Set Collection;Trading,27253.0,Comic Book / Strip,42.0,1.0,0.6165754530113879,0.4345909652639636,0.6970190336550703
6713,Monopoly: Batman & Robin,2.0,8.0,90.0,1.5,4.535,Comic Book / Strip;Economic;Movies / TV / Radio theme;Negotiation,Auction / Bidding;Player Elimination;Roll / Spin and Move;Set Collection;Trading,29578.0,Comic Book / Strip,40.0,1.0,0.7109813678954644,0.4723665527410147,0.7000445841272959
446389,Monopoly: Batman Edition,2.0,4.0,,2.0,6.5,Comic Book / Strip;Economic;Negotiation,Auction / Bidding;Roll / Spin and Move;Set Collection;Trading,,Comic Book / Strip,2.0,1.0,0.5,0.6065306597126334,0.7338061319425266
15658,Monopoly: Bayern,2.0,6.0,120.0,,3.90909,Economic;Negotiation,Auction / Bidding;Player Elimination;Roll / Spin and Move;Set Collection;Trading,,Economic,11.0,1.0,0.6165754530113879,0.5,0.6710423406022776
35834,Monopoly: Bayreuth,2.0,6.0,120.0,,5.6,Economic;Negotiation,Auction / Bidding;Player Elimination;Roll / Spin and Move;Set Collection;Trading,,Economic,5.0,1.0,0.6165754530113879,0.5,0.7133150906022776
105575,Monopoly: BBK Worldwide Clinical Research & Development Edition,2.0,6.0,90.0,,3.5,Economic;Negotiation,Auction / Bidding;Player Elimination;Roll / Spin and Move;Set Collection;Trading,,Economic,2.0,1.0,0.7109813678954644,0.5,0.6796962735790929
380840,Monopoly: Beast Wars Transformers,2.0,6.0,180.0,,5.5,Movies / TV / Radio theme;Science Fiction,,,Movies / TV / Radio theme,4.0,1.0,0.5041266174373653,0.5,0.6883253234874731
140146,Monopoly: Beaujolais,2.0,8.0,90.0,,5.66667,Economic;Negotiation,Auction / Bidding;Player Elimination;Roll / Spin and Move;Set Collection;Trading,,Economic,3.0,1.0,0.7109813678954644,0.5,0.7338630235790928
40280,Monopoly: Beauvais,2.0,6.0,60.0,,5.25,Economic;Negotiation,Auction / Bidding;Player Elimination;Roll / Spin and Move;Set Collection;Trading,,Economic,4.0,1.0,0.8683883697146904,0.5,0.754927673942938
321039,Monopoly: Beetlejuice,2.0,6.0,60.0,,6.4,Economic;Movies / TV / Radio theme,Roll / Spin and Move;Set Collection,,Economic,5.0,1.0,0.8683883697146904,0.5,0.7836776739429381
80444,Monopoly: Belfast Edition,2.0,8.0,180.0,,3.33333,Economic;Negotiation,Auction / Bidding;Player Elimination;Roll / Spin and Move;Set Collection;Trading,,Economic,3.0,1.0,0.5041266174373653,0.5,0.6341585734874731
337816,Monopoly: Belgian Red Devils,2.0,6.0,,,7.33333,Economic;Negotiation;Sports,Auction / Bidding;Income;Lose a Turn;Player Elimination;Roll / Spin and Move;Set Collection,,Economic,3.0,1.0,0.5,0.5,0.7333332499999999
118586,Monopoly: België-Belgique,2.0,6.0,,1.5,5.29032,Economic;Negotiation,Auction / Bidding;Player Elimination;Roll / Spin and Move;Set Collection;Trading,27624.0,Economic,31.0,1.0,0.5,0.4723665527410147,0.6767313105482029
235693,Monopoly: Belkin,2.0,6.0,120.0,,5.66667,Economic;Negotiation,Auction / Bidding;Player Elimination;Roll / Spin and Move;Set Collection;Trading,,Economic,3.0,1.0,0.6165754530113879,0.5,0.7149818406022777
321094,Monopoly: Benevento Calcio,2.0,6.0,180.0,,7.5,Economic;Negotiation;Sports,Auction / Bidding;Lose a Turn;Player Elimination;Roll / Spin and Move;Set Collection;Trading,,Economic,2.0,1.0,0.5041266174373653,0.5,0.738325323487473
28830,Monopoly: Berkshire Hathaway Diamond Edition,2.0,6.0,120.0,,5.71429,Economic;Negotiation,Auction / Bidding;Player Elimination;Roll / Spin and Move;Set Collection;Trading,,Economic,7.0,1.0,0.6165754530113879,0.5,0.7161723406022775
15659,Monopoly: Berlin,2.0,8.0,120.0,1.6667,4.66667,Economic;Negotiation,Auction / Bidding;Player Elimination;Roll / Spin and Move;Set Collection;Trading,,Economic,18.0,1.0,0.6165754530113879,0.5134256760558843,0.6926669758134545
137877,Monopoly: Bern,2.0,8.0,45.0,,5.8,Economic;Negotiation,Auction / Bidding;Player Elimination;Roll / Spin and Move;Set Collection;Trading,,Economic,4.0,1.0,1.0,0.5,0.795
467050,Monopoly: Berăria H,2.0,6.0,180.0,,,Economic,Roll / Spin and Move,,Economic,0.0,1.0,0.5041266174373653,0.5,
40281,Monopoly: Besançon,2.0,6.0,90.0,,5.25,Economic;Negotiation,Auction / Bidding;Player Elimination;Roll / Spin and Move;Set Collection;Trading,,Economic,4.0,1.0,0.7109813678954644,0.5,0.7234462735790929
126236,Monopoly: Best Buy Edition,2.0,6.0,,1.0,5.8,Economic;Negotiation,Auction / Bidding;Player Elimination;Roll / Spin and Move;Set Collection;Trading,,Economic,5.0,1.0,0.5,0.36787944117144233,0.6685758882342885
7747,Monopoly: Betty Boop,2.0,6.0,60.0,2.0,4.37085,Economic;Movies / TV / Radio theme;Negotiation,Auction / Bidding;Player Elimination;Roll / Spin and Move;Set Collection;Trading,,Economic,13.0,1.0,0.8683883697146904,0.6065306597126334,0.7542550558854648
331244,Monopoly: Biel/Bienne,2.0,6.0,180.0,,7.5,Economic;Negotiation,Auction / Bidding;Player Elimination;Roll / Spin and Move;Set Collection;Trading,,Economic,2.0,1.0,0.5041266174373653,0.5,0.738325323487473
35835,Monopoly: Bielefeld,2.0,6.0,120.0,1.0,6.0,Economic;Negotiation,Auction / Bidding;Player Elimination;Roll / Spin and Move;Set Collection;Trading,,Economic,8.0,1.0,0.6165754530113879,0.36787944117144233,0.696890978836566
140202,Monopoly: Bietigheimer Wohnbau,2.0,8.0,90.0,,5.0,Economic;Negotiation,Auction / Bidding;Player Elimination;Roll / Spin and Move;Set Collection;Trading,,Economic,4.0,1.0,0.7109813678954644,0.5,0.7171962735790929
322584,Monopoly: Bilbao,2.0,8.0,180.0,,7.5,Economic;Negotiation,Auction / Bidding;Lose a Turn;Player Elimination;Roll / Spin and Move;Set Collection;Trading,,Economic,2.0,1.0,0.5041266174373653,0.5,0.738325323487473
318239,Monopoly: Binche – Cité du Gille,2.0,8.0,180.0,,7.5,Economic;Negotiation,Auction / Bidding;Income;Lose a Turn;Player Elimination;Roll / Spin and Move;Set Collection;Trading,,Economic,2.0,1.0,0.5041266174373653,0.5,0.738325323487473
28197,Monopoly: Birmingham,2.0,8.0,120.0,,4.07692,Economic;Negotiation,Auction / Bidding;Player Elimination;Roll / Spin and Move;Set Collection;Trading,,Economic,13.0,1.0,0.6165754530113879,0.5,0.6752380906022776
322086,Monopoly: Black Panther,2.0,6.0,90.0,,7.5,Comic Book / Strip;Economic;Movies / TV / Radio theme;Negotiation,Roll / Spin and Move;Set Collection,,Comic Book / Strip,4.0,1.0,0.7109813678954644,0.5,0.7796962735790929
416834,Monopoly: Blackburn Rovers F.C. Edition,2.0,6.0,120.0,,5.0,Economic,Auction / Bidding;Roll / Spin and Move;Set Collection,,Economic,1.0,1.0,0.6165754530113879,0.5,0.6983150906022776
382629,Monopoly: Blackpink,2.0,6.0,90.0,,5.0,Economic;Negotiation,Auction: English;Market,,Economic,1.0,1.0,0.7109813678954644,0.5,0.7171962735790929
92561,Monopoly: Blackpool & the Fylde Coast Edition,2.0,6.0,60.0,,6.75,Economic;Negotiation,Auction / Bidding;Player Elimination;Roll / Spin and Move;Set Collection;Trading,,Economic,4.0,1.0,0.8683883697146904,0.5,0.7924276739429381
429844,Monopoly: Board Crawl,2.0,10.0,30.0,,5.92857,Economic;Mature / Adult;Party Game,Lose a Turn;Ownership;Player Elimination;Roll / Spin and Move;Set Collection,,Economic,7.0,1.0,0.8209220690651828,0.5,0.7623986638130366
321037,Monopoly: Bob Ross Edition,2.0,6.0,60.0,,6.625,Economic;Movies / TV / Radio theme,Roll / Spin and Move;Set Collection,,Economic,8.0,1.0,0.8683883697146904,0.5,0.7893026739429381
310042,Monopoly: Bob's Burgers,2.0,6.0,120.0,,6.38,Economic;Movies / TV / Radio theme;Negotiation,Auction / Bidding;Player Elimination;Roll / Spin and Move;Set Collection;Trading,,Economic,25.0,1.0,0.6165754530113879,0.5,0.7328150906022776
120167,Monopoly: Bochum,2.0,6.0,45.0,,5.25,Economic;Negotiation,Auction / Bidding;Player Elimination;Roll / Spin and Move;Set Collection;Trading,,Economic,4.0,1.0,1.0,0.5,0.78125
120168,Monopoly: Bodensee,2.0,6.0,45.0,,5.6,Economic;Negotiation,Auction / Bidding;Player Elimination;Roll / Spin and Move;Set Collection;Trading,,Economic,5.0,1.0,1.0,0.5,0.79
268265,Monopoly: Bojack Horseman Edition,2.0,6.0,60.0,,5.28571,Economic;Humor;Movies / TV / Radio theme;Negotiation,Auction / Bidding;Player Elimination;Roll / Spin and Move;Set Collection;Trading,,Economic,7.0,1.0,0.8683883697146904,0.5,0.755820423942938
120231,Monopoly: Bonn,2.0,6.0,45.0,,5.16667,Economic;Negotiation,Auction / Bidding;Player Elimination;Roll / Spin and Move;Set Collection;Trading,,Economic,6.0,1.0,1.0,0.5,0.77916675
40297,Monopoly: Bordeaux,2.0,6.0,90.0,,5.5,Economic;Negotiation,Auction / Bidding;Player Elimination;Roll / Spin and Move;Set Collection;Trading,,Economic,6.0,1.0,0.7109813678954644,0.5,0.7296962735790928
120232,Monopoly: Borussia Dortmund,2.0,8.0,45.0,,4.66667,Economic;Negotiation,Auction / Bidding;Player Elimination;Roll / Spin and Move;Set Collection;Trading,,Economic,3.0,1.0,1.0,0.5,0.7666667500000001
156132,Monopoly: Borussia Mönchengladbach,2.0,8.0,100.0,,5.66667,Economic;Negotiation,Auction / Bidding;Player Elimination;Roll / Spin and Move;Set Collection;Trading,,Economic,3.0,1.0,0.674867056948593,0.5,0.7266401613897187
25747,Monopoly: Boston Celtics Collector's Edition,2.0,6.0,120.0,2.0,3.4,Economic;Negotiation,Auction / Bidding;Player Elimination;Roll / Spin and Move;Set Collection;Trading,,Economic,5.0,1.0,0.6165754530113879,0.6065306597126334,0.6796212225448042
157746,Monopoly: Boston Edition,2.0,8.0,180.0,,4.5,Economic;Negotiation,Auction / Bidding;Player Elimination;Roll / Spin and Move;Set Collection;Trading,,Economic,5.0,1.0,0.5041266174373653,0.5,0.6633253234874731
25689,Monopoly: Boston Red Sox,2.0,6.0,120.0,2.0,5.33333,Economic;Negotiation,Auction / Bidding;Player Elimination;Roll / Spin and Move;Set Collection;Trading,,Economic,6.0,1.0,0.6165754530113879,0.6065306597126334,0.7279544725448042
15184,Monopoly: Boston Red Sox 2004 World Series Champions,2.0,6.0,120.0,,3.44444,Economic;Negotiation,Auction / Bidding;Player Elimination;Roll / Spin and Move;Set Collection;Trading,,Economic,9.0,1.0,0.6165754530113879,0.5,0.6594260906022776
64505,Monopoly: Boston Red Sox Collector's Edition,2.0,6.0,60.0,,4.9,Economic;Negotiation,Auction / Bidding;Player Elimination;Roll / Spin and Move;Set Collection;Trading,,Economic,10.0,1.0,0.8683883697146904,0.5,0.7461776739429381
175952,Monopoly: Bottrop,2.0,8.0,150.0,,6.75,Economic;Negotiation,Auction / Bidding;Player Elimination;Roll / Spin and Move;Set Collection;Trading,,Economic,4.0,1.0,0.5519381863844937,0.5,0.7291376372768987
40282,Monopoly: Bourges,2.0,6.0,90.0,,5.25,Economic;Negotiation,Auction / Bidding;Player Elimination;Roll / Spin and Move;Set Collection;Trading,,Economic,4.0,1.0,0.7109813678954644,0.5,0.7234462735790929
140108,Monopoly: Bourgogne,2.0,8.0,90.0,,5.66667,Economic;Negotiation,Auction / Bidding;Player Elimination;Roll / Spin and Move;Set Collection;Trading,,Economic,3.0,1.0,0.7109813678954644,0.5,0.7338630235790928
33828,Monopoly: Bournemouth & Poole Edition,2.0,10.0,120.0,,5.85714,Economic;Negotiation,Auction / Bidding;Player Elimination;Roll / Spin and Move;Set Collection;Trading,,Economic,7.0,1.0,0.6165754530113879,0.5,0.7197435906022775
33025,Monopoly: Boutique Edition,2.0,8.0,90.0,1.0,4.94706,Economic;Negotiation,Auction / Bidding;Player Elimination;Roll / Spin and Move;Set Collection;Trading,,Economic,17.0,1.0,0.7109813678954644,0.36787944117144233,0.6894486618133814
20917,Monopoly: Boy Scouts of America,2.0,6.0,60.0,2.0,4.72727,Economic;Negotiation,Auction / Bidding;Player Elimination;Roll / Spin and Move;Set Collection;Trading,,Economic,11.0,1.0,0.8683883697146904,0.6065306597126334,0.7631655558854648
140034,Monopoly: Bradford,2.0,8.0,90.0,,5.6,Economic;Negotiation,Auction / Bidding;Player Elimination;Roll / Spin and Move;Set Collection;Trading,,Economic,5.0,1.0,0.7109813678954644,0.5,0.7321962735790929
402502,Monopoly: Branson Edition,2.0,6.0,,,5.0,Dice;Economic;Negotiation;Travel,Auction / Bidding;Dice Rolling;Roll / Spin and Move;Set Collection;Trading,,Dice,2.0,1.0,0.5,0.5,0.6749999999999999
411597,Monopoly: Brasil,2.0,6.0,120.0,,5.5,Economic;Negotiation,Auction / Bidding;Auction: English;Income;Loans;Lose a Turn;Ownership;Player Elimination;Roll / Spin and Move;Set Collection;Stock Holding;Track Movement;Trading,,Economic,2.0,1.0,0.6165754530113879,0.5,0.7108150906022777
160804,Monopoly: Brasilien,2.0,8.0,100.0,,5.75,Economic;Negotiation,Auction / Bidding;Player Elimination;Roll / Spin and Move;Set Collection;Trading,,Economic,4.0,1.0,0.674867056948593,0.5,0.7287234113897185
35837,Monopoly: Braunschweig,2.0,6.0,120.0,,5.0,Economic;Negotiation,Auction / Bidding;Player Elimination;Roll / Spin and Move;Set Collection;Trading,,Economic,9.0,1.0,0.6165754530113879,0.5,0.6983150906022776
142077,Monopoly: Brave Collector's Edition,2.0,6.0,90.0,,6.2,Economic;Movies / TV / Radio theme;Negotiation,Auction / Bidding;Player Elimination;Roll / Spin and Move;Set Collection;Trading,,Economic,5.0,1.0,0.7109813678954644,0.5,0.7471962735790929
321030,Monopoly: Breaking Bad,2.0,6.0,60.0,,4.66667,Economic;Movies / TV / Radio theme,Roll / Spin and Move;Set Collection,,Economic,12.0,1.0,0.8683883697146904,0.5,0.7403444239429381
57603,Monopoly: Breda,2.0,6.0,90.0,,4.0,Economic;Negotiation,Auction / Bidding;Player Elimination;Roll / Spin and Move;Set Collection;Trading,,Economic,4.0,1.0,0.7109813678954644,0.5,0.6921962735790929
15660,Monopoly: Bremen,2.0,6.0,120.0,,4.3,Economic;Negotiation,Auction / Bidding;Player Elimination;Roll / Spin and Move;Set Collection;Trading,,Economic,10.0,1.0,0.6165754530113879,0.5,0.6808150906022776
130430,Monopoly: Bremerhaven,2.0,8.0,60.0,,5.66667,Economic;Negotiation,Auction / Bidding;Player Elimination;Roll / Spin and Move;Set Collection;Trading,,Economic,3.0,1.0,0.8683883697146904,0.5,0.7653444239429381
40284,Monopoly: Brest,2.0,6.0,60.0,,4.8,Economic;Negotiation,Auction / Bidding;Player Elimination;Roll / Spin and Move;Set Collection;Trading,,Economic,5.0,1.0,0.8683883697146904,0.5,0.743677673942938
40317,Monopoly: Bretagne,2.0,6.0,60.0,,4.85714,Economic;Negotiation,Auction / Bidding;Player Elimination;Roll / Spin and Move;Set Collection;Trading,,Economic,7.0,1.0,0.8683883697146904,0.5,0.7451061739429381
420553,Monopoly: Bridgerton,2.0,6.0,,,5.0,Economic;Movies / TV / Radio theme,Auction / Bidding;Auction: English;Income;Loans;Lose a Turn;Ownership;Player Elimination;Roll / Spin and Move;Set Collection;Track Movement;Trading,,Economic,2.0,1.0,0.5,0.5,0.6749999999999999
28196,Monopoly: Brighton & Hove Edition,2.0,6.0,120.0,,4.5,Economic;Negotiation,Auction / Bidding;Player Elimination;Roll / Spin and Move;Set Collection;Trading,,Economic,8.0,1.0,0.6165754530113879,0.5,0.6858150906022776
217373,Monopoly: Brisbane Edition,2.0,8.0,,,4.61111,Economic;Negotiation,Auction / Bidding;Player Elimination;Roll / Spin and Move;Set Collection;Trading,,Economic,9.0,1.0,0.5,0.5,0.6652777499999999
28235,Monopoly: Bristol Edition,2.0,6.0,120.0,,4.89,Economic;Negotiation,Auction / Bidding;Player Elimination;Roll / Spin and Move;Set Collection;Trading,,Economic,10.0,1.0,0.6165754530113879,0.5,0.6955650906022776
410244,Monopoly: Britney Spears,2.0,6.0,60.0,,5.66667,Economic;Music;Negotiation,Auction / Bidding;Auction: English;Dice Rolling;Income;Investment;Lose a Turn;Ownership;Player Elimination;Roll / Spin and Move;Set Collection;Trading;Zone of Control,,Economic,3.0,1.0,0.8683883697146904,0.5,0.7653444239429381
325505,Monopoly: Brugge,2.0,6.0,90.0,,7.33333,Economic;Negotiation,Auction / Bidding;Player Elimination;Roll / Spin and Move;Set Collection;Trading,,Economic,3.0,1.0,0.7109813678954644,0.5,0.7755295235790929
320805,Monopoly: Bundeswehr,2.0,6.0,180.0,,7.0,Economic;Negotiation,Auction / Bidding;Player Elimination;Roll / Spin and Move;Set Collection;Trading,,Economic,3.0,1.0,0.5041266174373653,0.5,0.725825323487473
160544,Monopoly: Bunnings Warehouse 2007 Edition,2.0,8.0,100.0,,4.8,Economic;Negotiation,Auction / Bidding;Player Elimination;Roll / Spin and Move;Set Collection;Trading,,Economic,5.0,1.0,0.674867056948593,0.5,0.7049734113897186
130069,Monopoly: Burghausen,2.0,6.0,120.0,,5.66667,Economic;Negotiation,Auction / Bidding;Player Elimination;Roll / Spin and Move;Set Collection;Trading,,Economic,3.0,1.0,0.6165754530113879,0.5,0.7149818406022777
120228,Monopoly: Buxtehude,2.0,6.0,45.0,,5.66667,Economic;Negotiation,Auction / Bidding;Player Elimination;Roll / Spin and Move;Set Collection;Trading,,Economic,3.0,1.0,1.0,0.5,0.7916667500000001
176337,MONOPOLY: Béziers,2.0,6.0,150.0,,5.66667,Economic;Negotiation,Auction / Bidding;Player Elimination;Roll / Spin and Move;Set Collection;Trading,,Economic,3.0,1.0,0.5519381863844937,0.5,0.7020543872768987
40285,Monopoly: Caen,2.0,6.0,90.0,,5.25,Economic;Negotiation,Auction / Bidding;Player Elimination;Roll / Spin and Move;Set Collection;Trading,,Economic,4.0,1.0,0.7109813678954644,0.5,0.7234462735790929
94626,Monopoly: California Centers Magazine Collector's Edition,2.0,6.0,90.0,,3.5,Economic;Negotiation,Auction / Bidding;Player Elimination;Roll / Spin and Move;Set Collection;Trading,,Economic,2.0,1.0,0.7109813678954644,0.5,0.6796962735790929
475138,Monopoly: California Dreaming Edition,2.0,6.0,180.0,,,Economic,Auction / Bidding;Auction: English;Income;Loans;Lose a Turn;Ownership;Player Elimination;Roll / Spin and Move;Set Collection;Track Movement;Trading,,Economic,0.0,1.0,0.5041266174373653,0.5,
339673,Monopoly: Call of Duty Black Ops,2.0,6.0,180.0,,5.45,Economic;Negotiation;Video Game Theme,Auction / Bidding;Lose a Turn;Ownership;Player Elimination;Roll / Spin and Move;Set Collection;Track Movement;Trading,,Economic,6.0,1.0,0.5041266174373653,0.5,0.687075323487473
314892,5 Alive / Uno,2.0,7.0,30.0,,4.31111,Card Game,Hand Management;Player Elimination,,Card Game,9.0,1.0,0.8209220690651828,0.5,0.7219621638130366
342097,Blokus Shuffle: UNO Edition,2.0,4.0,45.0,1.0,6.55891,Abstract Strategy;Territory Building,Enclosure;Grid Coverage;Hand Management;Tile Placement,14636.0,Abstract Strategy,104.0,1.0,1.0,0.36787944117144233,0.7875486382342886
111741,Calvinball Unofficial  Mini-Game,2.0,4.0,,,6.83333,Children's Game;Comic Book / Strip;Humor;Sports,Dice Rolling,,Children's Game,6.0,1.0,0.5,0.5,0.7208332499999999
68153,Campionato Mondiale Formula Uno,2.0,6.0,60.0,,3.0,Racing;Sports,Roll / Spin and Move,,Racing,1.0,1.0,0.8683883697146904,0.5,0.698677673942938
321306,Crime Zoom: A Deadly Writer,1.0,6.0,60.0,1.0,6.70101,Card Game;Deduction;Murder / Mystery,Cooperative Game;Narrative Choice / Paragraph;Storytelling,12007.0,Card Game,137.0,1.0,0.8683883697146904,0.36787944117144233,0.7647788121772265
10944,Deckmatch: The Unofficial Quake 3 Card Game,2.0,2.0,10.0,,5.83333,Card Game;Fighting;Science Fiction;Video Game Theme,Campaign / Battle Card Driven;Hand Management,,Card Game,3.0,0.0,0.4890096469218258,0.5,0.34363517938436516
151840,Decktet-Uno,2.0,4.0,10.0,,6.0,Card Game;Print & Play,Hand Management,,Card Game,1.0,1.0,0.4890096469218258,0.5,0.6978019293843651
11104,Who's the Ass?,3.0,12.0,30.0,1.2468,6.13481,Card Game,Hand Management;Ladder Climbing,7723.0,Card Game,770.0,1.0,0.8209220690651828,0.41619557374594396,0.7507937785622254
222960,DOS! Twice the fun of UNO,2.0,8.0,20.0,,6.5,Card Game;Party Game,Hand Management;Paper-and-Pencil,,Card Game,11.0,1.0,0.6756639246921762,0.5,0.7476327849384352
64986,Dungeon Keeper Unofficial Card Game,2.0,2.0,,,1.0,Card Game;Fantasy;Fighting,Hand Management,,Card Game,1.0,0.0,0.5,0.5,0.225
104777,Tierisch auf Zack,2.0,6.0,20.0,,8.0,Action / Dexterity;Animals;Children's Game;Sports,,,Action / Dexterity,2.0,1.0,0.6756639246921762,0.5,0.7851327849384353
215841,EXIT: The Game – The Forgotten Island,1.0,4.0,90.0,2.614,6.85549,Deduction;Puzzle;Real-time,Cooperative Game,1766.0,Deduction,3972.0,1.0,0.7109813678954644,0.8244819741391082,0.8284799184069145
324853,EXIT: The Game – Kidnapped in Fortune City,1.0,4.0,90.0,2.7857,7.80553,Deduction;Puzzle;Real-time,Cooperative Game,2422.0,Deduction,938.0,1.0,0.7109813678954644,0.8983909042472653,0.867012704428546
218460,Giant UNO,2.0,10.0,,1.0,5.704,Card Game,Hand Management,24340.0,Card Game,113.0,1.0,0.5,0.36787944117144233,0.6661758882342885
3498,Il gioco della Formula Uno,2.0,6.0,20.0,1.0,5.16667,Racing;Sports,Roll / Spin and Move,,Racing,6.0,1.0,0.6756639246921762,0.36787944117144233,0.6878754231727238
343952,GUATAFAC 'Unos Vicios',3.0,15.0,60.0,,5.79667,Mature / Adult,,,Mature / Adult,15.0,1.0,0.8683883697146904,0.5,0.7685944239429381
403176,Harry Potter Unofficial Magic Duel Card Game,2.0,2.0,10.0,,,Card Game;Fantasy;Movies / TV / Radio theme;Novel-based;Print & Play,Hand Management,,Card Game,0.0,0.0,0.4890096469218258,0.5,
15228,Hot Death Uno,2.0,16.0,60.0,1.25,6.3871,Card Game,Hand Management,24627.0,Card Game,31.0,1.0,0.8683883697146904,0.4168620196785084,0.7667275778786398
375865,Karate Kid: All Valley Tournament Unofficial Game,2.0,8.0,60.0,2.0,8.66667,Movies / TV / Radio theme;Print & Play,Card Play Conflict Resolution;Hand Management;Programmed Movement,,Movies / TV / Radio theme,3.0,1.0,0.8683883697146904,0.6065306597126334,0.8616505558854648
42146,King Size UNO,2.0,4.0,10.0,,3.0,Animals;Card Game;Children's Game,Hand Management,,Animals,2.0,1.0,0.4890096469218258,0.5,0.6228019293843651
455524,Liar's UNO,2.0,6.0,,1.0,5.98734,Card Game,Betting and Bluffing;Take That,21473.0,Card Game,79.0,1.0,0.5,0.36787944117144233,0.6732593882342884
435910,Mini UNO Bullseye,2.0,10.0,,,7.0,Card Game,Hand Management;Matching;Take That,,Card Game,4.0,1.0,0.5,0.5,0.7249999999999999
9090,My First UNO,2.0,4.0,10.0,1.0625,4.96675,Card Game;Children's Game;Movies / TV / Radio theme,Hand Management;Pattern Recognition,30196.0,Card Game,150.0,1.0,0.4890096469218258,0.3795571881830896,0.6478821170209831
24629,Serenity: The Unofficial Board Game,1.0,6.0,30.0,,5.5,Adventure;Dice;Movies / TV / Radio theme;Print & Play;Science Fiction,Area Movement;Dice Rolling;Pick-up and Deliver;Roll / Spin and Move,,Adventure,6.0,1.0,0.8209220690651828,0.5,0.7516844138130365
436486,SherBlock: Uno Scandalo in Boemia,1.0,1.0,30.0,,8.33333,Deduction;Murder / Mystery;Novel-based,Narrative Choice / Paragraph;Solo / Solitaire Game,,Deduction,3.0,0.0,0.8209220690651828,0.5,0.4725176638130366
297386,Shot in the Dark: The Ultimate Unorthodox Quiz Game,2.0,99.0,,1.0,5.98235,Card Game;Humor;Party Game;Trivia,,21403.0,Card Game,85.0,1.0,0.5,0.36787944117144233,0.6731346382342884
141517,A Study in Emerald,2.0,5.0,90.0,3.4593,7.2108,Bluffing;Fantasy;Horror;Murder / Mystery;Novel-based;Political;Post-Napoleonic;Spies / Secret Agents;Zombies,"Area Majority / Influence;Deck, Bag, and Pool Building;Hand Management;Hidden Roles;Open Drafting;Point to Point Movement;Team-Based Game",1278.0,Bluffing,3627.0,1.0,0.7109813678954644,0.7948117379350715,0.8314286211661073
178054,A Study in Emerald (Second Edition),2.0,5.0,60.0,2.9403,6.85952,Horror;Murder / Mystery;Novel-based;Political;Spies / Secret Agents;Zombies,"Area Majority / Influence;Auction / Bidding;Deck, Bag, and Pool Building;Hand Management;Hidden Roles;Open Drafting;Point to Point Movement;Team-Based Game",2128.0,Horror,2890.0,1.0,0.8683883697146904,0.9705911112965987,0.8892838962022578
329293,Loading,2.0,7.0,5.0,1.2,6.32612,Card Game;Real-time,Closed Drafting;Race;Simultaneous Action Selection;Speed Matching;Sudden Death Ending,13949.0,Card Game,176.0,1.0,0.3611575592573076,0.4065696597405991,0.6616984437995813
274637,"Unmatched: Battle of Legends, Volume One",2.0,4.0,40.0,1.9569,7.67528,Card Game;Fantasy;Fighting;Mythology;Novel-based,Action Points;Card Play Conflict Resolution;Hand Management;Line of Sight;Player Elimination;Point to Point Movement;Team-Based Game;Variable Player Powers,293.0,Card Game,11207.0,1.0,0.9440891630699333,0.5935997549198051,0.8494197835979477
2223,UNO,2.0,10.0,30.0,1.0991,5.48476,Card Game;Children's Game;Comic Book / Strip;Movies / TV / Radio theme;Number,Hand Management;Lose a Turn;Matching;Take That,31155.0,Card Game,34589.0,1.0,0.8209220690651828,0.3865670291456023,0.7286168196421571
452164,UNO & Skip-Bo Bonus Pak,2.0,10.0,30.0,,,Card Game,,,Card Game,0.0,1.0,0.8209220690651828,0.5,
477506,UNO 7-Eleven,2.0,10.0,,,,Card Game;Children's Game;Number,Hand Management;Lose a Turn;Matching;Take That,,Card Game,0.0,1.0,0.5,0.5,
475042,UNO All Wild!: My Hero Academia (McDonald's Happy Meal Edition),2.0,4.0,15.0,,6.0,Card Game;Movies / TV / Radio theme,Hand Management;Matching;Take That,,Card Game,1.0,1.0,0.5897678246195884,0.5,0.7179535649239177
475039,UNO All Wild!: SPY x FAMILY,2.0,4.0,15.0,,,Card Game;Movies / TV / Radio theme,Hand Management;Matching;Take That,,Card Game,0.0,1.0,0.5897678246195884,0.5,
2818,UNO Attack!,2.0,10.0,30.0,1.2062,5.52718,Card Game;Electronic,Hand Management;Matching;Take That,30587.0,Card Game,1961.0,1.0,0.8209220690651828,0.4078319812732616,0.7339303100676889
9465,UNO Bingo,2.0,4.0,10.0,1.0,3.22222,,Dice Rolling;Pattern Recognition;Tile Placement,,,9.0,1.0,0.4890096469218258,0.36787944117144233,0.6019333176186537
147647,UNO Blast,2.0,6.0,30.0,,4.97368,Card Game,Hand Management,,Card Game,19.0,1.0,0.8209220690651828,0.5,0.7385264138130365
12162,UNO Blitzo,2.0,4.0,20.0,1.0,5.3,Action / Dexterity;Electronic,Pattern Recognition,27706.0,Action / Dexterity,37.0,1.0,0.6756639246921762,0.36787944117144233,0.6912086731727238
1333,Boom-O,2.0,6.0,20.0,1.16,5.37498,Card Game;Number,Hand Management;Player Elimination,30350.0,Card Game,715.0,1.0,0.6756639246921762,0.39851904108451414,0.6992110931553381
337824,UNO Bundle Collector Tin,1.0,10.0,,,4.0,Card Game,,,Card Game,1.0,1.0,0.5,0.5,0.6499999999999999
172009,UNO Choo-Choo,2.0,4.0,15.0,,3.0,Animals;Card Game;Children's Game;Trains,Hand Management;Matching,,Animals,1.0,1.0,0.5897678246195884,0.5,0.6429535649239176
31136,1 vs. 100 Board Game,2.0,4.0,,2.0,4.84444,Abstract Strategy;Movies / TV / Radio theme;Trivia,,28366.0,Abstract Strategy,36.0,1.0,0.5,0.6065306597126334,0.6924171319425266
172237,UNO Dare!,2.0,10.0,30.0,1.0,4.95553,Card Game;Number,Hand Management;Lose a Turn;Matching;Take That,30674.0,Card Game,235.0,1.0,0.8209220690651828,0.36787944117144233,0.7116485520473251
400760,UNO Dare: Adults Only,2.0,10.0,30.0,3.0,4.3,Card Game;Mature / Adult;Number,Hand Management;Lose a Turn;Matching;Take That,,Card Game,5.0,1.0,0.8209220690651828,1.0,0.8216844138130367
3004,UNO Dice,2.0,6.0,20.0,1.125,4.92425,Abstract Strategy;Dice,Dice Rolling;Pattern Building,30198.0,Abstract Strategy,113.0,1.0,0.6756639246921762,0.391605626676799,0.6865601602737951
157945,UNO Dice,2.0,4.0,,,5.2871,Children's Game;Dice,Dice Rolling,27048.0,Children's Game,31.0,1.0,0.5,0.5,0.6821774999999999
116593,UNO Dice Game,2.0,2.0,15.0,1.0,5.01576,Abstract Strategy;Dice,Dice Rolling;Pattern Building;Pattern Recognition;Take That,30768.0,Abstract Strategy,210.0,0.0,0.5897678246195884,0.36787944117144233,0.31692345315820614
286309,UNO Dice Game,2.0,4.0,15.0,1.0,5.16744,Dice;Number,Dice Rolling;Paper-and-Pencil,29377.0,Dice,86.0,1.0,0.5897678246195884,0.36787944117144233,0.6707154531582061
3839,UNO Dominos,2.0,6.0,10.0,1.4444,4.86903,Abstract Strategy,Pattern Building;Tile Placement,30467.0,Abstract Strategy,124.0,1.0,0.4890096469218258,0.45941561468660785,0.6614108023216867
460867,UNO Elite Formula 1: 2025 Core Edition,2.0,5.0,,,5.25,Card Game;Collectible Components;Number;Racing;Sports,Hand Management;Lose a Turn;Matching;Take That,,Card Game,6.0,1.0,0.5,0.5,0.6812499999999999
427570,UNO Elite NFL: 2024 Core Edition,2.0,7.0,,,6.2125,Card Game;Collectible Components;Number;Party Game;Sports,Hand Management;Lose a Turn;Matching;Take That,,Card Game,20.0,1.0,0.5,0.5,0.7053125
460871,UNO Elite NFL: 2025 All-Rookie Starter Pack,2.0,5.0,,,,Card Game;Collectible Components;Number;Sports,Hand Management;Lose a Turn;Matching;Take That,,Card Game,0.0,1.0,0.5,0.5,
460859,UNO Elite NFL: 2025 Core Edition,2.0,5.0,,,5.5,Card Game;Collectible Components;Number;Sports,Hand Management;Lose a Turn;Matching;Take That,,Card Game,2.0,1.0,0.5,0.5,0.6875
327216,One In the Middle,2.0,2.0,10.0,,,Children's Game,Square Grid,,Children's Game,0.0,0.0,0.4890096469218258,0.5,
293522,UNO Express,2.0,4.0,,1.0,5.68036,Card Game,Open Drafting,25783.0,Card Game,101.0,1.0,0.5,0.36787944117144233,0.6655848882342885
467515,UNO Fandom Harry Potter Gryffindor Game Deck,,,,,1.0,Card Game;Fantasy;Movies / TV / Radio theme;Novel-based,,,Card Game,1.0,0.0,0.5,0.5,0.225
467517,UNO Fandom Harry Potter Hufflepuff Game Deck,,,,,1.0,Card Game;Fantasy;Movies / TV / Radio theme;Novel-based,,,Card Game,1.0,0.0,0.5,0.5,0.225
467514,UNO Fandom Harry Potter Ravenclaw Game Deck,,,,,1.0,Card Game;Fantasy;Movies / TV / Radio theme;Novel-based,,,Card Game,1.0,0.0,0.5,0.5,0.225
467516,UNO Fandom Harry Potter Slytherin Game Deck,,,,,1.0,Card Game;Fantasy;Movies / TV / Radio theme;Novel-based,,,Card Game,1.0,0.0,0.5,0.5,0.225
38038,UNO Flash,3.0,6.0,10.0,1.0,6.16852,Card Game;Electronic,Hand Management,16165.0,Card Game,162.0,1.0,0.4890096469218258,0.36787944117144233,0.6755908176186536
380300,UNO Flex!,2.0,8.0,,1.5714,6.06333,Card Game,Hand Management;Matching;Take That,15709.0,Card Game,225.0,1.0,0.5,0.4895346661546267,0.6994901832309253
64447,UNO Flip,2.0,6.0,15.0,1.0,5.58852,Action / Dexterity;Card Game;Electronic,Hand Management,26321.0,Action / Dexterity,61.0,1.0,0.5897678246195884,0.36787944117144233,0.6812424531582061
423154,UNO Flip Attack,2.0,10.0,30.0,1.0,6.79,Card Game;Electronic,Hand Management;Matching;Take That,22702.0,Card Game,30.0,1.0,0.8209220690651828,0.36787944117144233,0.7575103020473251
271460,UNO Flip!,2.0,10.0,30.0,1.2317,6.26832,Card Game;Number,Hand Management;Take That,4010.0,Card Game,4307.0,1.0,0.8209220690651828,0.41306512946158397,0.7535054397053533
475032,UNO Flip!: Boruto – Naruto Next Generations (McDonald's Happy Meal Edition),2.0,4.0,15.0,,,Card Game;Movies / TV / Radio theme,Hand Management;Matching;Take That,,Card Game,0.0,1.0,0.5897678246195884,0.5,
380156,UNO Flip!: Marvel Super Heroes or Villains,2.0,10.0,,1.0,6.344,Card Game;Comic Book / Strip,,,Card Game,25.0,1.0,0.5,0.36787944117144233,0.6821758882342885
475044,UNO Flip!: My Hero Academia (McDonald's Happy Meal Edition),2.0,4.0,15.0,,,Card Game;Movies / TV / Radio theme,Hand Management;Matching;Take That,,Card Game,0.0,1.0,0.5897678246195884,0.5,
475036,UNO Flip!: Naruto (McDonald's Happy Meal Edition),2.0,4.0,15.0,,6.0,Card Game;Movies / TV / Radio theme,Hand Management;Matching;Take That,,Card Game,1.0,1.0,0.5897678246195884,0.5,0.7179535649239177
475038,UNO Flip!: SPY x FAMILY (McDonald's Happy Meal Edition),2.0,4.0,15.0,,,Card Game;Movies / TV / Radio theme,Hand Management;Matching;Take That,,Card Game,0.0,1.0,0.5897678246195884,0.5,
419698,UNO Flip!: Stranger Things,2.0,10.0,,,7.5,Card Game;Number,Hand Management;Take That,,Card Game,9.0,1.0,0.5,0.5,0.7374999999999999
419968,Uno Flip!: Transformers,2.0,10.0,,1.0,6.76471,Card Game;Movies / TV / Radio theme;Number;Science Fiction,Hand Management;Take That,,Card Game,17.0,1.0,0.5,0.36787944117144233,0.6926936382342885
413271,UNO Friends Card Game,2.0,10.0,,,5.35,Card Game;Movies / TV / Radio theme,Take That,,Card Game,10.0,1.0,0.5,0.5,0.6837499999999999
16693,UNO H2O,2.0,10.0,30.0,1.1333,6.01229,Card Game;Number,Hand Management,11027.0,Card Game,662.0,1.0,0.8209220690651828,0.3932341669112002,0.7431384971952766
21849,UNO H2O Splash,2.0,10.0,30.0,1.5,6.0044,Card Game;Children's Game,Hand Management;Pattern Recognition,20699.0,Card Game,150.0,1.0,0.8209220690651828,0.4723665527410147,0.7587677243612396
467513,UNO Harry Potter Fandom Dark Arts,,,,,1.0,Card Game;Fantasy;Movies / TV / Radio theme;Novel-based,,,Card Game,1.0,0.0,0.5,0.5,0.225
2143,UNO Hearts,2.0,8.0,30.0,2.0,5.68693,Card Game,Hand Management;Trick-taking,26416.0,Card Game,166.0,1.0,0.8209220690651828,0.6065306597126334,0.7776637957555633
366540,UNO Hello Kitty & Friends,2.0,10.0,30.0,,4.14286,Animals;Card Game;Children's Game,Hand Management;Lose a Turn;Matching;Race;Take That,,Animals,7.0,1.0,0.8209220690651828,0.5,0.7177559138130366
24779,UNO House Rules,2.0,10.0,30.0,1.0,5.76857,Card Game,Hand Management,25852.0,Card Game,105.0,1.0,0.8209220690651828,0.36787944117144233,0.7319745520473251
20952,UNO Junior,2.0,4.0,20.0,1.0667,5.71475,Animals;Card Game;Children's Game;Number,Hand Management;Pattern Recognition,15373.0,Animals,629.0,1.0,0.6756639246921762,0.38035509578802823,0.7040725540960409
436186,UNO Junior Move!,2.0,3.0,30.0,,5.33333,Card Game;Children's Game;Racing,Hand Management;Matching,,Card Game,6.0,0.5,0.8209220690651828,0.5,0.5725176638130365
9250,UNO Madness,2.0,4.0,20.0,1.3333,5.25429,Action / Dexterity;Children's Game;Electronic,Tile Placement,27293.0,Action / Dexterity,35.0,1.0,0.6756639246921762,0.4345909652639636,0.7034082279912279
411038,UNO Marvel Captain Marvel,2.0,10.0,,,6.0,Card Game,Take That,,Card Game,1.0,1.0,0.5,0.5,0.7
124363,UNO MASTER,2.0,10.0,30.0,1.0,6.31957,Card Game,,,Card Game,23.0,1.0,0.8209220690651828,0.36787944117144233,0.7457495520473251
70912,UNO MOD,2.0,10.0,30.0,1.0,5.98895,Card Game,Hand Management,21454.0,Card Game,105.0,1.0,0.8209220690651828,0.36787944117144233,0.7374840520473251
42920,UNO Moo!,2.0,4.0,15.0,1.0,5.34649,Animals;Card Game;Children's Game;Farming,Hand Management,29499.0,Animals,195.0,1.0,0.5897678246195884,0.36787944117144233,0.6751917031582061
372973,UNO Party!,6.0,16.0,,1.0,6.37143,Card Game,,21584.0,Card Game,70.0,0.0,0.5,0.36787944117144233,0.3328616382342885
255689,UNO Pocket,2.0,5.0,10.0,1.0,5.13088,Card Game;Number,Hand Management;Take That,29116.0,Card Game,68.0,1.0,0.4890096469218258,0.36787944117144233,0.6496498176186536
472135,UNO POP,2.0,6.0,,,6.5,Card Game,Hand Management;Lose a Turn;Matching;Take That,,Card Game,6.0,1.0,0.5,0.5,0.7124999999999999
142794,UNO Power Grab,2.0,6.0,30.0,1.0,5.95667,Card Game,,25628.0,Card Game,30.0,1.0,0.8209220690651828,0.36787944117144233,0.7366770520473251
394783,UNO Quatro,2.0,4.0,,1.0,5.26617,Abstract Strategy;Children's Game,Pattern Building,28672.0,Abstract Strategy,76.0,1.0,0.5,0.36787944117144233,0.6552301382342884
568,Rage,2.0,10.0,45.0,1.4679,6.17976,Card Game,Hand Management;Trick-taking,4913.0,Card Game,2170.0,1.0,1.0,0.464845586772363,0.7974631173544727
97294,UNO Reflex,2.0,10.0,30.0,,5.42857,Action / Dexterity;Card Game;Electronic;Party Game,,,Action / Dexterity,7.0,1.0,0.8209220690651828,0.5,0.7498986638130365
331830,UNO Remix,2.0,10.0,30.0,1.0,5.5119,Card Game;Number,Hand Management;Legacy Game;Lose a Turn;Matching;Take That,,Card Game,21.0,1.0,0.8209220690651828,0.36787944117144233,0.7255578020473251
97990,UNO Roboto,2.0,10.0,39.0,1.3333,5.89817,Card Game;Electronic;Party Game,Hand Management,23157.0,Card Game,109.0,1.0,0.9325048082403137,0.4345909652639636,0.7708734047008554
5522,UNO Rummy-Up,2.0,4.0,60.0,1.3889,6.07619,Abstract Strategy;Party Game,Pattern Building;Set Collection;Tile Placement,16411.0,Abstract Strategy,168.0,1.0,0.8683883697146904,0.44684209580940204,0.7649508431048185
342839,UNO Showdown,2.0,10.0,,1.0,6.28485,Action / Dexterity;Card Game;Electronic;Real-time,Take That,23209.0,Action / Dexterity,33.0,1.0,0.5,0.36787944117144233,0.6806971382342885
429348,UNO Slam,2.0,10.0,,2.0,5.5,Card Game;Electronic;Number,Hand Management;Lose a Turn;Matching;Take That,,Card Game,2.0,1.0,0.5,0.6065306597126334,0.7088061319425267
13713,Solitaire,1.0,1.0,15.0,1.5478,4.51209,Abstract Strategy,Point to Point Movement;Solo / Solitaire Game,31257.0,Abstract Strategy,1303.0,0.0,0.5897678246195884,0.483792104838466,0.3275142358916109
5823,Das UNO Spiel,4.0,4.0,90.0,,5.88889,Economic,Roll / Spin and Move,,Economic,9.0,1.0,0.7109813678954644,0.5,0.7394185235790929
24318,UNO Spin,2.0,10.0,30.0,1.1154,5.69624,Card Game,Hand Management,22730.0,Card Game,536.0,1.0,0.8209220690651828,0.38973042375614814,0.7345364985642663
2821,UNO Stacko,2.0,10.0,20.0,1.1277,5.62444,Action / Dexterity;Party Game,Dice Rolling;Stacking and Balancing,27731.0,Action / Dexterity,825.0,1.0,0.6756639246921762,0.392134651284077,0.7041707151952508
349555,UNO Stacko Travel Size Bonus Pak,2.0,10.0,30.0,,,Action / Dexterity;Card Game,Dice Rolling;Matching;Stacking and Balancing;Take That,,Action / Dexterity,0.0,1.0,0.8209220690651828,0.5,
428030,UNO Teams!,4.0,8.0,,1.0,5.79739,Card Game,Hand Management;Take That;Team-Based Game,23851.0,Card Game,115.0,1.0,0.5,0.36787944117144233,0.6685106382342885
182707,UNO Tiki Twist,2.0,10.0,30.0,1.0,6.15676,Ancient;Card Game;Number,Hand Management;Take That,24444.0,Ancient,37.0,1.0,0.8209220690651828,0.36787944117144233,0.7416793020473251
64438,UNO Tippo,2.0,10.0,15.0,1.0,4.91034,Action / Dexterity;Card Game;Party Game,Hand Management,29073.0,Action / Dexterity,58.0,1.0,0.5897678246195884,0.36787944117144233,0.6642879531582061
343122,UNO Triple Play,2.0,6.0,30.0,,6.42308,Card Game;Number,Hand Management;Take That,21830.0,Card Game,39.0,1.0,0.8209220690651828,0.5,0.7747614138130365
466590,UNO Truth: Adults Only,2.0,10.0,,,,Card Game;Mature / Adult;Number,Hand Management;Lose a Turn;Matching;Take That,,Card Game,0.0,1.0,0.5,0.5,
392708,UNO Ultimate DC,2.0,4.0,60.0,,6.91351,Card Game;Collectible Components;Number,Events;Matching;Take That,19848.0,Card Game,37.0,1.0,0.8683883697146904,0.5,0.7965154239429381
355850,UNO Ultimate Marvel,2.0,4.0,30.0,1.7143,6.67263,Card Game;Collectible Components;Comic Book / Strip;Number,Matching;Take That,8995.0,Card Game,304.0,1.0,0.8209220690651828,0.5257917800679386,0.7861585198266243
381716,UNO Ultimate Marvel: 2nd Edition,2.0,4.0,30.0,,7.05862,Card Game;Collectible Components;Comic Book / Strip;Number;Party Game,Events;Matching;Take That,16145.0,Card Game,58.0,1.0,0.8209220690651828,0.5,0.7906499138130365
395953,UNO Ultimate: Spider-Man 2099 vs. Venom Add-On 2-Pack,2.0,4.0,60.0,,6.83636,Card Game;Comic Book / Strip;Number,Events;Matching;Take That,,Card Game,11.0,1.0,0.8683883697146904,0.5,0.794586673942938
201822,UNO Wild Jackpot,2.0,10.0,30.0,,5.88276,Card Game;Number,Hand Management,,Card Game,29.0,1.0,0.8209220690651828,0.5,0.7612534138130366
4578,UNO Wild Tiles,2.0,4.0,10.0,1.0833,5.07655,Abstract Strategy,Tile Placement,29794.0,Abstract Strategy,112.0,1.0,0.4890096469218258,0.3835251807366974,0.6514207155317047
447191,UNO Zero,2.0,8.0,25.0,1.6667,6.45699,Abstract Strategy;Card Game;Number,Grid Movement;Hand Management;Lose a Turn;Memory;Pattern Building;Take That,14167.0,Abstract Strategy,136.0,1.0,0.7518094115561123,0.5134256760558843,0.7644717675223993
37127,UNO: 30 Year Anniversary Edition,2.0,10.0,30.0,1.0,5.59804,Card Game,Hand Management,26880.0,Card Game,50.0,1.0,0.8209220690651828,0.36787944117144233,0.7277113020473251
358924,UNO: 50th Anniversary,2.0,10.0,,1.0,6.67123,Card Game,Hand Management;Lose a Turn;Matching;Take That,20667.0,Card Game,73.0,1.0,0.5,0.36787944117144233,0.6903566382342885
34914,UNO: A Charlie Brown Valentine,2.0,10.0,30.0,,3.0,Card Game;Children's Game;Comic Book / Strip;Movies / TV / Radio theme,Hand Management,,Card Game,1.0,1.0,0.8209220690651828,0.5,0.6891844138130365
277140,UNO: Alex Rodriguez Limited Edition,2.0,10.0,,,3.0,Card Game;Sports,Hand Management,,Card Game,1.0,1.0,0.5,0.5,0.6249999999999999
352997,UNO: All Wild!,2.0,10.0,30.0,1.0,4.46214,Card Game,Hand Management;Take That,31214.0,Card Game,589.0,1.0,0.8209220690651828,0.36787944117144233,0.6993138020473251
430966,UNO: All Wild! Grogu!,2.0,10.0,50.0,,2.8045,Card Game;Movies / TV / Radio theme;Science Fiction,Hand Management;Take That,,Card Game,2.0,1.0,0.9497161598676341,0.5,0.7100557319735268
28969,UNO: American Kennel Club,2.0,10.0,30.0,1.0,4.025,Animals;Card Game,Hand Management,,Animals,8.0,1.0,0.8209220690651828,0.36787944117144233,0.6883853020473251
153611,UNO: Angry Birds,2.0,10.0,10.0,1.0,5.41935,Animals;Card Game;Children's Game;Video Game Theme,Hand Management;Take That,26765.0,Animals,31.0,1.0,0.4890096469218258,0.36787944117144233,0.6568615676186537
34994,UNO: Arsenal Highbury Legends,2.0,10.0,30.0,,4.0,Card Game;Sports,Hand Management,,Card Game,2.0,1.0,0.8209220690651828,0.5,0.7141844138130365
178364,UNO: Avengers,2.0,10.0,,1.0,5.4836,Card Game;Children's Game;Comic Book / Strip;Movies / TV / Radio theme,Hand Management,27509.0,Card Game,50.0,1.0,0.5,0.36787944117144233,0.6606658882342884
16218,UNO: Barbie,2.0,10.0,30.0,1.0,4.71786,Card Game;Children's Game;Movies / TV / Radio theme,Hand Management,,Card Game,28.0,1.0,0.8209220690651828,0.36787944117144233,0.705706802047325
25615,UNO: Barbie California Girl,2.0,10.0,10.0,,4.0,Card Game;Children's Game,Hand Management,,Card Game,3.0,1.0,0.4890096469218258,0.5,0.6478019293843651
390621,UNO: Barbie The Movie,2.0,10.0,10.0,1.0,5.16667,Card Game;Movies / TV / Radio theme,Hand Management,,Card Game,12.0,1.0,0.4890096469218258,0.36787944117144233,0.6505445676186536
20949,UNO: Batman Begins,2.0,10.0,10.0,1.0,5.02727,Card Game;Comic Book / Strip;Movies / TV / Radio theme,Hand Management,,Card Game,22.0,1.0,0.4890096469218258,0.36787944117144233,0.6470595676186537
462341,UNO: Batman Comics,2.0,10.0,30.0,1.0,6.5,Card Game;Children's Game;Comic Book / Strip,Hand Management;Matching,,Card Game,1.0,1.0,0.8209220690651828,0.36787944117144233,0.7502603020473251
27651,UNO: Batman Special Edition,2.0,10.0,60.0,1.0,5.95588,Card Game;Comic Book / Strip;Movies / TV / Radio theme,Hand Management,25223.0,Card Game,34.0,1.0,0.8683883697146904,0.36787944117144233,0.7461505621772266
201923,UNO: Batman v Superman – Dawn of Justice,2.0,10.0,30.0,1.0,5.53125,Card Game;Comic Book / Strip;Movies / TV / Radio theme,Hand Management,,Card Game,16.0,1.0,0.8209220690651828,0.36787944117144233,0.7260415520473251
462646,UNO: Beetlejuice Beetlejuice,2.0,10.0,,,,Card Game;Movies / TV / Radio theme,Hand Management;Lose a Turn;Matching;Take That,,Card Game,0.0,1.0,0.5,0.5,
32296,UNO: Betty Boop Vintage,2.0,10.0,15.0,,3.0,Card Game;Children's Game;Movies / TV / Radio theme,Hand Management,,Card Game,1.0,1.0,0.5897678246195884,0.5,0.6429535649239176
475031,UNO: Boruto – Naruto Next Generations (McDonald's Happy Meal Edition),2.0,4.0,15.0,,4.0,Card Game;Movies / TV / Radio theme,Hand Management;Matching;Take That,,Card Game,1.0,1.0,0.5897678246195884,0.5,0.6679535649239177
32449,UNO: Boston Celtics Legends,2.0,10.0,15.0,,3.0,Card Game;Sports,Hand Management,,Card Game,1.0,1.0,0.5897678246195884,0.5,0.6429535649239176
34777,UNO: Boston Red Sox,2.0,10.0,30.0,,6.05556,Card Game;Sports,Hand Management,,Card Game,9.0,1.0,0.8209220690651828,0.5,0.7655734138130366
34842,UNO: Brett Favre NFL Greatest Players Edition,2.0,10.0,30.0,,5.615,Card Game;Sports,Hand Management,,Card Game,2.0,1.0,0.8209220690651828,0.5,0.7545594138130366
34952,UNO: Brian Urlacher Special Edition,2.0,10.0,30.0,,3.0,Card Game;Sports,Hand Management,,Card Game,1.0,1.0,0.8209220690651828,0.5,0.6891844138130365
322325,UNO: BTS,2.0,10.0,,,6.16,Card Game;Children's Game;Movies / TV / Radio theme,Hand Management,,Card Game,25.0,1.0,0.5,0.5,0.704
132138,UNO: Burger King Edition,2.0,8.0,30.0,1.0,5.58333,Card Game;Children's Game,Hand Management,,Card Game,6.0,1.0,0.8209220690651828,0.36787944117144233,0.727343552047325
12227,UNO: Care Bears,2.0,10.0,10.0,1.0,4.84615,Card Game;Children's Game;Movies / TV / Radio theme,Hand Management,,Card Game,13.0,1.0,0.4890096469218258,0.36787944117144233,0.6425315676186536
25204,UNO: Cars,2.0,10.0,10.0,1.2,5.81406,Card Game;Children's Game;Movies / TV / Radio theme,Hand Management,21977.0,Card Game,133.0,1.0,0.4890096469218258,0.4065696597405991,0.674467361332485
135655,UNO: Cars 2,2.0,10.0,30.0,1.0,4.84467,Card Game;Movies / TV / Radio theme,Hand Management,,Card Game,15.0,1.0,0.8209220690651828,0.36787944117144233,0.7088770520473251
229958,UNO: Cars 3,2.0,10.0,60.0,1.0,5.8,Card Game;Children's Game;Movies / TV / Radio theme;Racing,Hand Management,,Card Game,15.0,1.0,0.8683883697146904,0.36787944117144233,0.7422535621772266
135859,UNO: Chicaco Cubs,2.0,10.0,,,3.0,Card Game,,,Card Game,1.0,1.0,0.5,0.5,0.6249999999999999
34997,UNO: Chicago White Sox,2.0,10.0,30.0,,5.0,Card Game;Sports,Hand Management,,Card Game,3.0,1.0,0.8209220690651828,0.5,0.7391844138130366
193918,UNO: Cinderella,2.0,10.0,,,4.5,Card Game;Children's Game;Movies / TV / Radio theme,Hand Management;Take That,,Card Game,4.0,1.0,0.5,0.5,0.6625
269438,UNO: Coca-Cola,2.0,10.0,,1.0,3.75,Card Game,Hand Management,,Card Game,2.0,1.0,0.5,0.36787944117144233,0.6173258882342885
261076,UNO: Colors Rule,2.0,10.0,,1.0,5.96154,Card Game,Hand Management;Take That,,Card Game,13.0,1.0,0.5,0.36787944117144233,0.6726143882342885
368334,UNO: Cricket,2.0,10.0,15.0,,4.0,Card Game;Sports,Hand Management,,Card Game,1.0,1.0,0.5897678246195884,0.5,0.6679535649239177
34996,UNO: David Ortiz Limited,2.0,10.0,30.0,,3.0,Card Game;Sports,Hand Management,,Card Game,1.0,1.0,0.8209220690651828,0.5,0.6891844138130365
34998,UNO: David Wright Special,2.0,10.0,30.0,,3.0,Card Game;Sports,Hand Management,,Card Game,1.0,1.0,0.8209220690651828,0.5,0.6891844138130365
217681,UNO: DC SuperHero Girls,2.0,10.0,60.0,,5.53846,Card Game;Children's Game;Comic Book / Strip;Movies / TV / Radio theme,Hand Management,,Card Game,13.0,1.0,0.8683883697146904,0.5,0.7621391739429381
34995,UNO: Derek Jeter Limited,2.0,10.0,30.0,,4.0,Card Game;Sports,Hand Management,,Card Game,2.0,1.0,0.8209220690651828,0.5,0.7141844138130365
246269,UNO: Despicable Me,2.0,10.0,,,6.14286,Card Game;Children's Game;Movies / TV / Radio theme,Take That,,Card Game,7.0,1.0,0.5,0.5,0.7035714999999999
12491,UNO: Disney,2.0,4.0,20.0,2.0,5.27792,Card Game;Children's Game;Movies / TV / Radio theme,Hand Management,28295.0,Card Game,53.0,1.0,0.6756639246921762,0.6065306597126334,0.738386916880962
420529,UNO: Disney 100,2.0,10.0,,,6.22222,Card Game;Children's Game;Movies / TV / Radio theme,Hand Management;Lose a Turn;Matching;Take That,,Card Game,9.0,1.0,0.5,0.5,0.7055555
354480,UNO: Disney Fairies,2.0,10.0,60.0,,,Card Game;Children's Game;Fantasy;Movies / TV / Radio theme,Hand Management,,Card Game,0.0,1.0,0.8683883697146904,0.5,
297779,UNO: Disney Frozen II,2.0,10.0,30.0,,5.32143,Card Game;Children's Game;Fantasy;Movies / TV / Radio theme;Number,Hand Management;Take That,,Card Game,28.0,1.0,0.8209220690651828,0.5,0.7472201638130366
408797,UNO: Disney Pixar – Lightyear,2.0,10.0,30.0,,6.25,Card Game;Children's Game;Movies / TV / Radio theme;Science Fiction,Hand Management;Matching,,Card Game,4.0,1.0,0.8209220690651828,0.5,0.7704344138130366
188596,UNO: Disney Planes – Fire & Rescue!,2.0,10.0,,1.0,4.4375,Aviation / Flight;Card Game;Children's Game;Movies / TV / Radio theme,Hand Management,,Aviation / Flight,8.0,1.0,0.5,0.36787944117144233,0.6345133882342885
14347,UNO: Disney Princess,2.0,10.0,30.0,1.0,5.13415,Card Game;Children's Game;Movies / TV / Radio theme,Hand Management,28578.0,Card Game,41.0,1.0,0.8209220690651828,0.36787944117144233,0.716114052047325
166985,UNO: Disney Princess,2.0,10.0,15.0,,4.94118,Card Game;Children's Game;Movies / TV / Radio theme,Hand Management,,Card Game,17.0,1.0,0.5897678246195884,0.5,0.6914830649239176
408719,UNO: Disney Princess,2.0,10.0,30.0,1.0,5.8,Card Game;Children's Game;Movies / TV / Radio theme,Hand Management;Matching,,Card Game,15.0,1.0,0.8209220690651828,0.36787944117144233,0.7327603020473251
39637,UNO: Disney Theme Park Edition,2.0,10.0,30.0,,5.17296,Card Game;Children's Game;Movies / TV / Radio theme,Hand Management,,Card Game,28.0,1.0,0.8209220690651828,0.5,0.7435084138130366
440380,UNO: Disney – Moana 2,2.0,10.0,30.0,,4.0,Card Game;Children's Game;Movies / TV / Radio theme;Number,Hand Management;Matching,,Card Game,1.0,1.0,0.8209220690651828,0.5,0.7141844138130365
155409,UNO: Doc McStuffins,2.0,10.0,30.0,,4.44444,Animals;Card Game;Children's Game;Medical;Movies / TV / Radio theme,Hand Management,,Animals,9.0,1.0,0.8209220690651828,0.5,0.7252954138130365
32744,UNO: Doctor Who,2.0,10.0,15.0,1.3333,5.17308,Card Game;Movies / TV / Radio theme;Science Fiction,Hand Management,,Card Game,26.0,1.0,0.5897678246195884,0.4345909652639636,0.6841987579767104
423597,UNO: Doraemon,2.0,10.0,30.0,,10.0,Card Game;Children's Game;Comic Book / Strip;Movies / TV / Radio theme;Number;Party Game,Hand Management;Lose a Turn;Matching;Take That,,Card Game,1.0,1.0,0.8209220690651828,0.5,0.8641844138130366
399385,UNO: DragonBall Z,2.0,10.0,30.0,,6.625,Card Game;Fighting;Movies / TV / Radio theme,Hand Management;Take That,,Card Game,12.0,1.0,0.8209220690651828,0.5,0.7798094138130366
11517,UNO: Elvis Presley,2.0,10.0,15.0,,5.27778,Card Game;Music,Hand Management,,Card Game,9.0,1.0,0.5897678246195884,0.5,0.6998980649239177
231790,UNO: Emoji,2.0,10.0,,1.0,5.15612,Card Game;Children's Game,Hand Management;Take That,28222.0,Card Game,55.0,1.0,0.5,0.36787944117144233,0.6524788882342885
377384,UNO: Encanto,2.0,10.0,30.0,,4.25,Card Game;Children's Game;Fantasy;Movies / TV / Radio theme;Number,Hand Management;Lose a Turn;Matching,,Card Game,2.0,1.0,0.8209220690651828,0.5,0.7204344138130365
89073,UNO: England FA,2.0,10.0,30.0,,4.5,Card Game;Sports,Hand Management,,Card Game,2.0,1.0,0.8209220690651828,0.5,0.7266844138130366
157892,UNO: England Rugby,2.0,10.0,,,3.0,Card Game;Children's Game;Sports,Hand Management,,Card Game,1.0,1.0,0.5,0.5,0.6249999999999999
32448,UNO: Eragon,2.0,10.0,15.0,,4.6,Card Game;Movies / TV / Radio theme,Hand Management,,Card Game,5.0,1.0,0.5897678246195884,0.5,0.6829535649239177
73566,UNO: Eye-Eye SpongeBob!,2.0,10.0,,,3.33333,Card Game;Children's Game;Movies / TV / Radio theme,Hand Management,,Card Game,3.0,1.0,0.5,0.5,0.63333325
22866,UNO: Family Guy,2.0,10.0,30.0,1.0,5.39975,Card Game;Movies / TV / Radio theme,Hand Management,27017.0,Card Game,54.0,1.0,0.8209220690651828,0.36787944117144233,0.7227540520473251
19797,UNO: Fantastic Four,2.0,10.0,30.0,,5.63636,Card Game;Comic Book / Strip;Movies / TV / Radio theme,Hand Management,,Card Game,11.0,1.0,0.8209220690651828,0.5,0.7550934138130365
408794,UNO: FAO Schwarz,2.0,10.0,30.0,,7.0,Card Game;Number,Hand Management;Lose a Turn;Matching;Take That,,Card Game,1.0,1.0,0.8209220690651828,0.5,0.7891844138130366
443097,UNO: Fast & Furious,2.0,6.0,60.0,,7.0,Card Game;Movies / TV / Radio theme;Party Game;Racing,Hand Management;Take That,,Card Game,1.0,1.0,0.8683883697146904,0.5,0.798677673942938
34992,UNO: Fat Albert,2.0,10.0,30.0,,3.0,Card Game;Children's Game;Movies / TV / Radio theme,Hand Management,,Card Game,1.0,1.0,0.8209220690651828,0.5,0.6891844138130365
328619,UNO: Finding Dory,2.0,10.0,30.0,,6.83333,Animals;Card Game;Children's Game;Movies / TV / Radio theme;Number,Hand Management;Lose a Turn;Matching;Take That,,Animals,3.0,1.0,0.8209220690651828,0.5,0.7850176638130366
34766,UNO: Fraggle Rock,2.0,10.0,30.0,,4.66667,Card Game;Children's Game;Movies / TV / Radio theme,Hand Management,,Card Game,3.0,1.0,0.8209220690651828,0.5,0.7308511638130366
200083,UNO: Frozen,2.0,10.0,10.0,1.0,5.43185,Card Game;Children's Game;Movies / TV / Radio theme,Hand Management,27298.0,Card Game,54.0,1.0,0.4890096469218258,0.36787944117144233,0.6571740676186537
38714,UNO: Get Hooked,2.0,10.0,30.0,1.5,5.75,Card Game;Sports,Hand Management,,Card Game,2.0,1.0,0.8209220690651828,0.4723665527410147,0.7524077243612395
284984,UNO: Ghostbusters,2.0,10.0,,,5.2,Card Game;Movies / TV / Radio theme,Hand Management;Take That,,Card Game,5.0,1.0,0.5,0.5,0.6799999999999999
117159,UNO: Glee,2.0,10.0,30.0,,3.6,Card Game;Movies / TV / Radio theme,Hand Management,,Card Game,5.0,1.0,0.8209220690651828,0.5,0.7041844138130365
34991,UNO: Hairspray,2.0,10.0,30.0,,3.0,Card Game;Movies / TV / Radio theme,Hand Management,,Card Game,1.0,1.0,0.8209220690651828,0.5,0.6891844138130365
25226,UNO: Hanna-Barbera,2.0,10.0,20.0,,5.05556,Card Game;Children's Game;Movies / TV / Radio theme,Hand Management,,Card Game,9.0,1.0,0.6756639246921762,0.5,0.7115217849384352
34754,UNO: Hannah Montana,2.0,10.0,20.0,2.0,4.55,Card Game;Children's Game;Movies / TV / Radio theme;Music,Hand Management,,Card Game,4.0,1.0,0.6756639246921762,0.6065306597126334,0.720188916880962
34775,UNO: Happy Feet,2.0,10.0,30.0,,4.85714,Animals;Card Game;Children's Game;Movies / TV / Radio theme,Hand Management,,Animals,7.0,1.0,0.8209220690651828,0.5,0.7356129138130366
5585,UNO: Harry Potter,2.0,10.0,30.0,1.0714,5.61152,Card Game;Children's Game;Fantasy;Movies / TV / Radio theme;Novel-based,Hand Management,27907.0,Card Game,549.0,1.0,0.8209220690651828,0.38124998134182203,0.7307224100814009
7156,UNO: Hello Kitty,2.0,10.0,30.0,1.0,5.31132,Animals;Card Game;Children's Game;Movies / TV / Radio theme,Hand Management,27745.0,Animals,53.0,1.0,0.8209220690651828,0.36787944117144233,0.7205433020473251
34770,UNO: Hi Hi Puffy Amiyumi,2.0,10.0,30.0,,3.0,Card Game;Children's Game;Movies / TV / Radio theme,Hand Management,,Card Game,1.0,1.0,0.8209220690651828,0.5,0.6891844138130365
29704,UNO: High School Musical,2.0,10.0,30.0,,4.61429,Card Game;Movies / TV / Radio theme;Music,Hand Management,,Card Game,7.0,1.0,0.8209220690651828,0.5,0.7295416638130365
34768,UNO: High School Musical 2,2.0,10.0,30.0,,5.25,Card Game;Movies / TV / Radio theme;Music,Hand Management,,Card Game,4.0,1.0,0.8209220690651828,0.5,0.7454344138130365
277420,UNO: High School Musical 3,2.0,10.0,,,3.66667,Card Game;Movies / TV / Radio theme;Music,Hand Management,,Card Game,3.0,1.0,0.5,0.5,0.64166675
172902,UNO: Horses,2.0,10.0,,,6.66667,Animals;Card Game,Hand Management,,Animals,3.0,1.0,0.5,0.5,0.7166667499999999
12193,UNO: Hulk,2.0,10.0,10.0,,4.90909,Card Game;Comic Book / Strip;Movies / TV / Radio theme,Hand Management,,Card Game,11.0,1.0,0.4890096469218258,0.5,0.6705291793843651
328615,UNO: Incredibles 2,2.0,10.0,30.0,,7.0,Card Game;Children's Game;Movies / TV / Radio theme;Number,Hand Management;Lose a Turn;Matching;Take That,,Card Game,2.0,1.0,0.8209220690651828,0.5,0.7891844138130366
328621,UNO: Iron Man 2,2.0,10.0,30.0,,,Card Game;Comic Book / Strip;Movies / TV / Radio theme;Number,Hand Management;Lose a Turn;Matching;Take That,,Card Game,0.0,1.0,0.8209220690651828,0.5,
34780,"UNO: It's the Great Pumpkin, Charlie Brown",2.0,10.0,30.0,,5.58333,Card Game;Children's Game;Comic Book / Strip;Movies / TV / Radio theme,Hand Management,,Card Game,6.0,1.0,0.8209220690651828,0.5,0.7537676638130366
340908,UNO: Jean-Michel Basquiat,2.0,10.0,,,,Card Game;Number,Hand Management;Matching,,Card Game,0.0,1.0,0.5,0.5,
144442,UNO: Jelly Belly Special Edition,2.0,4.0,,1.0,4.625,Card Game,,,Card Game,8.0,1.0,0.5,0.36787944117144233,0.6392008882342884
90907,UNO: John Deere Edition,2.0,10.0,30.0,,2.0,Card Game;Farming,Hand Management,,Card Game,1.0,1.0,0.8209220690651828,0.5,0.6641844138130366
274034,UNO: Jurassic World,2.0,10.0,30.0,1.0,5.71514,Card Game;Movies / TV / Radio theme;Number,Hand Management;Take That,25124.0,Card Game,48.0,1.0,0.8209220690651828,0.36787944117144233,0.7306388020473251
458243,UNO: Jurassic World Rebirth,2.0,10.0,30.0,,6.75,Animals;Card Game;Movies / TV / Radio theme;Number;Party Game;Science Fiction,Hand Management;Lose a Turn;Matching;Take That,,Animals,4.0,1.0,0.8209220690651828,0.5,0.7829344138130365
365044,UNO: Justice League,2.0,10.0,30.0,1.0,5.5,Card Game;Comic Book / Strip;Movies / TV / Radio theme,Hand Management,,Card Game,2.0,1.0,0.8209220690651828,0.36787944117144233,0.7252603020473252
34839,UNO: Kobe Bryant Special Edition,2.0,10.0,30.0,,3.0,Card Game;Sports,Hand Management,,Card Game,2.0,1.0,0.8209220690651828,0.5,0.6891844138130365
473717,UNO: KPop Demon Hunters,2.0,10.0,30.0,,7.66667,Card Game;Children's Game;Movies / TV / Radio theme;Number;Party Game,Hand Management;Lose a Turn;Matching;Take That,,Card Game,3.0,1.0,0.8209220690651828,0.5,0.8058511638130366
68140,UNO: Kung Fu Panda,2.0,10.0,30.0,,4.66667,Animals;Card Game;Children's Game;Movies / TV / Radio theme,Hand Management,,Animals,6.0,1.0,0.8209220690651828,0.5,0.7308511638130366
34965,UNO: LaDainian Tomlinson Special Edition,2.0,10.0,30.0,,3.0,Card Game;Sports,Hand Management,,Card Game,1.0,1.0,0.8209220690651828,0.5,0.6891844138130365
34840,UNO: LeBron James Special Edition,2.0,10.0,30.0,1.0,6.33333,Card Game;Sports,Hand Management,,Card Game,3.0,1.0,0.8209220690651828,0.36787944117144233,0.7460935520473251
458178,UNO: Lilo & Stitch,2.0,10.0,,1.0,5.95714,Card Game;Children's Game;Movies / TV / Radio theme;Number;Science Fiction,Hand Management;Lose a Turn;Matching;Take That,,Card Game,14.0,1.0,0.5,0.36787944117144233,0.6725043882342885
123226,UNO: Limited Too It's A Girl's World,2.0,10.0,,,3.0,Card Game,Hand Management,,Card Game,1.0,1.0,0.5,0.5,0.6249999999999999
34966,UNO: Los Angeles Lakers Legends Edition,2.0,10.0,30.0,,3.0,Card Game;Sports,Hand Management,,Card Game,1.0,1.0,0.8209220690651828,0.5,0.6891844138130365
34772,UNO: Magic Treehouse,2.0,10.0,30.0,,3.0,Card Game;Children's Game;Novel-based,Hand Management,,Card Game,1.0,1.0,0.8209220690651828,0.5,0.6891844138130365
342232,UNO: Mario Kart,2.0,10.0,30.0,1.0,6.43485,Card Game;Children's Game;Number;Racing;Video Game Theme,Hand Management;Matching;Take That,20786.0,Card Game,66.0,1.0,0.8209220690651828,0.36787944117144233,0.7486315520473251
103331,UNO: Marvel Heroes,2.0,10.0,30.0,1.0,4.94333,Card Game;Children's Game;Comic Book / Strip,Hand Management,27858.0,Card Game,30.0,1.0,0.8209220690651828,0.36787944117144233,0.7113435520473251
243689,UNO: Marvel Ultimate Spider-man Web-Warriors Card Game,2.0,10.0,,1.0,5.28571,Card Game;Children's Game;Comic Book / Strip,Hand Management;Take That,,Card Game,7.0,1.0,0.5,0.36787944117144233,0.6557186382342884
321714,UNO: Masters of the Universe,2.0,10.0,30.0,1.0,6.17857,Card Game;Movies / TV / Radio theme;Number,Hand Management;Matching;Take That,,Card Game,28.0,1.0,0.8209220690651828,0.36787944117144233,0.7422245520473251
277143,UNO: Mets Special Edition,2.0,10.0,,,3.0,Card Game;Sports,Hand Management,,Card Game,1.0,1.0,0.5,0.5,0.6249999999999999
277142,UNO: Michigan,2.0,10.0,,,4.0,Card Game;Sports,Hand Management,,Card Game,2.0,1.0,0.5,0.5,0.6499999999999999
244691,UNO: Minecraft,2.0,10.0,60.0,1.0,5.78688,Card Game;Video Game Theme,Hand Management;Take That,21833.0,Card Game,297.0,1.0,0.8683883697146904,0.36787944117144233,0.7419255621772266
352489,UNO: Minions – The Rise of Gru,2.0,10.0,30.0,1.0,6.21429,Card Game;Children's Game;Movies / TV / Radio theme,Matching;Take That,,Card Game,21.0,1.0,0.8209220690651828,0.36787944117144233,0.7431175520473251
277452,UNO: Monster High,2.0,10.0,,,5.24,Card Game;Children's Game;Fantasy;Movies / TV / Radio theme,Hand Management;Take That,,Card Game,5.0,1.0,0.5,0.5,0.6809999999999999
277453,UNO: Monster High,2.0,10.0,,,5.0,Card Game;Children's Game;Fantasy;Movies / TV / Radio theme,Hand Management;Take That,,Card Game,3.0,1.0,0.5,0.5,0.6749999999999999
277454,UNO: Monster High,2.0,10.0,,1.0,5.09091,Card Game;Fantasy;Movies / TV / Radio theme,Hand Management;Take That,,Card Game,11.0,1.0,0.5,0.36787944117144233,0.6508486382342884
475041,UNO: My Hero Academia (McDonald's Happy Meal Edition),2.0,4.0,15.0,,7.0,Card Game;Movies / TV / Radio theme,Hand Management;Matching;Take That,,Card Game,1.0,1.0,0.5897678246195884,0.5,0.7429535649239176
286737,UNO: My Neighbour Totoro,2.0,10.0,,1.0,6.30952,Card Game;Movies / TV / Radio theme,Hand Management;Take That,,Card Game,21.0,1.0,0.5,0.36787944117144233,0.6813138882342884
25614,UNO: My Scene,2.0,10.0,10.0,,4.0,Card Game;Children's Game;Movies / TV / Radio theme,Hand Management,,Card Game,2.0,1.0,0.4890096469218258,0.5,0.6478019293843651
475034,UNO: Naruto (McDonald's Happy Meal Edition),2.0,4.0,15.0,,,Card Game;Movies / TV / Radio theme,Hand Management;Matching;Take That,,Card Game,0.0,1.0,0.5897678246195884,0.5,
29798,UNO: National Football League NFL Editions,2.0,10.0,30.0,,5.5,Card Game;Sports,Hand Management,,Card Game,5.0,1.0,0.8209220690651828,0.5,0.7516844138130365
9457,UNO: National Parks,2.0,10.0,30.0,,5.25,Card Game,Hand Management,,Card Game,18.0,1.0,0.8209220690651828,0.5,0.7454344138130365
9458,UNO: New York City,2.0,10.0,30.0,,3.33333,Card Game,Hand Management,,Card Game,3.0,1.0,0.8209220690651828,0.5,0.6975176638130366
34967,UNO: New York Knicks,2.0,10.0,30.0,,3.0,Card Game;Sports,Hand Management,,Card Game,1.0,1.0,0.8209220690651828,0.5,0.6891844138130365
25853,UNO: New York Yankees,2.0,6.0,30.0,1.0,5.08333,Card Game;Sports,Hand Management,,Card Game,6.0,1.0,0.8209220690651828,0.36787944117144233,0.7148435520473251
18858,UNO: Nintendo,2.0,10.0,30.0,1.1667,5.49325,Card Game;Video Game Theme,Hand Management,27027.0,Card Game,80.0,1.0,0.8209220690651828,0.3998563185612881,0.7314869275252942
294780,UNO: Nonpartisan,2.0,10.0,30.0,,6.3,Card Game;Number,Hand Management;Lose a Turn;Take That,,Card Game,10.0,1.0,0.8209220690651828,0.5,0.7716844138130365
9452,UNO: NSync,2.0,4.0,20.0,,3.57143,Card Game;Music,Hand Management,,Card Game,7.0,1.0,0.6756639246921762,0.5,0.6744185349384353
36735,UNO: One Piece,2.0,10.0,30.0,,6.10286,Card Game;Movies / TV / Radio theme;Pirates,Hand Management,25578.0,Card Game,35.0,1.0,0.8209220690651828,0.5,0.7667559138130365
34774,UNO: Over the Hedge,2.0,10.0,30.0,,3.5,Animals;Card Game;Children's Game;Movies / TV / Radio theme,Hand Management,,Animals,2.0,1.0,0.8209220690651828,0.5,0.7016844138130366
118778,Uno: Patriots,2.0,10.0,15.0,,4.66667,Card Game;Sports,Hand Management;Lose a Turn;Matching;Take That,,Card Game,3.0,1.0,0.5897678246195884,0.5,0.6846203149239177
233001,UNO: Paw Patrol,2.0,10.0,,1.0,5.87032,Animals;Card Game;Children's Game;Movies / TV / Radio theme,Hand Management,25478.0,Animals,31.0,1.0,0.5,0.36787944117144233,0.6703338882342884
9456,UNO: Peanuts,2.0,10.0,30.0,1.0,5.32258,Card Game;Children's Game;Comic Book / Strip;Movies / TV / Radio theme,Hand Management,27036.0,Card Game,31.0,1.0,0.8209220690651828,0.36787944117144233,0.7208248020473251
33804,UNO: Peanuts – A Charlie Brown Christmas,2.0,10.0,20.0,1.0,4.9,Animals;Card Game;Children's Game;Comic Book / Strip;Movies / TV / Radio theme,Hand Management,,Animals,9.0,1.0,0.6756639246921762,0.36787944117144233,0.6812086731727238
32354,UNO: Philadelphia Phillies,2.0,10.0,15.0,1.0,6.925,Card Game;Sports,Hand Management,,Card Game,4.0,1.0,0.5897678246195884,0.36787944117144233,0.7146544531582061
163884,UNO: Phineas and Ferb,2.0,10.0,15.0,2.0,6.25,Card Game;Children's Game;Movies / TV / Radio theme,Hand Management,,Card Game,4.0,1.0,0.5897678246195884,0.6065306597126334,0.7455096968664443
139553,Uno: Pinkalicious,2.0,10.0,,,3.0,Card Game;Children's Game;Novel-based,Hand Management,,Card Game,1.0,1.0,0.5,0.5,0.6249999999999999
34767,UNO: Pirates of the Caribbean at World's End,2.0,10.0,30.0,,5.63818,Adventure;Card Game;Movies / TV / Radio theme;Pirates,Hand Management,,Adventure,11.0,1.0,0.8209220690651828,0.5,0.7551389138130365
400678,UNO: Pixar Card Game,2.0,10.0,,,5.0,Card Game;Children's Game;Movies / TV / Radio theme;Number,Hand Management;Lose a Turn;Matching;Take That,,Card Game,2.0,1.0,0.5,0.5,0.6749999999999999
171304,UNO: Planes,2.0,10.0,10.0,,5.9,Aviation / Flight;Card Game;Children's Game;Movies / TV / Radio theme,Hand Management,,Aviation / Flight,10.0,1.0,0.4890096469218258,0.5,0.6953019293843652
364620,UNO: Pokemon Asia,2.0,10.0,,,6.4931,Card Game;Children's Game;Fantasy;Movies / TV / Radio theme;Video Game Theme,Hand Management;Lose a Turn;Matching;Race;Take That,,Card Game,29.0,1.0,0.5,0.5,0.7123275
289597,UNO: Pokemon Sun & Moon,2.0,10.0,,,5.5625,Card Game;Children's Game;Fantasy;Movies / TV / Radio theme;Video Game Theme,Race,,Card Game,8.0,1.0,0.5,0.5,0.6890624999999999
37330,UNO: Pokémon,2.0,10.0,30.0,1.0,5.785,Card Game;Children's Game;Fantasy;Movies / TV / Radio theme;Video Game Theme,Hand Management,26683.0,Card Game,48.0,1.0,0.8209220690651828,0.36787944117144233,0.7323853020473251
34128,UNO: Polly Pocket,2.0,10.0,20.0,,4.4,Card Game;Children's Game,Hand Management,,Card Game,5.0,1.0,0.6756639246921762,0.5,0.6951327849384352
34771,UNO: Ratatouille,2.0,10.0,30.0,,4.5,Animals;Card Game;Children's Game;Movies / TV / Radio theme,Hand Management,,Animals,2.0,1.0,0.8209220690651828,0.5,0.7266844138130366
34778,UNO: Red Sox 07 World Series Champions,2.0,10.0,30.0,1.0,4.33333,Card Game;Sports,Hand Management,,Card Game,6.0,1.0,0.8209220690651828,0.36787944117144233,0.6960935520473251
34841,UNO: Reggie Bush Special Edition,2.0,10.0,30.0,,4.66667,Card Game;Sports,Hand Management,,Card Game,3.0,1.0,0.8209220690651828,0.5,0.7308511638130366
12180,UNO: Ren and Stimpy,2.0,10.0,10.0,,4.71429,Card Game;Children's Game;Movies / TV / Radio theme,Hand Management,,Card Game,7.0,1.0,0.4890096469218258,0.5,0.6656591793843651
333948,UNO: Rick & Morty,2.0,10.0,20.0,,6.60909,Card Game;Comic Book / Strip;Movies / TV / Radio theme;Number,Hand Management;Lose a Turn;Matching;Take That,,Card Game,11.0,1.0,0.6756639246921762,0.5,0.7503600349384352
221770,UNO: Royal Revenge,2.0,4.0,,,4.3125,Card Game,Hand Management,,Card Game,8.0,1.0,0.5,0.5,0.6578124999999999
34779,UNO: San Antonio Spurs,2.0,10.0,30.0,,3.33333,Card Game;Sports,Hand Management,,Card Game,3.0,1.0,0.8209220690651828,0.5,0.6975176638130366
363555,UNO: Schitt's Creek,2.0,10.0,30.0,,5.5,Card Game;Movies / TV / Radio theme;Number,Hand Management;Lose a Turn;Matching;Take That,,Card Game,7.0,1.0,0.8209220690651828,0.5,0.7516844138130365
205385,UNO: Seattle Mariners,2.0,10.0,,1.0,3.0,Card Game;Sports,Hand Management,,Card Game,1.0,1.0,0.5,0.36787944117144233,0.5985758882342884
435035,UNO: Seinfeld,2.0,10.0,45.0,,6.0,Card Game;Children's Game;Humor;Movies / TV / Radio theme;Number,Hand Management;Lose a Turn;Matching;Take That;Variable Set-up,,Card Game,2.0,1.0,1.0,0.5,0.8
12223,UNO: Sesame Street,2.0,10.0,10.0,1.0,4.78947,Card Game;Children's Game;Movies / TV / Radio theme,Hand Management,,Card Game,19.0,1.0,0.4890096469218258,0.36787944117144233,0.6411145676186536
477056,UNO: Shark Week,2.0,10.0,,,6.0,Animals;Card Game,Hand Management,,Animals,1.0,1.0,0.5,0.5,0.7
399088,UNO: Show 'Em No Mercy,2.0,6.0,30.0,1.4167,6.0943,Card Game,Hand Management;Lose a Turn;Matching;Player Elimination;Take That,7538.0,Card Game,2076.0,1.0,0.8209220690651828,0.4530965688267197,0.7571612275783806
478437,UNO: Show 'Em No Mercy Attack,2.0,6.0,,,4.0,Card Game,Matching;Take That,,Card Game,1.0,1.0,0.5,0.5,0.6499999999999999
29757,UNO: Shrek,2.0,10.0,30.0,,6.144,Card Game;Children's Game;Fantasy;Movies / TV / Radio theme,Hand Management,,Card Game,5.0,1.0,0.8209220690651828,0.5,0.7677844138130365
12179,UNO: Shrek 2,2.0,10.0,10.0,2.0,5.44444,Card Game;Children's Game;Fantasy;Movies / TV / Radio theme,Hand Management,,Card Game,18.0,1.0,0.4890096469218258,0.6065306597126334,0.7052190613268918
328623,UNO: Simpsons Edition,2.0,10.0,30.0,,4.33333,Card Game;Number,Hand Management;Lose a Turn;Matching;Take That,,Card Game,3.0,1.0,0.8209220690651828,0.5,0.7225176638130366
374165,UNO: Sonic The Hedgehog,2.0,10.0,,1.0,6.16667,Animals;Card Game;Children's Game;Movies / TV / Radio theme;Video Game Theme,Hand Management;Matching;Take That,,Animals,6.0,1.0,0.5,0.36787944117144233,0.6777426382342885
15679,UNO: South Park,2.0,10.0,10.0,,5.02083,Card Game;Movies / TV / Radio theme,Hand Management,,Card Game,24.0,1.0,0.4890096469218258,0.5,0.6733226793843652
353285,UNO: Space Jam – A New Legacy,2.0,10.0,,,6.0,Card Game;Children's Game;Movies / TV / Radio theme;Sports,Hand Management;Lose a Turn;Matching;Take That,,Card Game,1.0,1.0,0.5,0.5,0.7
312795,UNO: Speed Racer,2.0,10.0,,,7.0,Card Game;Children's Game;Movies / TV / Radio theme;Number;Racing,Hand Management;Lose a Turn;Matching;Take That,,Card Game,1.0,1.0,0.5,0.5,0.7249999999999999
8177,UNO: Spider-Man,2.0,10.0,10.0,1.2,5.29931,Card Game;Children's Game;Comic Book / Strip;Fantasy;Movies / TV / Radio theme,Hand Management,28250.0,Card Game,72.0,1.0,0.4890096469218258,0.4065696597405991,0.661598611332485
34773,UNO: Spider-Man 2,2.0,10.0,30.0,,4.0,Card Game;Comic Book / Strip;Movies / TV / Radio theme,Hand Management,,Card Game,3.0,1.0,0.8209220690651828,0.5,0.7141844138130365
216209,UNO: Spider-Sense Spider-Man,2.0,10.0,20.0,,5.0,Card Game;Comic Book / Strip,Hand Management,,Card Game,5.0,1.0,0.6756639246921762,0.5,0.7101327849384352
369054,UNO: Spirit Untamed,2.0,10.0,,,5.0,Animals;Card Game;Children's Game;Movies / TV / Radio theme,Hand Management;Lose a Turn,,Animals,1.0,1.0,0.5,0.5,0.6749999999999999
9583,UNO: SpongeBob SquarePants,2.0,10.0,20.0,1.1429,5.60293,Card Game;Children's Game;Movies / TV / Radio theme,Hand Management,27869.0,Card Game,116.0,1.0,0.6756639246921762,0.39512622822677507,0.7042312805837903
475037,UNO: SPY x FAMILY (McDonald's Happy Meal Edition),2.0,4.0,15.0,,6.5,Card Game;Movies / TV / Radio theme,Hand Management;Matching;Take That,,Card Game,2.0,1.0,0.5897678246195884,0.5,0.7304535649239177
3806,UNO: Star Trek,2.0,10.0,30.0,1.0588,5.91971,Card Game;Movies / TV / Radio theme;Science Fiction,Hand Management,17033.0,Card Game,231.0,1.0,0.8209220690651828,0.37885565650183867,0.7379482951134043
330568,UNO: Star Wars,2.0,10.0,30.0,1.0,5.82453,Card Game;Movies / TV / Radio theme;Number;Science Fiction,Hand Management;Lose a Turn;Matching;Take That,26233.0,Card Game,53.0,1.0,0.8209220690651828,0.36787944117144233,0.7333735520473251
427528,UNO: Star Wars – Technical Schematics,2.0,10.0,40.0,,6.0,Card Game;Children's Game;Movies / TV / Radio theme;Number;Science Fiction,Hand Management;Lose a Turn;Matching;Take That,,Card Game,8.0,1.0,0.9440891630699333,0.5,0.7888178326139866
422893,UNO: Star Wars – The Mandalorian,2.0,10.0,,1.0,5.88182,Card Game;Movies / TV / Radio theme;Science Fiction,,25720.0,Card Game,33.0,1.0,0.5,0.36787944117144233,0.6706213882342884
23461,UNO: Stars of the American League,2.0,10.0,30.0,,4.0,Card Game;Sports,Hand Management,,Card Game,2.0,1.0,0.8209220690651828,0.5,0.7141844138130365
104214,Uno: Super Bowl XL Steelers Special Edition,2.0,10.0,30.0,,5.2,Card Game,Hand Management,,Card Game,5.0,1.0,0.8209220690651828,0.5,0.7441844138130366
209095,UNO: Super Mario,2.0,10.0,,1.0,6.14831,Card Game;Children's Game;Video Game Theme,Hand Management;Take That,10750.0,Card Game,499.0,1.0,0.5,0.36787944117144233,0.6772836382342885
31571,UNO: Superman,2.0,10.0,30.0,,6.0,Card Game;Comic Book / Strip;Movies / TV / Radio theme,Hand Management,,Card Game,12.0,1.0,0.8209220690651828,0.5,0.7641844138130366
29487,UNO: Superman Returns,2.0,10.0,30.0,1.0,5.21667,Card Game;Comic Book / Strip;Movies / TV / Radio theme,Hand Management,,Card Game,15.0,1.0,0.8209220690651828,0.36787944117144233,0.7181770520473251
185014,UNO: Teenage Mutant Ninja Turtles,2.0,10.0,,1.0,5.95,Animals;Card Game;Children's Game;Comic Book / Strip;Movies / TV / Radio theme,Hand Management,25397.0,Animals,30.0,1.0,0.5,0.36787944117144233,0.6723258882342884
452990,UNO: Teenage Mutant Ninja Turtles – Mutant Mayhem,2.0,10.0,30.0,2.0,7.0,Animals;Card Game;Comic Book / Strip;Movies / TV / Radio theme,,,Animals,1.0,1.0,0.8209220690651828,0.6065306597126334,0.8104905457555633
34993,UNO: Texas,2.0,10.0,30.0,1.0,4.06,Card Game,Hand Management,,Card Game,5.0,1.0,0.8209220690651828,0.36787944117144233,0.6892603020473251
450141,UNO: The Amazing Spider-Man,2.0,10.0,30.0,,6.0,Card Game;Comic Book / Strip;Movies / TV / Radio theme;Number,Hand Management;Lose a Turn;Matching;Take That,,Card Game,1.0,1.0,0.8209220690651828,0.5,0.7641844138130366
135154,UNO: The Big Bang Theory,2.0,10.0,30.0,,5.77909,Card Game;Movies / TV / Radio theme,Hand Management,,Card Game,22.0,1.0,0.8209220690651828,0.5,0.7586616638130366
40203,UNO: The Dark Knight,2.0,10.0,30.0,,4.875,Card Game;Comic Book / Strip;Movies / TV / Radio theme,Hand Management,,Card Game,4.0,1.0,0.8209220690651828,0.5,0.7360594138130365
9459,UNO: The Dog,2.0,10.0,10.0,1.0,5.275,Animals;Card Game,Hand Management,,Animals,20.0,1.0,0.4890096469218258,0.36787944117144233,0.6532528176186536
33976,UNO: The Golden Compass,2.0,10.0,20.0,1.0,4.8,Card Game;Children's Game;Movies / TV / Radio theme,Hand Management,,Card Game,5.0,1.0,0.6756639246921762,0.36787944117144233,0.6787086731727238
254814,UNO: The Legend of Zelda,2.0,10.0,,1.3333,5.80135,Card Game;Fantasy;Video Game Theme,Hand Management,26225.0,Card Game,74.0,1.0,0.5,0.4345909652639636,0.6819519430527927
328614,UNO: The Lion King,2.0,10.0,30.0,,5.73333,Animals;Card Game;Children's Game;Movies / TV / Radio theme;Number,Hand Management;Lose a Turn;Matching;Take That,,Animals,3.0,1.0,0.8209220690651828,0.5,0.7575176638130365
12225,UNO: The Muppet Show,2.0,10.0,10.0,1.0,4.91379,Card Game;Children's Game;Movies / TV / Radio theme,Hand Management,,Card Game,29.0,1.0,0.4890096469218258,0.36787944117144233,0.6442225676186536
59071,UNO: The National Parks Edition,2.0,8.0,15.0,1.0,5.44091,Card Game,Hand Management,,Card Game,11.0,1.0,0.5897678246195884,0.36787944117144233,0.6775522031582061
34769,UNO: The Nightmare Before Christmas,2.0,10.0,30.0,1.0,6.002,Card Game;Movies / TV / Radio theme,Hand Management,,Card Game,20.0,1.0,0.8209220690651828,0.36787944117144233,0.7378103020473251
429393,UNO: The Office,2.0,10.0,,,5.72727,Card Game;Movies / TV / Radio theme;Number,Hand Management;Lose a Turn;Matching;Take That,,Card Game,11.0,1.0,0.5,0.5,0.6931817499999999
284978,UNO: The Peanuts Movie Card Game,2.0,10.0,,1.0,5.0,Card Game;Children's Game;Comic Book / Strip;Movies / TV / Radio theme,Hand Management,,Card Game,3.0,1.0,0.5,0.36787944117144233,0.6485758882342885
453027,UNO: The Simpsons,2.0,10.0,,,,Card Game;Movies / TV / Radio theme;Number,Hand Management;Lose a Turn;Matching;Take That,,Card Game,0.0,1.0,0.5,0.5,
367563,UNO: The Simpsons Springfield Edition,2.0,10.0,30.0,,4.33333,Card Game;Movies / TV / Radio theme;Number,Hand Management;Lose a Turn;Matching;Take That,,Card Game,3.0,1.0,0.8209220690651828,0.5,0.7225176638130366
33801,UNO: The Simpsons – Special Edition Card Game,2.0,10.0,30.0,1.1818,5.86408,Card Game;Movies / TV / Radio theme,Hand Management,20104.0,Card Game,158.0,1.0,0.8209220690651828,0.40288665890649467,0.7413637455943355
29795,UNO: The Simpsons – Treehouse of Horror,2.0,10.0,30.0,1.0,6.17647,Card Game;Horror;Movies / TV / Radio theme,Hand Management,,Card Game,17.0,1.0,0.8209220690651828,0.36787944117144233,0.7421720520473252
63967,UNO: The Wizard of Oz,2.0,10.0,20.0,,4.4375,Card Game;Movies / TV / Radio theme;Novel-based,Hand Management,,Card Game,8.0,1.0,0.6756639246921762,0.5,0.6960702849384353
34990,UNO: Tom Brady NFL Greatest Players,2.0,10.0,30.0,,2.0,Card Game;Sports,Hand Management,,Card Game,2.0,1.0,0.8209220690651828,0.5,0.6641844138130366
328616,UNO: Toy Story,2.0,10.0,30.0,,5.6,Card Game;Movies / TV / Radio theme;Number,Hand Management;Lose a Turn;Matching;Take That,,Card Game,5.0,1.0,0.8209220690651828,0.5,0.7541844138130366
73563,UNO: Toy Story 3,2.0,4.0,,1.0,5.70294,Card Game;Children's Game;Movies / TV / Radio theme,Hand Management,26146.0,Card Game,34.0,1.0,0.5,0.36787944117144233,0.6661493882342885
281659,UNO: Toy Story 4,2.0,10.0,,1.0,6.08333,Card Game;Children's Game;Movies / TV / Radio theme,Hand Management;Take That,,Card Game,24.0,1.0,0.5,0.36787944117144233,0.6756591382342885
328143,UNO: Trolls World Tour,2.0,10.0,30.0,1.0,4.0,Card Game;Children's Game;Movies / TV / Radio theme;Number,Hand Management;Lose a Turn;Matching;Take That,,Card Game,9.0,1.0,0.8209220690651828,0.36787944117144233,0.6877603020473251
258946,UNO: UNOcorns,2.0,10.0,,1.0,5.62209,Card Game;Children's Game;Fantasy,Hand Management,26296.0,Card Game,54.0,1.0,0.5,0.36787944117144233,0.6641281382342885
26074,UNO: Vacation,2.0,10.0,20.0,1.0,5.875,Card Game,Hand Management,,Card Game,4.0,1.0,0.6756639246921762,0.36787944117144233,0.7055836731727237
25192,UNO: Vintage Peanuts,2.0,10.0,20.0,,6.4,Card Game;Children's Game;Comic Book / Strip;Movies / TV / Radio theme,Hand Management,,Card Game,5.0,1.0,0.6756639246921762,0.5,0.7451327849384353
405837,UNO: WellieWishers,2.0,10.0,,,,Card Game;Children's Game,Hand Management;Lose a Turn;Matching;Take That,,Card Game,0.0,1.0,0.5,0.5,
455606,UNO: Wicked,2.0,10.0,,,5.5,Card Game;Children's Game;Movies / TV / Radio theme;Number,Hand Management;Lose a Turn;Matching;Take That,,Card Game,2.0,1.0,0.5,0.5,0.6875
191128,UNO: With Customizable Wild Cards,2.0,10.0,30.0,1.1333,6.24981,Card Game,Hand Management,10241.0,Card Game,538.0,1.0,0.8209220690651828,0.3932341669112002,0.7490764971952766
251520,UNO: WWE Card Game,2.0,10.0,,,5.54545,Card Game;Sports,Hand Management;Take That,,Card Game,11.0,1.0,0.5,0.5,0.68863625
328705,UNO: WWE Card Game,2.0,10.0,,,7.0,Card Game;Sports,,,Card Game,1.0,1.0,0.5,0.5,0.7249999999999999
34776,UNO: WWE Legends of Wrestling,2.0,10.0,30.0,2.0,5.40625,Card Game;Movies / TV / Radio theme;Sports,Hand Management,,Card Game,16.0,1.0,0.8209220690651828,0.6065306597126334,0.7706467957555633
12228,UNO: X Games,2.0,10.0,10.0,1.0,5.75,Card Game;Movies / TV / Radio theme;Sports,Hand Management,,Card Game,8.0,1.0,0.4890096469218258,0.36787944117144233,0.6651278176186537
8176,UNO: X-Men,2.0,10.0,20.0,1.0,5.63929,Card Game;Comic Book / Strip;Fantasy;Movies / TV / Radio theme;Number,,,Card Game,28.0,1.0,0.6756639246921762,0.36787944117144233,0.6996909231727237
57920,Unocitta,2.0,5.0,20.0,2.0,5.83333,Abstract Strategy;Wargame,Modular Board;Tile Placement,,Abstract Strategy,6.0,1.0,0.6756639246921762,0.6065306597126334,0.752272166880962
309214,Unoriginal,2.0,8.0,10.0,1.0,7.0,Card Game,Take That,,Card Game,11.0,1.0,0.4890096469218258,0.36787944117144233,0.6963778176186537
38274,Fädelzoo,1.0,4.0,15.0,,6.0,Action / Dexterity;Animals;Children's Game;Educational,Cooperative Game;Pattern Recognition;Set Collection,,Action / Dexterity,1.0,1.0,0.5897678246195884,0.5,0.7179535649239177
172225,Exploding Kittens,2.0,5.0,15.0,1.0785,6.06825,Animals;Card Game;Comic Book / Strip;Humor,Hand Management;Hot Potato;Player Elimination;Push Your Luck;Set Collection;Take That,4046.0,Animals,42514.0,1.0,0.5897678246195884,0.3826058239723378,0.6961809797183851
356226,Exploding Kittens: 2-Player Edition,2.0,2.0,20.0,1.2857,6.25795,Animals;Card Game;Humor;Party Game,Hand Management;Hot Potato;Player Elimination;Push Your Luck,11439.0,Animals,347.0,0.0,0.6756639246921762,0.4243698144531638,0.376455497829068
383201,Exploding Kittens: Cat Burglar Edition,2.0,5.0,30.0,1.5,6.14583,Animals;Card Game;Comic Book / Strip;Humor,Hand Management;Hot Potato;Player Elimination;Push Your Luck;Set Collection;Take That,,Animals,24.0,1.0,0.8209220690651828,0.4723665527410147,0.7623034743612396
476165,Exploding Kittens: Curse You!,2.0,5.0,15.0,,6.75,Animals;Card Game;Humor;Party Game,Hand Management;Interrupts;Legacy Game;Player Elimination;Set Collection;Take That,,Animals,2.0,1.0,0.5897678246195884,0.5,0.7367035649239178
435944,Exploding Kittens: Duels,2.0,2.0,10.0,,6.08333,Animals;Card Game;Comic Book / Strip;Humor,Hand Management;Hot Potato;Push Your Luck;Set Collection;Take That,,Animals,12.0,0.0,0.4890096469218258,0.5,0.34988517938436514
395906,Exploding Kittens: Good vs Evil,2.0,5.0,15.0,1.2,6.65033,Animals;Card Game;Movies / TV / Radio theme;Party Game,Hand Management;Hot Potato;Player Elimination;Take That,8062.0,Animals,422.0,1.0,0.5897678246195884,0.4065696597405991,0.7155257468720375
430593,Exploding Kittens: Grab & Game,2.0,4.0,15.0,,6.2275,Animals;Card Game;Comic Book / Strip;Humor,Hand Management;Hot Potato;Player Elimination;Push Your Luck;Set Collection;Take That,22758.0,Animals,40.0,1.0,0.5897678246195884,0.5,0.7236410649239177
246398,Exploding Kittens: Newbie Edition,2.0,2.0,15.0,1.5,5.29833,Animals;Card Game;Comic Book / Strip;Humor,Hand Management;Player Elimination;Push Your Luck;Set Collection;Take That,28792.0,Animals,95.0,0.0,0.5897678246195884,0.4723665527410147,0.34488512547212063
172242,Exploding Kittens: NSFW Edition,2.0,5.0,20.0,1.0823,6.2305,Animals;Card Game;Comic Book / Strip;Humor;Mature / Adult,Hand Management;Player Elimination;Push Your Luck;Set Collection;Take That,3473.0,Animals,11186.0,1.0,0.6756639246921762,0.38333346607898755,0.7175619781542328
256804,Exploding Kittens: Party Pack,2.0,10.0,15.0,1.0685,7.04158,Animals;Card Game;Comic Book / Strip;Humor;Party Game,Hand Management;Player Elimination;Push Your Luck;Set Collection;Take That,2172.0,Animals,3023.0,1.0,0.5897678246195884,0.3806975694642748,0.7201325788167726
476128,Exploding Kittens: Rage Mode,2.0,5.0,15.0,,7.0,Card Game;Party Game,Drawing;Player Elimination;Take That,,Card Game,3.0,1.0,0.5897678246195884,0.5,0.7429535649239176
343282,Exploding Kittens: Recipes for Disaster,2.0,5.0,15.0,1.2727,7.01846,Card Game;Humor;Party Game,Hand Management;Hot Potato;Player Elimination;Push Your Luck,3864.0,Card Game,1158.0,1.0,0.5897678246195884,0.4216203560793111,0.7277391361397798
447244,Exploding Kittens: The Board Game,2.0,6.0,20.0,1.1667,5.81287,Animals;Comic Book / Strip;Humor;Party Game,Take That;Variable Player Powers,22828.0,Animals,303.0,1.0,0.6756639246921762,0.3998563185612881,0.7104257986506929
242594,Aussie Scrabble,2.0,4.0,120.0,,5.8,Word Game,Hand Management;Spelling;Tile Placement,,Word Game,5.0,1.0,0.6165754530113879,0.5,0.7183150906022776
69972,Braille Scrabble,2.0,4.0,,,5.0,Word Game,Hand Management;Spelling;Tile Placement,,Word Game,2.0,1.0,0.5,0.5,0.6749999999999999
38067,Disney Scrabble,2.0,4.0,,,5.54667,Movies / TV / Radio theme;Word Game,Spelling;Tile Placement,,Movies / TV / Radio theme,15.0,1.0,0.5,0.5,0.6886667499999999
135262,Electronic Catch Phrase,4.0,99.0,20.0,1.0909,6.58717,Electronic;Party Game,Hot Potato;Team-Based Game,4443.0,Electronic,1200.0,1.0,0.6756639246921762,0.384985348986102,0.7268091047356557
160001,"Family Game Night Book and Game Set: Scrabble, Clue, Sorry, Yahtzee",2.0,6.0,60.0,,4.60714,Children's Game;Deduction;Dice;Word Game,Dice Rolling;Roll / Spin and Move;Spelling;Tile Placement,,Children's Game,7.0,1.0,0.8683883697146904,0.5,0.738856173942938
39625,Junior Scrabble Cards,2.0,6.0,,,5.5,Card Game;Children's Game;Educational;Word Game,Hand Management;Spelling,,Card Game,3.0,1.0,0.5,0.5,0.6875
274534,Kiwi Scrabble,2.0,4.0,90.0,,7.0,Word Game,Hand Management;Spelling;Tile Placement,,Word Game,3.0,1.0,0.7109813678954644,0.5,0.7671962735790929
39682,A-Math,2.0,4.0,90.0,3.0,5.72727,Math,Tile Placement,,Math,11.0,1.0,0.7109813678954644,1.0,0.835378023579093
19629,Monty Plays Scrabble,1.0,3.0,60.0,,6.0,Electronic;Word Game,Paper-and-Pencil;Spelling,,Electronic,6.0,0.5,0.8683883697146904,0.5,0.5986776739429381
29356,My First Scrabble,1.0,,,1.0,5.26667,Children's Game;Educational;Word Game,Pattern Recognition;Spelling;Tile Placement,,Children's Game,15.0,0.0,0.5,0.36787944117144233,0.3052426382342885
3359,Anagrams,2.0,6.0,45.0,2.0,6.78333,Children's Game;Word Game,Spelling,15268.0,Children's Game,72.0,1.0,1.0,0.6065306597126334,0.8408893819425267
16314,Party Scrabble,2.0,4.0,,2.0,5.68148,Party Game;Word Game,Spelling,26384.0,Party Game,54.0,1.0,0.5,0.6065306597126334,0.7133431319425266
320,Scrabble,2.0,4.0,90.0,2.0519,6.2753,Word Game,End Game Bonuses;Hand Management;Spelling;Square Grid;Tile Placement,2437.0,Word Game,35736.0,1.0,0.7109813678954644,0.6224761279831794,0.7735739991757289
428019,Scrabble / Scrabble Together,2.0,4.0,,1.6667,7.17021,Word Game,Cooperative Game;Hand Management;Spelling;Square Grid;Tile Placement,,Word Game,47.0,1.0,0.5,0.5134256760558843,0.7319403852111768
225480,Turnspell,2.0,4.0,45.0,1.0,5.91667,Word Game,Open Drafting;Spelling,24485.0,Word Game,36.0,1.0,1.0,0.36787944117144233,0.7714926382342886
104768,Scrabble Alphabet Scoop,2.0,4.0,,1.0,4.93548,Real-time;Word Game,Spelling;Tile Placement,28050.0,Real-time,31.0,1.0,0.5,0.36787944117144233,0.6469628882342885
147369,Scrabble and Yahtzee,2.0,4.0,30.0,,4.83333,Dice;Word Game,Dice Rolling;Set Collection;Spelling;Tile Placement,,Dice,6.0,1.0,0.8209220690651828,0.5,0.7350176638130366
40514,Scrabble Apple,2.0,4.0,,1.3333,5.21941,Real-time;Word Game,Spelling;Tile Placement,28732.0,Real-time,85.0,1.0,0.5,0.4345909652639636,0.6674034430527926
392954,Scrabble BINGO,2.0,4.0,30.0,,6.0,Word Game,Bingo;End Game Bonuses;Hand Management;Spelling;Square Grid;Tile Placement,,Word Game,1.0,1.0,0.8209220690651828,0.5,0.7641844138130366
116449,Scrabble Book Lovers,2.0,4.0,,,6.0,Word Game,Hand Management;Spelling;Tile Placement,,Word Game,16.0,1.0,0.5,0.5,0.7
25571,Scrabble Brand Turntiles,2.0,4.0,,2.0,5.5,Word Game,Spelling;Tile Placement,,Word Game,4.0,1.0,0.5,0.6065306597126334,0.7088061319425267
6994,Scrabble Card Game,2.0,6.0,20.0,1.6486,5.48363,Card Game;Word Game,Hand Management;Spelling;Tile Placement,29497.0,Card Game,355.0,1.0,0.6756639246921762,0.5088001358273453,0.7239835621039044
143766,Scrabble Cards,2.0,4.0,,2.0,5.42308,Card Game;Word Game,Spelling,,Card Game,26.0,1.0,0.5,0.6065306597126334,0.7068831319425266
338732,Scrabble Coasters,2.0,4.0,,,6.0,Word Game,,,Word Game,1.0,1.0,0.5,0.5,0.7
7452,Scrabble Crossword / Dominoes,2.0,4.0,30.0,1.5,5.02381,Word Game,Spelling;Tile Placement,,Word Game,21.0,1.0,0.8209220690651828,0.4723665527410147,0.7342529743612396
3374,Scrabble Crossword Cubes Game,1.0,6.0,10.0,1.0,5.81155,Dice;Word Game,Spelling,24310.0,Dice,84.0,1.0,0.4890096469218258,0.36787944117144233,0.6666665676186536
101335,Scrabble DASH,2.0,4.0,10.0,1.0,4.67405,Card Game;Real-time;Word Game,Spelling,30800.0,Card Game,158.0,1.0,0.4890096469218258,0.36787944117144233,0.6382290676186536
15090,Scrabble Dice,1.0,,,1.5556,5.47975,Dice;Word Game,Dice Rolling;Paper-and-Pencil;Pattern Building;Spelling,27659.0,Dice,79.0,0.0,0.5,0.485682578073971,0.3341302656147942
331790,Scrabble Duplicate,2.0,6.0,,,6.05882,Word Game,Pattern Building,,Word Game,17.0,1.0,0.5,0.5,0.7014704999999999
2813,Scrabble Duplicate Crossword Game,1.0,99.0,45.0,,6.36786,Party Game;Word Game,Paper-and-Pencil;Simultaneous Action Selection;Spelling,,Party Game,28.0,1.0,1.0,0.5,0.8091965000000001
31935,Scrabble Express,2.0,4.0,20.0,1.6875,5.7389,Dice;Word Game,Dice Rolling;Spelling,21689.0,Dice,164.0,1.0,0.6756639246921762,0.5187931656538893,0.7323639180692131
67631,Scrabble Flash,1.0,4.0,5.0,1.4,5.77545,Electronic;Real-time;Word Game,Spelling,15962.0,Electronic,399.0,1.0,0.3611575592573076,0.44932896411722156,0.6564835546749057
419465,Scrabble Flip,2.0,2.0,,,6.0,Word Game,Auction: Dexterity;Push Your Luck;Spelling,,Word Game,1.0,0.0,0.5,0.5,0.35
412105,Scrabble Frenzy,2.0,4.0,,,7.5,Word Game,Real-Time;Spelling,,Word Game,5.0,1.0,0.5,0.5,0.7374999999999999
32489,Scrabble Golf Edition,2.0,4.0,,,5.8,Word Game,Spelling;Tile Placement,,Word Game,5.0,1.0,0.5,0.5,0.695
11833,Scrabble Got a Minute,2.0,6.0,10.0,,6.0,Word Game,Spelling,,Word Game,10.0,1.0,0.4890096469218258,0.5,0.6978019293843651
31015,Scrabble Head to Head,2.0,2.0,30.0,2.0,5.125,Word Game,Modular Board;Spelling,,Word Game,8.0,0.0,0.8209220690651828,0.6065306597126334,0.41361554575556325
179194,Scrabble Interactivo,2.0,10.0,,,5.8125,Electronic;Party Game;Word Game,,,Electronic,8.0,1.0,0.5,0.5,0.6953125
4114,Ipswich,2.0,4.0,45.0,2.0,6.15312,Word Game,Spelling;Tile Placement,23722.0,Word Game,32.0,1.0,1.0,0.6065306597126334,0.8251341319425267
2318,Scrabble Junior,2.0,4.0,30.0,1.3556,4.75358,Children's Game;Word Game,Spelling;Tile Placement,31198.0,Children's Game,761.0,1.0,0.8209220690651828,0.43946376992950026,0.7209166677989366
31426,Scrabble Junior Madeline,2.0,4.0,,,6.0,Children's Game;Educational;Novel-based;Word Game,Spelling;Tile Placement,,Children's Game,2.0,1.0,0.5,0.5,0.7
103410,Scrabble Junior: Charlotte's Web,2.0,4.0,30.0,1.0,6.0,Animals;Children's Game;Educational;Movies / TV / Radio theme;Novel-based;Word Game,Chit-Pull System;Spelling;Tile Placement,,Animals,1.0,1.0,0.8209220690651828,0.36787944117144233,0.7377603020473251
34658,Scrabble Junior: Dora the Explorer Edition,1.0,4.0,,,5.05556,Children's Game;Educational;Movies / TV / Radio theme;Word Game,Set Collection;Spelling;Tile Placement,,Children's Game,9.0,1.0,0.5,0.5,0.6763889999999999
136560,Scrabble Junior: Pinkalicious,2.0,4.0,,,6.0,Children's Game;Novel-based;Word Game,Spelling;Tile Placement,,Children's Game,1.0,1.0,0.5,0.5,0.7
26030,Scrabble Junior: The Disney Edition,2.0,4.0,30.0,1.0,5.09375,Children's Game;Educational;Movies / TV / Radio theme;Word Game,Chit-Pull System;Spelling;Tile Placement,28239.0,Children's Game,32.0,1.0,0.8209220690651828,0.36787944117144233,0.7151040520473251
24404,Scrabble Junior: Wildlife,2.0,4.0,30.0,,6.0,Animals;Children's Game;Educational;Word Game,Spelling;Tile Placement,,Animals,1.0,1.0,0.8209220690651828,0.5,0.7641844138130366
36298,Scrabble Keychain,2.0,8.0,20.0,1.0,3.33333,Word Game,Hand Management;Spelling;Tile Placement,,Word Game,6.0,1.0,0.6756639246921762,0.36787944117144233,0.6420419231727238
34065,Scrabble Me,2.0,4.0,,1.5,6.00714,Word Game,Spelling;Tile Placement,23517.0,Word Game,42.0,1.0,0.5,0.4723665527410147,0.6946518105482029
185441,Scrabble NHL Edition,2.0,4.0,,,6.07143,Sports;Word Game,Hand Management;Spelling;Tile Placement,,Sports,7.0,1.0,0.5,0.5,0.70178575
6865,Scrabble Overturn,2.0,4.0,45.0,3.0,5.38889,Word Game,Tile Placement,,Word Game,18.0,1.0,1.0,1.0,0.88472225
22039,Scrabble People,2.0,4.0,15.0,,6.25,Card Game;Children's Game;Memory,Hand Management;Memory,,Card Game,2.0,1.0,0.5897678246195884,0.5,0.7242035649239177
68239,Scrabble People Letter-Matching Board Game,2.0,4.0,,1.0,5.0,Children's Game;Word Game,Roll / Spin and Move;Set Collection,,Children's Game,2.0,1.0,0.5,0.36787944117144233,0.6485758882342885
373833,Scrabble Plus Scrabble Junior,2.0,4.0,,,5.0,Word Game,End Game Bonuses;Hand Management;Spelling;Square Grid;Tile Placement,,Word Game,2.0,1.0,0.5,0.5,0.6749999999999999
96760,Scrabble Pocket Puzzle,1.0,2.0,,,5.33333,Word Game,,,Word Game,3.0,0.0,0.5,0.5,0.33333325
33573,Scrabble Poker,2.0,6.0,,,4.25,Card Game;Word Game,Betting and Bluffing;Hand Management,,Card Game,6.0,1.0,0.5,0.5,0.6562499999999999
423156,Scrabble Pokémon Edition,2.0,4.0,45.0,,6.76,Children's Game;Video Game Theme;Word Game,Cooperative Game;Hand Management;Spelling;Square Grid;Tile Placement,,Children's Game,5.0,1.0,1.0,0.5,0.819
4906,Pronto,1.0,2.0,20.0,,6.25,Word Game,Dice Rolling;Real-Time;Spelling,,Word Game,8.0,0.0,0.6756639246921762,0.5,0.39138278493843526
3440,Quip Qubes,2.0,2.0,60.0,1.3333,4.17241,Dice;Word Game,Tile Placement,,Dice,29.0,0.0,0.8683883697146904,0.4345909652639636,0.36490611699573083
8088,Scrabble Rebus,2.0,4.0,60.0,1.6,5.01892,Educational;Puzzle;Word Game,Tile Placement,28259.0,Educational,37.0,1.0,0.8683883697146904,0.4965853037914095,0.7484677347012201
6287,RPM,2.0,4.0,10.0,,5.7,Action / Dexterity;Word Game,Tile Placement,,Action / Dexterity,9.0,1.0,0.4890096469218258,0.5,0.6903019293843651
2381,Scattergories,2.0,6.0,30.0,1.3567,6.30672,Party Game;Real-time;Word Game,Dice Rolling;Paper-and-Pencil,2760.0,Party Game,11653.0,1.0,0.8209220690651828,0.4397055414840444,0.7597935221098455
7572,Scrabble Scoring Anagrams,2.0,12.0,60.0,2.0,6.19444,Abstract Strategy;Word Game,Spelling,,Abstract Strategy,27.0,1.0,0.8683883697146904,0.6065306597126334,0.7998448058854648
24927,Scrabble Scramble,2.0,2.0,20.0,1.6429,5.86672,Dice;Word Game,Dice Rolling;Spelling,19905.0,Dice,161.0,0.0,0.6756639246921762,0.5073521198431404,0.38327120890706334
327182,Scrabble Sensor,1.0,2.0,,,6.0,Electronic;Word Game,,,Electronic,1.0,0.0,0.5,0.5,0.35
2356,Scrabble Sentence Cube Game,2.0,99.0,10.0,1.1818,4.81111,Dice;Word Game,Dice Rolling,30735.0,Dice,153.0,1.0,0.4890096469218258,0.40288665890649467,0.6486570111656641
18268,Scrabble Sentence Game for Juniors,2.0,4.0,,,4.375,Children's Game;Word Game,Tile Placement,,Children's Game,8.0,1.0,0.5,0.5,0.6593749999999999
40508,Scrabble Slam!,2.0,4.0,15.0,1.18,5.13983,Card Game;Real-time;Word Game,Real-Time;Spelling,31178.0,Card Game,1792.0,1.0,0.5897678246195884,0.40252422403363597,0.6769541597306449
166239,Scrabble Slam! (2-6p),2.0,6.0,15.0,1.0,5.06474,Card Game;Real-time;Word Game,,27802.0,Card Game,38.0,1.0,0.5897678246195884,0.36787944117144233,0.6681479531582061
435066,Scrabble Slots,1.0,6.0,40.0,,,Word Game,Dice Rolling;Solo / Solitaire Game;Stacking and Balancing;Tile Placement,,Word Game,0.0,1.0,0.9440891630699333,0.5,
256711,Scrabble Speed,2.0,4.0,60.0,,6.35,Word Game,Tile Placement,,Word Game,14.0,1.0,0.8683883697146904,0.5,0.7824276739429381
88460,Scrabble Switch-Up,2.0,4.0,,2.0,6.09398,Card Game;Children's Game;Word Game,Modular Board;Open Drafting;Tile Placement,24122.0,Card Game,31.0,1.0,0.5,0.6065306597126334,0.7236556319425267
35018,Scrabble The Shrek Edition,2.0,4.0,,2.0,4.625,Children's Game;Fantasy;Movies / TV / Radio theme;Word Game,Tile Placement,,Children's Game,4.0,1.0,0.5,0.6065306597126334,0.6869311319425266
260505,Stack Spell,2.0,4.0,20.0,1.0,5.75152,Word Game,Modular Board;Spelling,25823.0,Word Game,33.0,1.0,0.6756639246921762,0.36787944117144233,0.7024966731727238
375772,Scrabble Trap Tiles,2.0,4.0,,,5.14167,Word Game,,,Word Game,12.0,1.0,0.5,0.5,0.6785417499999999
69721,Scrabble Trickster,2.0,4.0,120.0,2.3333,5.93352,Word Game,Spelling;Tile Placement,20574.0,Word Game,108.0,1.0,0.6165754530113879,0.7165193684847974,0.764956964299237
104766,Scrabble Turbo Slam,2.0,4.0,,1.0,5.26414,Card Game;Electronic;Word Game,,,Card Game,29.0,1.0,0.5,0.36787944117144233,0.6551793882342885
233595,Scrabble Twist,1.0,8.0,60.0,1.0,5.81818,Electronic;Word Game,Pattern Recognition,,Electronic,11.0,1.0,0.8683883697146904,0.36787944117144233,0.7427080621772266
151603,Scrabble Twists & Turns,2.0,4.0,30.0,1.3333,5.47836,Party Game;Word Game,Hand Management;Tile Placement,26415.0,Party Game,67.0,1.0,0.8209220690651828,0.4345909652639636,0.7380616068658292
4064,Scrabble Up,2.0,2.0,30.0,1.5,4.66481,Word Game,Real-Time,29539.0,Word Game,54.0,0.0,0.8209220690651828,0.4723665527410147,0.37527797436123955
13219,Scrabble Upper Hand,2.0,4.0,,3.0,5.46667,Word Game,Auction / Bidding;Tile Placement,,Word Game,6.0,1.0,0.5,1.0,0.78666675
1515,Upwords,2.0,4.0,90.0,1.6667,5.77406,Word Game,Hand Management;Layering;Spelling;Square Grid;Tile Placement,8183.0,Word Game,3645.0,1.0,0.7109813678954644,0.5134256760558843,0.7392329087902698
41356,Scrabble Valentine's Day,2.0,2.0,,,5.33333,Word Game,Spelling;Tile Placement,,Word Game,3.0,0.0,0.5,0.5,0.33333325
42094,Scrabble Word Play Poker,2.0,6.0,,1.5,3.775,Card Game;Word Game,,,Card Game,20.0,1.0,0.5,0.4723665527410147,0.6388483105482029
2959,Scrabble Word Rummy,2.0,6.0,60.0,,5.67105,Card Game;Word Game,,,Card Game,19.0,1.0,0.8683883697146904,0.5,0.7654539239429381
19571,The Sudoku Game,1.0,4.0,10.0,2.9,4.48364,Educational;Math;Number;Puzzle,Paper-and-Pencil;Pattern Building,29902.0,Educational,58.0,1.0,0.4890096469218258,0.951229424500714,0.750138814284508
40105,Scrabble: 2007 Boston Red Sox Worlds Series Championship Edition,2.0,4.0,,,5.9975,Sports;Word Game,Tile Placement,,Sports,4.0,1.0,0.5,0.5,0.6999374999999999
135661,Scrabble: Bible Edition,2.0,4.0,90.0,,1.0,Religious;Word Game,Hand Management;Tile Placement,,Religious,1.0,1.0,0.7109813678954644,0.5,0.6171962735790929
37401,Scrabble: Chocolate Edition,2.0,4.0,20.0,2.5,6.05246,Word Game,Tile Placement,22770.0,Word Game,61.0,1.0,0.6756639246921762,0.7788007830714049,0.7922044415527163
114216,Scrabble: Cooking Edition,2.0,4.0,90.0,,6.10652,Word Game,Spelling;Tile Placement,,Word Game,23.0,1.0,0.7109813678954644,0.5,0.7448592735790929
102472,Scrabble: Diary of a Wimpy Kid,2.0,4.0,90.0,1.0,5.625,Novel-based;Word Game,Hand Management;Tile Placement,,Novel-based,4.0,1.0,0.7109813678954644,0.36787944117144233,0.7063971618133814
153517,Scrabble: Disney Theme Park Edition,2.0,4.0,,,4.0,Word Game,Hand Management;Spelling;Tile Placement,,Word Game,5.0,1.0,0.5,0.5,0.6499999999999999
333956,Scrabble: Disney Vacation Club,2.0,4.0,120.0,,6.0,Educational;Word Game,Hand Management;Tile Placement,,Educational,1.0,1.0,0.6165754530113879,0.5,0.7233150906022776
401946,Scrabble: Dr. Seuss,2.0,4.0,60.0,,6.0,Children's Game;Novel-based;Word Game,End Game Bonuses;Hand Management;Spelling;Square Grid;Tile Placement,,Children's Game,2.0,1.0,0.8683883697146904,0.5,0.7736776739429381
114217,Scrabble: Gardening Edition,2.0,4.0,90.0,,6.09091,Word Game,Spelling;Tile Placement,,Word Game,11.0,1.0,0.7109813678954644,0.5,0.744469023579093
272578,Scrabble: Harry Potter,2.0,4.0,,1.0,6.19979,Fantasy;Movies / TV / Radio theme;Novel-based;Word Game,Hand Management;Pattern Building;Spelling,25554.0,Fantasy,62.0,1.0,0.5,0.36787944117144233,0.6785706382342884
217959,Scrabble: Harry Potter Edition,2.0,4.0,90.0,1.75,5.90633,Fantasy;Movies / TV / Radio theme;Novel-based;Word Game,Hand Management;Spelling;Tile Placement,24306.0,Fantasy,79.0,1.0,0.7109813678954644,0.5352614285189903,0.746906809282891
114218,Scrabble: Holiday Edition,2.0,4.0,90.0,,5.88571,Word Game,Spelling;Tile Placement,,Word Game,7.0,1.0,0.7109813678954644,0.5,0.7393390235790929
130207,Scrabble: Limited Too – Collector's Edition,2.0,4.0,,,6.8,Word Game,Hand Management;Spelling;Tile Placement,,Word Game,5.0,1.0,0.5,0.5,0.72
72684,Scrabble: Major League Baseball Edition,2.0,4.0,,1.0,5.2,Sports;Word Game,Tile Placement,,Sports,5.0,1.0,0.5,0.36787944117144233,0.6535758882342885
283248,Scrabble: Milk Chocolate Edition,2.0,3.0,30.0,1.0,3.71667,Word Game,Hand Management;Tile Placement,,Word Game,6.0,0.5,0.8209220690651828,0.36787944117144233,0.505677052047325
419112,Scrabble: National Parks Special Edition,2.0,4.0,,,6.375,Word Game,End Game Bonuses;Hand Management;Spelling;Square Grid;Tile Placement,,Word Game,4.0,1.0,0.5,0.5,0.7093749999999999
32730,Scrabble: Pirates of the Caribbean Edition,2.0,4.0,90.0,2.0,5.08333,Movies / TV / Radio theme;Word Game,Tile Placement,,Movies / TV / Radio theme,6.0,1.0,0.7109813678954644,0.6065306597126334,0.7405856555216196
21755,Scrabble: Simpsons Edition,2.0,4.0,45.0,2.0,6.54762,Movies / TV / Radio theme;Word Game,Hand Management;Spelling;Tile Placement,,Movies / TV / Radio theme,21.0,1.0,1.0,0.6065306597126334,0.8349966319425268
448322,Scrabble: Texas Spell ‘Em,2.0,4.0,,,4.8125,Dice;Word Game,Betting and Bluffing;Dice Rolling;End Game Bonuses;Hand Management;Player Elimination;Set Collection;Spelling,,Dice,8.0,1.0,0.5,0.5,0.6703125
141904,Scrabble: The Beatles Edition,2.0,4.0,90.0,,5.95,Music;Word Game,Hand Management;Spelling;Tile Placement,,Music,10.0,1.0,0.7109813678954644,0.5,0.7409462735790928
142040,Scrabble: The Hobbit – An Unexpected Journey Edition,2.0,4.0,90.0,2.0,6.36667,Movies / TV / Radio theme;Novel-based;Word Game,Hand Management;Spelling;Tile Placement,,Movies / TV / Radio theme,15.0,1.0,0.7109813678954644,0.6065306597126334,0.7726691555216196
59070,Scrabble: The National Parks Edition,2.0,6.0,60.0,3.0,6.39474,Word Game,Spelling;Tile Placement,,Word Game,19.0,1.0,0.8683883697146904,1.0,0.883546173942938
39585,Scrabble: The Presidential Edition,2.0,4.0,90.0,,5.9,Political;Word Game,Spelling;Tile Placement,,Political,10.0,1.0,0.7109813678954644,0.5,0.7396962735790928
35246,Scrabble: The Simpsons Edition,2.0,4.0,60.0,,4.85714,Movies / TV / Radio theme;Word Game,Tile Placement,,Movies / TV / Radio theme,7.0,1.0,0.8683883697146904,0.5,0.7451061739429381
58153,Scrabble: Tim Burton's The Nightmare Before Christmas Edition,2.0,4.0,30.0,,5.55556,Movies / TV / Radio theme;Word Game,Hand Management;Spelling;Tile Placement;Variable Player Powers,,Movies / TV / Radio theme,9.0,1.0,0.8209220690651828,0.5,0.7530734138130366
287470,Scrabblers,1.0,8.0,120.0,,4.0,Game System;Word Game,Set Collection;Spelling,,Game System,1.0,1.0,0.6165754530113879,0.5,0.6733150906022776
287469,Scrabblers Roll & Write,1.0,3.0,20.0,,4.0,Print & Play;Word Game,Dice Rolling;Paper-and-Pencil;Set Collection;Spelling,,Print & Play,1.0,0.5,0.6756639246921762,0.5,0.5101327849384352
437342,SCRxBBLE: Print and Play Words Games using Scrabble Tiles,1.0,5.0,20.0,,,Print & Play;Word Game,Tile Placement,,Print & Play,0.0,1.0,0.6756639246921762,0.5,
30609,Sesame Street Scrabble,1.0,4.0,,,4.5,Children's Game;Educational;Movies / TV / Radio theme;Puzzle;Word Game,Tile Placement,,Children's Game,2.0,1.0,0.5,0.5,0.6625
42778,Star Trek Scrabble,2.0,4.0,,,5.76667,Movies / TV / Radio theme;Science Fiction;Word Game,Spelling;Tile Placement,,Movies / TV / Radio theme,21.0,1.0,0.5,0.5,0.6941667499999999
353598,Star Wars: Scrabble,2.0,4.0,,2.0,6.27121,Movies / TV / Radio theme;Word Game,Spelling,22378.0,Movies / TV / Radio theme,44.0,1.0,0.5,0.6065306597126334,0.7280863819425267
53392,Sunshine Cheez-It Scrabble Junior,1.0,6.0,10.0,1.0,2.66667,Children's Game;Word Game,Spelling;Tile Placement,,Children's Game,3.0,1.0,0.4890096469218258,0.36787944117144233,0.5880445676186536
11182,Super Scrabble,2.0,4.0,60.0,2.1026,6.37565,Word Game,Spelling;Tile Placement,7603.0,Word Game,627.0,1.0,0.8683883697146904,0.6384576072482238,0.8107604453925829
39681,Kham Khom,2.0,4.0,90.0,3.0,6.5,Word Game,Tile Placement,,Word Game,2.0,1.0,0.7109813678954644,1.0,0.854696273579093
6801,TV Scrabble,2.0,6.0,30.0,2.0,6.07692,Movies / TV / Radio theme;Word Game,Paper-and-Pencil;Team-Based Game,,Movies / TV / Radio theme,26.0,1.0,0.8209220690651828,0.6065306597126334,0.7874135457555633
237073,Twin Play Classics: Monopoly and Scrabble,2.0,5.0,180.0,,7.33333,Deduction;Economic;Word Game,Auction / Bidding;Hand Management;Player Elimination;Roll / Spin and Move;Set Collection;Stock Holding;Tile Placement;Trading,,Deduction,6.0,1.0,0.5041266174373653,0.5,0.734158573487473
300447,Twister Scrabble,2.0,4.0,,,2.0,Action / Dexterity;Word Game,,,Action / Dexterity,1.0,1.0,0.5,0.5,0.6
57219,3D Risk,2.0,8.0,300.0,4.0,4.0,Abstract Strategy,Area Majority / Influence,,Abstract Strategy,1.0,1.0,0.3909270011981531,0.6065306597126334,0.6494915321821573
218814,7s 11s: A Fast Paced Dice Game of Chance & Risk Taking,2.0,10.0,10.0,1.0,9.0,Dice,Dice Rolling;Push Your Luck,,Dice,2.0,1.0,0.4890096469218258,0.36787944117144233,0.7463778176186536
72349,Alien: Invasion Risk,1.0,1.0,90.0,2.75,6.60714,Print & Play;Science Fiction;Wargame,Area Majority / Influence;Area Movement;Critical Hits and Failures;Dice Rolling;Events;Income;Movement Points;Push Your Luck;Random Production;Simulation;Solo / Solitaire Game;Variable Set-up,,Print & Play,14.0,0.0,0.7109813678954644,0.8824969025845955,0.483874154096012
2557,Castle Risk,2.0,6.0,120.0,1.9848,5.52516,Napoleonic;Spies / Secret Agents;Territory Building;Wargame,Area Majority / Influence;Area Movement;Campaign / Battle Card Driven;Dice Rolling;Player Elimination;Secret Unit Deployment,29545.0,Napoleonic,1443.0,1.0,0.6165754530113879,0.6019384990130546,0.7318317904048885
269887,Dino Dig: Risky Sites,2.0,5.0,30.0,1.6667,6.312,Children's Game,Set Collection,,Children's Game,25.0,1.0,0.8209220690651828,0.5134256760558843,0.7746695490242135
262838,Disney Pixar Cars 3: Risky Raceway Game,2.0,3.0,,,3.875,Children's Game;Movies / TV / Radio theme;Racing,Roll / Spin and Move,,Children's Game,8.0,0.5,0.5,0.5,0.471875
36745,Simply Ingenious,2.0,4.0,20.0,1.1515,5.30817,Abstract Strategy,Chit-Pull System;Push Your Luck;Set Collection,30794.0,Abstract Strategy,608.0,1.0,0.6756639246921762,0.3968289291916471,0.6972028207767647
340596,Escape Box: Risk,3.0,7.0,60.0,,6.0,Card Game;Deduction;Puzzle;Real-time,Cooperative Game;Deduction;Real-Time,,Card Game,1.0,1.0,0.8683883697146904,0.5,0.7736776739429381
462984,Happy Double: No Risk No Run!,2.0,8.0,20.0,1.0,6.76222,Dice,Dice Rolling,,Dice,27.0,1.0,0.6756639246921762,0.36787944117144233,0.7277641731727238
264452,High Risk,2.0,4.0,20.0,1.0833,6.04675,Dice,Dice Rolling;Push Your Luck,10215.0,Dice,502.0,1.0,0.6756639246921762,0.3835251807366974,0.7130065710857747
11907,High Risk!,2.0,4.0,240.0,4.0,5.07778,Economic;Modern Warfare;Political,Campaign / Battle Card Driven;Point to Point Movement;Variable Player Powers,,Economic,9.0,1.0,0.43688828010671776,0.6065306597126334,0.6856282879638702
408281,Hit Send: The High Risk Game of Text Roulette,4.0,99.0,60.0,,3.5,Mature / Adult;Party Game,Player Judge;Voting,,Mature / Adult,3.0,1.0,0.8683883697146904,0.5,0.7111776739429381
452637,I'm Gonna Risk It,2.0,5.0,10.0,1.0,6.65698,Number;Party Game,Ordering;Push Your Luck,22712.0,Number,43.0,1.0,0.4890096469218258,0.36787944117144233,0.6878023176186536
357701,Kellia: The Risk of the Desert,2.0,4.0,50.0,3.0,7.47917,Environmental;Religious,Action Points;Cooperative Game;Dice Rolling;Events;Pieces as Map,,Environmental,24.0,1.0,0.9497161598676341,1.0,0.9269224819735269
36389,Live Action Risk (Lark),2.0,30.0,1.0,,4.0,Dice;Negotiation;Party Game;Political;Real-time;Wargame,Dice Rolling;Role Playing;Team-Based Game,,Dice,1.0,1.0,0.20851441405707477,0.5,0.5917028828114149
22254,Narnia Risk Junior,2.0,4.0,90.0,1.95,5.5076,Adventure;Children's Game;Fantasy;Movies / TV / Radio theme;Mythology;Novel-based;Territory Building;Wargame,Area Majority / Influence;Area Movement;Campaign / Battle Card Driven;Dice Rolling,27353.0,Adventure,122.0,1.0,0.7109813678954644,0.5915553643668151,0.748197346452456
470352,"No Risk, No Tower!",2.0,2.0,20.0,1.0,7.09,Animals;Bluffing;Card Game;Deduction,"I Cut, You Choose;Set Collection",20996.0,Animals,30.0,0.0,0.6756639246921762,0.36787944117144233,0.3859586731727237
464760,Project Risk,2.0,12.0,120.0,,,Deduction;Educational;Negotiation;Real-time,Player Elimination;Roll / Spin and Move,,Deduction,0.0,1.0,0.6165754530113879,0.5,
27017,Purple Ronnie's Risks and Rhymes,2.0,6.0,,,,Humor;Mature / Adult;Party Game,Acting,,Humor,0.0,1.0,0.5,0.5,
69195,På egen risk,2.0,6.0,,,2.0,Economic,Roll / Spin and Move,,Economic,2.0,1.0,0.5,0.5,0.6
436457,Raise the Risk,3.0,5.0,20.0,,6.0,Card Game,Trick-taking,,Card Game,1.0,1.0,0.6756639246921762,0.5,0.7351327849384353
3238,Rally: Risk and Evaluation on All Roads in the Worlds,2.0,6.0,120.0,1.75,6.63481,Racing;Sports,Modular Board;Variable Player Powers,19002.0,Racing,52.0,1.0,0.6165754530113879,0.5352614285189903,0.7462376263060756
60018,Regimental Risk,2.0,,,,,Napoleonic;Wargame,,,Napoleonic,0.0,0.0,0.5,0.5,
181,Risk,2.0,6.0,120.0,2.0595,5.60936,Territory Building;Wargame,Area Majority / Influence;Area Movement;Dice Rolling;Hand Management;Income;Player Elimination;Point to Point Movement;Set Collection;Variable Set-up,30127.0,Territory Building,39041.0,1.0,0.6165754530113879,0.6248460372453235,0.7385182980513423
2331,Spill and Spell,1.0,10.0,20.0,1.2632,5.24383,Dice;Party Game;Word Game,Dice Rolling;Real-Time;Spelling,29210.0,Dice,162.0,1.0,0.6756639246921762,0.419622408270537,0.7001530165925427
170408,Risk  Transformers: The Decepticon Invasion of Earth,2.0,4.0,60.0,,5.24333,Movies / TV / Radio theme;Science Fiction;Territory Building;Wargame,Area Majority / Influence;Area Movement;Dice Rolling;Player Elimination;Team-Based Game,27396.0,Movies / TV / Radio theme,30.0,1.0,0.8683883697146904,0.5,0.754760923942938
154432,Risk & Castle Risk,2.0,6.0,120.0,2.2,6.42195,Territory Building,Dice Rolling,,Territory Building,301.0,1.0,0.6165754530113879,0.6703200460356393,0.7679278498094054
361719,Risk & Reward,2.0,4.0,15.0,,5.6,Children's Game;Dice,Betting and Bluffing;Dice Rolling,,Children's Game,5.0,1.0,0.5897678246195884,0.5,0.7079535649239177
1963,Risk 'n' Roll 2000,2.0,6.0,20.0,1.1538,4.61773,Dice,Betting and Bluffing;Dice Rolling;Push Your Luck,30508.0,Dice,88.0,1.0,0.6756639246921762,0.3972855449639637,0.6800331439312279
37198,Risk (Revised Edition),3.0,5.0,90.0,2.1593,5.96565,Territory Building;Wargame,Area Majority / Influence;Area Movement;Dice Rolling;Player Elimination;Set Collection,6125.0,Territory Building,3650.0,1.0,0.7109813678954644,0.6568168936675445,0.7727009023126018
1829,Risk 2210 A.D.,2.0,5.0,240.0,2.7171,6.6883,Science Fiction;Territory Building;Wargame,Area Majority / Influence;Area Movement;Auction / Bidding;Dice Rolling;Variable Player Powers,1967.0,Science Fiction,7386.0,1.0,0.43688828010671776,0.868098579428758,0.7782048719070951
476757,A Risk Cat,3.0,8.0,30.0,,,Card Game,Area Majority / Influence;Push Your Luck;Set Collection;Take That,,Card Game,0.0,1.0,0.8209220690651828,0.5,
28086,Age of War,2.0,6.0,30.0,1.1493,6.43478,Ancient;Dice;Medieval;Political;Territory Building;Wargame,Dice Rolling;Die Icon Resolution;Push Your Luck;Re-rolling and Locking;Set Collection;Take That,2244.0,Ancient,9557.0,1.0,0.8209220690651828,0.39639265736303275,0.7543324452856431
154540,The Risk Factor,2.0,6.0,,1.0,4.5,Dice;Word Game,Dice Rolling;Push Your Luck,,Dice,17.0,1.0,0.5,0.36787944117144233,0.6360758882342885
449412,Risk G.I. JOE: Special Missions,2.0,4.0,120.0,3.3333,7.53846,Territory Building;Wargame,Area Majority / Influence;Area Movement;Dice Rolling,,Territory Building,13.0,1.0,0.6165754530113879,0.8464958330369299,0.8310757572096636
129485,Risk Hors Série,3.0,4.0,,,6.8,Ancient;Comic Book / Strip;Wargame,Area Majority / Influence;Player Elimination;Point to Point Movement,,Ancient,5.0,1.0,0.5,0.5,0.72
101782,Risk II (fan adaptation of Risk),3.0,8.0,180.0,,5.4375,Territory Building;Wargame,Area Majority / Influence;Area Movement;Dice Rolling;Set Collection,,Territory Building,8.0,1.0,0.5041266174373653,0.5,0.686762823487473
468787,Risk It All,2.0,6.0,60.0,,7.0,Card Game;Dice;Fantasy;Novel-based,Dice Rolling;Die Icon Resolution;Re-rolling and Locking;Take That;Variable Player Powers,,Card Game,1.0,1.0,0.8683883697146904,0.5,0.798677673942938
466154,Risk It For A Biscuit,2.0,5.0,15.0,2.0,7.0,Card Game;Children's Game,Push Your Luck,,Card Game,5.0,1.0,0.5897678246195884,0.6065306597126334,0.7642596968664443
295484,Risk Junior,2.0,4.0,60.0,1.0,4.47481,Children's Game;Nautical;Pirates,Dice Rolling;Hidden Victory Points,31026.0,Children's Game,224.0,1.0,0.8683883697146904,0.36787944117144233,0.7091238121772265
105134,Risk Legacy,3.0,5.0,60.0,2.5886,7.34602,Science Fiction;Wargame,Area Movement;Dice Rolling;Legacy Game;Open Drafting;Player Elimination;Variable Player Powers,637.0,Science Fiction,8922.0,1.0,0.8683883697146904,0.8140772628319566,0.8701436265093294
450574,Risk of Rain: The Board Game,1.0,4.0,90.0,,5.24444,Adventure;Exploration;Fighting;Science Fiction;Video Game Theme,Cooperative Game;Multiple Maps;Simultaneous Action Selection;Variable Player Powers,,Adventure,9.0,1.0,0.7109813678954644,0.5,0.7233072735790929
394144,Risk Strike,2.0,5.0,20.0,1.5,6.82008,Card Game;Dice,Dice Rolling;Set Collection,5344.0,Card Game,646.0,1.0,0.6756639246921762,0.4723665527410147,0.7501080954866381
451359,Risk the Abyss,2.0,4.0,45.0,1.0,8.6,Dice;Memory;Nautical,Area Movement;Die Icon Resolution;Different Dice Movement;Grid Movement;Pieces as Map;Push Your Luck;Re-rolling and Locking;Set Collection;Tags,,Dice,5.0,1.0,1.0,0.36787944117144233,0.8385758882342885
456612,Risk-O-Disk,2.0,99.0,,,,,Push Your Luck;Roll / Spin and Move,,,0.0,1.0,0.5,0.5,
23010,Risk: 40th Anniversary Collector's Edition,2.0,6.0,120.0,2.28,6.39477,Territory Building;Wargame,Area Majority / Influence;Area Movement;Dice Rolling;Player Elimination;Set Collection,6944.0,Territory Building,740.0,1.0,0.6165754530113879,0.697676326071031,0.7727196058164838
287083,Risk: Assassin's Creed,2.0,5.0,,,6.5,Territory Building;Video Game Theme;Wargame,Area Majority / Influence;Area Movement;Dice Rolling,,Territory Building,4.0,1.0,0.5,0.5,0.7124999999999999
311263,Risk: Asterix – Collector's Edition,2.0,5.0,,1.5,6.69231,Ancient;Comic Book / Strip;Wargame,Dice Rolling,,Ancient,13.0,1.0,0.5,0.4723665527410147,0.7117810605482029
40251,Risk: Balance of Power,2.0,2.0,60.0,2.2791,5.8065,Modern Warfare;Territory Building;Wargame,"Area Majority / Influence;Area Movement;Contracts;Dice Rolling;Hand Management;I Cut, You Choose;Income;Point to Point Movement;Set Collection;Variable Set-up",15073.0,Modern Warfare,483.0,0.0,0.8683883697146904,0.6973624423534324,0.45831266241362456
354505,Risiko!: Batman – La Caduta Di Gotham City,3.0,4.0,60.0,2.0,5.69231,Abstract Strategy;Comic Book / Strip;Movies / TV / Radio theme;Wargame,Area Majority / Influence;Dice Rolling;Worker Placement,,Abstract Strategy,13.0,1.0,0.8683883697146904,0.6065306597126334,0.7872915558854647
147523,Risk: Battlefield Rogue,2.0,4.0,90.0,1.9412,5.54695,Dice;Modern Warfare;Territory Building;Video Game Theme;Wargame,Area Majority / Influence;Campaign / Battle Card Driven;Dice Rolling,28151.0,Dice,211.0,1.0,0.7109813678954644,0.5889582386302498,0.7486616713051428
34238,Risk: Black Ops,3.0,5.0,60.0,2.7692,6.84896,Modern Warfare;Wargame,Area Majority / Influence;Area Movement;Campaign / Battle Card Driven;Dice Rolling;Player Elimination;Set Collection,13630.0,Modern Warfare,96.0,1.0,0.8683883697146904,0.8910096687490532,0.8731036076927488
270087,Risk: Call of Duty Zombies,2.0,5.0,120.0,,6.29412,Dice;Horror;Video Game Theme;Wargame;Zombies,Area Majority / Influence;Dice Rolling,,Dice,17.0,1.0,0.6165754530113879,0.5,0.7306680906022776
194496,Risk: Captain America – Civil War Edition,2.0,4.0,90.0,1.5,5.703,Comic Book / Strip;Dice;Miniatures;Movies / TV / Radio theme;Territory Building;Wargame,Area Majority / Influence;Dice Rolling;Variable Player Powers,25456.0,Comic Book / Strip,100.0,1.0,0.7109813678954644,0.4723665527410147,0.7292445841272959
344638,Risk: Deep Space,2.0,4.0,60.0,2.2,5.87368,Children's Game;Science Fiction;Wargame,Area Movement;Dice Rolling;Hand Management;Set Collection,25150.0,Children's Game,39.0,1.0,0.8683883697146904,0.6703200460356393,0.804583683150066
426483,Risk: Dune,2.0,4.0,60.0,,6.71765,Movies / TV / Radio theme;Novel-based;Science Fiction;Wargame,Area Movement;Dice Rolling;Player Elimination;Variable Player Powers,,Movies / TV / Radio theme,17.0,1.0,0.8683883697146904,0.5,0.7916189239429381
204184,Risk: Europe,2.0,4.0,180.0,2.6232,7.38235,Dice;Medieval;Territory Building;Wargame,Action Queue;Action Retrieval;Area Movement;Auction / Bidding;Dice Rolling;Force Commitment;Hand Management;Income;Player Elimination;Turn Order: Claim Action;Variable Player Powers,2287.0,Dice,1843.0,1.0,0.5041266174373653,0.8282833276301266,0.8010407390134984
179719,Risk: Game of Thrones,2.0,7.0,240.0,2.7101,6.63491,Movies / TV / Radio theme;Territory Building;Wargame,Area Majority / Influence;Area Movement;Dice Rolling;Player Elimination,3847.0,Movies / TV / Radio theme,2202.0,1.0,0.43688828010671776,0.8650655453066928,0.7762635150826821
10383,Risk: Godstorm,2.0,5.0,120.0,2.6964,6.27921,Mythology;Territory Building;Wargame,Area Majority / Influence;Area Movement;Campaign / Battle Card Driven;Dice Rolling;Player Elimination,4518.0,Mythology,2751.0,1.0,0.6165754530113879,0.8591600955781827,0.8021273597179142
13764,Over the Trenches,2.0,8.0,,1.0,3.0,Wargame;World War I,Area Majority / Influence;Area Movement;Dice Rolling;Set Collection,,Wargame,3.0,1.0,0.5,0.36787944117144233,0.5985758882342884
126789,Risk: Halo Legendary Edition,2.0,5.0,90.0,2.4167,6.38163,Science Fiction;Video Game Theme;Wargame,Area Majority / Influence;Area Movement;Dice Rolling,11852.0,Science Fiction,264.0,1.0,0.7109813678954644,0.7470299507058574,0.8011430137202644
40638,Risk: Halo Wars Collector's Edition,3.0,5.0,60.0,2.2222,6.25765,Science Fiction;Video Game Theme;Wargame,Area Majority / Influence;Area Movement;Campaign / Battle Card Driven;Dice Rolling;Set Collection,12618.0,Science Fiction,281.0,1.0,0.8683883697146904,0.6778020468297569,0.8156793333088894
184337,Risk: Marvel Cinematic Universe,2.0,5.0,60.0,1.5,5.6807,Movies / TV / Radio theme;Science Fiction;Wargame,Area Majority / Influence;Area Movement;Dice Rolling;Variable Player Powers,26940.0,Movies / TV / Radio theme,57.0,1.0,0.8683883697146904,0.4723665527410147,0.760168484491141
150049,Risk: Mass Effect – Galaxy at War Edition,2.0,5.0,90.0,2.1111,6.825,Dice;Science Fiction;Video Game Theme;Wargame,Area Majority / Influence;Dice Rolling,14187.0,Dice,116.0,1.0,0.7109813678954644,0.6411768263265802,0.791056638844409
103469,Risk: Metal Gear Solid,3.0,5.0,120.0,2.3889,7.0425,Territory Building;Video Game Theme;Wargame,Area Majority / Influence;Area Movement;Dice Rolling;Player Elimination;Set Collection,9461.0,Territory Building,248.0,1.0,0.6165754530113879,0.7367180680051857,0.7967212042033147
286125,Risk: Office Politics,2.0,4.0,120.0,1.5,3.62,Fighting;Humor,Area Majority / Influence,30256.0,Fighting,42.0,1.0,0.6165754530113879,0.4723665527410147,0.6582884011504805
388331,Risk: Peaky Blinders,2.0,5.0,120.0,,4.28571,Mafia;Mature / Adult;Movies / TV / Radio theme;Wargame,Area Movement;Dice Rolling;Player Elimination;Variable Player Powers,,Mafia,7.0,1.0,0.6165754530113879,0.5,0.6804578406022775
148036,Risk: Plants vs. Zombies,2.0,2.0,60.0,1.7857,6.20926,Fighting;Video Game Theme,Area Majority / Influence;Variable Player Powers,11141.0,Fighting,339.0,0.0,0.8683883697146904,0.5449016278329232,0.4378894995095227
318013,Risk: Processions et Marches folkloriques de l'Entre-Sambre-et-Meuse,2.0,5.0,120.0,,,Territory Building;Wargame,Area Majority / Influence;Area Movement;Dice Rolling;Player Elimination,,Territory Building,0.0,1.0,0.6165754530113879,0.5,
265948,Risk: Rick and Morty,3.0,5.0,60.0,,6.1871,Movies / TV / Radio theme;Science Fiction,Area Majority / Influence;Dice Rolling;Variable Player Powers,26619.0,Movies / TV / Radio theme,31.0,1.0,0.8683883697146904,0.5,0.7783551739429381
349769,Risk: Shadow Forces,3.0,5.0,,3.5,5.95304,Modern Warfare;Negotiation;Wargame,Legacy Game;Variable Player Powers,22285.0,Modern Warfare,92.0,1.0,0.5,0.7788007830714049,0.754586156614281
199882,Risk: Star Trek 50th Anniversary Edition,2.0,5.0,,2.3333,6.7583,Adventure;Movies / TV / Radio theme;Science Fiction;Wargame,Area Majority / Influence;Area Movement;Dice Rolling,14295.0,Adventure,106.0,1.0,0.5,0.7165193684847974,0.7622613736969595
183880,Risk: Star Wars Edition,2.0,4.0,45.0,1.8725,6.9855,Movies / TV / Radio theme;Science Fiction;Wargame,Area Majority / Influence;Area Movement;Campaign / Battle Card Driven;Dice Rolling;Hand Management;Variable Player Powers,1474.0,Movies / TV / Radio theme,4522.0,1.0,1.0,0.5690710411574229,0.8384517082314846
15045,Risk: Star Wars – Clone Wars Edition,2.0,4.0,120.0,2.2048,6.00534,Movies / TV / Radio theme;Science Fiction;Wargame,Area Majority / Influence;Area Movement;Dice Rolling,7352.0,Movies / TV / Radio theme,1804.0,1.0,0.6165754530113879,0.6719307462132019,0.757834739844918
22551,Risk: Star Wars – Original Trilogy Edition,2.0,5.0,120.0,2.1143,6.83036,Movies / TV / Radio theme;Science Fiction;Wargame,Area Majority / Influence;Area Movement;Dice Rolling;Secret Unit Deployment;Variable Player Powers,3991.0,Movies / TV / Radio theme,1182.0,1.0,0.6165754530113879,0.6422035303929257,0.7725147966808626
131261,Risk: StarCraft Collector's Edition,2.0,6.0,120.0,2.2174,6.51899,Science Fiction;Territory Building;Video Game Theme;Wargame,Area Majority / Influence;Area Movement;Dice Rolling;Player Elimination,7862.0,Science Fiction,516.0,1.0,0.6165754530113879,0.6761772724265409,0.7715252950875857
429636,Risk: Stranger Things,2.0,5.0,,,6.2,Movies / TV / Radio theme,,,Movies / TV / Radio theme,4.0,1.0,0.5,0.5,0.705
291741,Risk: The Battle for Medieval England,2.0,5.0,,2.0,6.4125,Wargame,Area Movement;Dice Rolling,,Wargame,16.0,1.0,0.5,0.6065306597126334,0.7316186319425266
149296,Risk: The Dalek Invasion of Earth,2.0,5.0,120.0,2.2857,6.07655,Movies / TV / Radio theme;Science Fiction;Territory Building;Wargame,Area Majority / Influence;Area Movement;Campaign / Battle Card Driven;Dice Rolling;Player Elimination,14927.0,Movies / TV / Radio theme,226.0,1.0,0.6165754530113879,0.6996675397319978,0.7651623485486772
275280,Risk: The Elder Scrolls V – Skyrim,2.0,5.0,60.0,1.5,6.08718,Video Game Theme,Area Majority / Influence;Area Movement,24734.0,Video Game Theme,39.0,1.0,0.8683883697146904,0.4723665527410147,0.770330484491141
4324,Risk: The Lord of the Rings,2.0,4.0,120.0,2.2695,5.94571,Adventure;Fantasy;Movies / TV / Radio theme;Novel-based;Territory Building;Wargame,Area Majority / Influence;Area Movement;Campaign / Battle Card Driven;Dice Rolling,5607.0,Adventure,5100.0,1.0,0.6165754530113879,0.6940231234070969,0.7607624652836968
8107,Risk: The Lord of the Rings Trilogy Edition,2.0,4.0,180.0,2.3619,6.57887,Adventure;Fantasy;Movies / TV / Radio theme;Novel-based;Territory Building;Wargame,Area Majority / Influence;Area Movement;Campaign / Battle Card Driven;Dice Rolling;Team-Based Game,2802.0,Adventure,4139.0,1.0,0.5041266174373653,0.7268392064374521,0.7606649147749636
147568,Risk: The Walking Dead – Survival Edition,2.0,5.0,60.0,1.96,6.47616,Horror;Movies / TV / Radio theme;Territory Building;Wargame;Zombies,Area Majority / Influence;Area Movement;Dice Rolling;Player Elimination,8174.0,Horror,507.0,1.0,0.8683883697146904,0.5945205479701944,0.804485783536977
27961,Risk: Transformers – Cybertron Battle Edition,2.0,4.0,120.0,1.8333,5.4012,Dice;Movies / TV / Radio theme;Science Fiction;Territory Building;Wargame,Area Majority / Influence;Area Movement;Campaign / Battle Card Driven;Dice Rolling,29776.0,Dice,520.0,1.0,0.6165754530113879,0.5580258452617887,0.7199502596546352
307929,"Risk: Warhammer 40,000",2.0,5.0,120.0,2.0,6.765,Science Fiction;Wargame,Area Movement;Dice Rolling;Player Elimination;Variable Player Powers,16389.0,Science Fiction,90.0,1.0,0.6165754530113879,0.6065306597126334,0.7637462225448042
1794,Risk: Édition Napoléon,2.0,5.0,120.0,2.2857,6.61319,Napoleonic;Territory Building;Wargame,Area Majority / Influence;Area Movement;Campaign / Battle Card Driven;Dice Rolling,9508.0,Napoleonic,327.0,1.0,0.6165754530113879,0.6996675397319978,0.778578348548677
2766,Jeopardy!,3.0,5.0,45.0,1.3333,5.30976,Animals;Movies / TV / Radio theme;Party Game;Sports;Trivia,Betting and Bluffing;Open Drafting,30183.0,Animals,293.0,1.0,1.0,0.4345909652639636,0.7696621930527927
12096,Riskier Was,3.0,6.0,45.0,,7.0,Children's Game;Educational;Movies / TV / Radio theme;Trivia,,,Children's Game,2.0,1.0,1.0,0.5,0.825
455218,Riskit,3.0,8.0,40.0,,6.88,Card Game,Push Your Luck,,Card Game,15.0,1.0,0.9440891630699333,0.5,0.8108178326139865
6651,Riskkapitalist,2.0,5.0,120.0,,6.88889,Economic;Negotiation,Auction / Bidding;Dice Rolling;Roll / Spin and Move;Stock Holding;Trading,,Economic,9.0,1.0,0.6165754530113879,0.5,0.7455373406022776
14061,Riskland,2.0,6.0,60.0,2.0,5.0,Educational;Trivia,Roll / Spin and Move,,Educational,1.0,1.0,0.8683883697146904,0.6065306597126334,0.7699838058854648
34050,Risky,2.0,4.0,30.0,,5.0,Dice,Dice Rolling,,Dice,1.0,1.0,0.8209220690651828,0.5,0.7391844138130366
5259,Oh Snap!,1.0,6.0,20.0,1.0339,5.40849,Action / Dexterity;Children's Game,Physical Removal,30318.0,Action / Dexterity,766.0,1.0,0.6756639246921762,0.37416814389224357,0.695178663716884
192349,Risky Adventure,2.0,4.0,45.0,1.6667,5.55534,Adventure;Dice,Dice Rolling;Point to Point Movement;Push Your Luck;Set Collection,23809.0,Adventure,349.0,1.0,1.0,0.5134256760558843,0.7915686352111768
10833,Risky Business,2.0,6.0,,1.0,2.57143,Educational,Dice Rolling,,Educational,7.0,1.0,0.5,0.36787944117144233,0.5878616382342885
12431,Risky Business,2.0,6.0,30.0,1.0,4.93846,Economic;Farming;Industry / Manufacturing,Auction / Bidding;Dice Rolling;Hand Management;Roll / Spin and Move;Stock Holding,,Economic,13.0,1.0,0.8209220690651828,0.36787944117144233,0.7112218020473251
41796,Risky Business,2.0,8.0,30.0,1.0,5.50714,Educational;Party Game;Trivia,Betting and Bluffing,,Educational,14.0,1.0,0.8209220690651828,0.36787944117144233,0.725438802047325
325349,Risky Chicken,3.0,8.0,60.0,,6.67143,Animals;Bluffing;Dice;Economic;Humor;Negotiation;Party Game,Bribery;Dice Rolling;Negotiation;Once-Per-Game Abilities;Prisoner's Dilemma;Push Your Luck;Real-Time;Simultaneous Action Selection;Variable Player Powers,,Animals,14.0,1.0,0.8683883697146904,0.5,0.790463423942938
324317,Risky Deals,2.0,6.0,90.0,,3.5,Economic,Dice Rolling;Stock Holding,,Economic,6.0,1.0,0.7109813678954644,0.5,0.6796962735790929
245635,Risky Dice,2.0,99.0,30.0,,3.25025,Dice,Dice Rolling;Push Your Luck,,Dice,4.0,1.0,0.8209220690651828,0.5,0.6954406638130366
367548,Risky ITZI,2.0,8.0,15.0,1.0,7.0,Party Game;Trivia,,,Party Game,3.0,1.0,0.5897678246195884,0.36787944117144233,0.716529453158206
368788,Risky Kittens,2.0,4.0,45.0,,3.0,Animals;Card Game,Dice Rolling;Open Drafting;Push Your Luck,,Animals,1.0,1.0,1.0,0.5,0.725
17077,Risky Mgax,2.0,2.0,30.0,,,Action / Dexterity;Card Game;Collectible Components;Humor;Party Game,Acting;Singing;Storytelling,,Action / Dexterity,0.0,0.0,0.8209220690651828,0.5,
287228,Risky Mixes,4.0,10.0,20.0,1.0,6.96313,Card Game;Children's Game;Fantasy;Humor;Party Game,Push Your Luck;Role Playing;Take That;Voting,4053.0,Card Game,1275.0,1.0,0.6756639246921762,0.36787944117144233,0.7327869231727238
93984,Sexopoly,2.0,8.0,,2.0,8.0,Action / Dexterity;Mature / Adult;Party Game,Acting;Dice Rolling;Team-Based Game,,Action / Dexterity,8.0,1.0,0.5,0.6065306597126334,0.7713061319425267
10111,Risky Roll,2.0,4.0,10.0,,,Puzzle,Pattern Recognition;Simultaneous Action Selection,,Puzzle,0.0,1.0,0.4890096469218258,0.5,
2391,Risky Strategy,2.0,6.0,45.0,1.0,5.1812,Dice;Political,Roll / Spin and Move;Voting,28142.0,Dice,50.0,1.0,1.0,0.36787944117144233,0.7531058882342885
467067,Risky Whisky: A Poisonous Party Game,4.0,10.0,30.0,,,Bluffing;Card Game;Deduction;Party Game,Deduction;Hot Potato;Once-Per-Game Abilities;Player Elimination;Roles with Asymmetric Information;Trading,,Bluffing,0.0,1.0,0.8209220690651828,0.5,
1790,Rollout: The Game of the Risk-Takers,2.0,6.0,120.0,2.125,5.64198,Economic;Negotiation,Commodity Speculation;Stock Holding,25181.0,Economic,81.0,1.0,0.6165754530113879,0.645648526427892,0.7434942958878559
378073,Russian roulette: Risk.Be_Smart.Survive!,2.0,8.0,60.0,,10.0,Card Game;Deduction,Betting and Bluffing;Deduction;Player Elimination;Push Your Luck;Simulation,,Card Game,1.0,1.0,0.8683883697146904,0.5,0.873677673942938
425433,Unlock!: Risky Adventures,1.0,6.0,120.0,2.25,7.78265,Deduction;Puzzle;Real-time,Cooperative Game;Deduction;Scenario / Mission / Campaign Game;Solo / Solitaire Game;Storytelling,7730.0,Deduction,170.0,1.0,0.6165754530113879,0.6872892787909722,0.8053391963604719
280100,Vikings Risk: The Conquest of Europe,2.0,5.0,,2.0,5.24643,Wargame,Area Majority / Influence,,Wargame,28.0,1.0,0.5,0.6065306597126334,0.7024668819425266
306925,World at Risk,3.0,7.0,70.0,,,Card Game;Napoleonic,Betting and Bluffing;Hand Management;Set Collection,,Card Game,0.0,1.0,0.8049144823791295,0.5,
154657,Angry Birds: Star Wars – Jenga Bespin Battle Game,1.0,2.0,10.0,,10.0,Action / Dexterity;Animals;Movies / TV / Radio theme;Science Fiction;Video Game Theme,,,Action / Dexterity,2.0,0.0,0.4890096469218258,0.5,0.44780192938436514
134255,Angry Birds: Star Wars – Jenga Death Star Game,1.0,2.0,,1.0,5.1697,Action / Dexterity;Animals;Children's Game;Movies / TV / Radio theme;Science Fiction;Video Game Theme,,28994.0,Action / Dexterity,99.0,0.0,0.5,0.36787944117144233,0.30281838823428847
134254,Angry Birds: Star Wars – Jenga Hoth Battle Game,1.0,2.0,,,5.22727,Action / Dexterity;Animals;Children's Game;Movies / TV / Radio theme;Science Fiction;Video Game Theme,,,Action / Dexterity,11.0,0.0,0.5,0.5,0.33068175
152971,Angry Birds: Star Wars – Jenga Rise of Darth Vader Game,1.0,2.0,,,5.7,Action / Dexterity;Animals;Children's Game;Movies / TV / Radio theme;Science Fiction;Video Game Theme,,,Action / Dexterity,20.0,0.0,0.5,0.5,0.3425
134252,Angry Birds: Star Wars – Jenga Tatooine Battle Game,1.0,2.0,,,5.51786,Action / Dexterity;Animals;Children's Game;Movies / TV / Radio theme;Science Fiction;Video Game Theme,,,Action / Dexterity,14.0,0.0,0.5,0.5,0.33794650000000004
152745,Angry Birds: Star Wars – Jenga TIE Fighter Game,1.0,2.0,,1.0,5.0,Action / Dexterity;Animals;Children's Game;Movies / TV / Radio theme;Science Fiction;Video Game Theme,,,Action / Dexterity,8.0,0.0,0.5,0.36787944117144233,0.2985758882342885
462315,Disney's Tarzan Jenga,2.0,8.0,,,,Action / Dexterity;Children's Game;Movies / TV / Radio theme;Party Game,Physical Removal;Stacking and Balancing,,Action / Dexterity,0.0,1.0,0.5,0.5,
2452,Jenga,1.0,8.0,20.0,1.0998,5.66557,Action / Dexterity;Movies / TV / Radio theme;Party Game,Physical Removal;Single Loser Game;Stacking and Balancing,10532.0,Action / Dexterity,17653.0,1.0,0.6756639246921762,0.38670235128579644,0.7041125051955945
144208,Jenga Blast,2.0,6.0,20.0,,6.5,Action / Dexterity;Party Game,,,Action / Dexterity,4.0,1.0,0.6756639246921762,0.5,0.7476327849384352
136609,Jenga BOOM,1.0,4.0,10.0,1.0,4.9968,Action / Dexterity,,30557.0,Action / Dexterity,172.0,1.0,0.4890096469218258,0.36787944117144233,0.6462978176186537
15991,Jenga Casino,2.0,8.0,30.0,1.25,5.51628,Action / Dexterity;Party Game,,26952.0,Action / Dexterity,43.0,1.0,0.8209220690651828,0.4168620196785084,0.7354638177487383
34120,Jenga Cubes,,,,1.0,5.0,Action / Dexterity;Dice,Pick-up and Deliver,,Action / Dexterity,4.0,0.0,0.5,0.36787944117144233,0.2985758882342885
42417,Jenga Girl Talk,1.0,99.0,20.0,1.0,5.32353,Action / Dexterity;Party Game,,,Action / Dexterity,17.0,1.0,0.6756639246921762,0.36787944117144233,0.6917969231727238
211002,Jenga Gold,1.0,99.0,,,4.95,Action / Dexterity,,,Action / Dexterity,10.0,1.0,0.5,0.5,0.67375
35078,Jenga Halloween Edition,2.0,2.0,,,6.36364,Action / Dexterity,,,Action / Dexterity,11.0,0.0,0.5,0.5,0.35909100000000005
6643,Jenga Jokers,1.0,,20.0,,6.69048,Action / Dexterity;Card Game,Hand Management,,Action / Dexterity,21.0,0.0,0.6756639246921762,0.5,0.4023947849384353
360740,Jenga Maker,2.0,6.0,,1.0,6.67221,Action / Dexterity,Stacking and Balancing;Team-Based Game,13773.0,Action / Dexterity,113.0,1.0,0.5,0.36787944117144233,0.6903811382342885
43890,Jenga Max,2.0,6.0,20.0,1.2,4.97545,Action / Dexterity;Party Game,,30077.0,Action / Dexterity,110.0,1.0,0.6756639246921762,0.4065696597405991,0.6908329668865552
295439,Jenga Mini,1.0,8.0,,3.0,5.93182,Action / Dexterity;Party Game,Physical Removal;Stacking and Balancing,25871.0,Action / Dexterity,44.0,1.0,0.5,1.0,0.7982954999999999
289475,Jenga Ocean,,,,,10.0,Action / Dexterity,Flicking,,Action / Dexterity,1.0,0.0,0.5,0.5,0.45
258447,Jenga Pass Challenge,2.0,8.0,30.0,,5.98654,Action / Dexterity;Party Game,,,Action / Dexterity,26.0,1.0,0.8209220690651828,0.5,0.7638479138130365
171087,Jenga Quake,1.0,99.0,10.0,1.0,5.6624,Action / Dexterity;Electronic,Single Loser Game,25782.0,Action / Dexterity,100.0,1.0,0.4890096469218258,0.36787944117144233,0.6629378176186537
20810,Jenga Ultimate,,,20.0,1.0,5.86016,Action / Dexterity;Party Game,Dice Rolling,23509.0,Action / Dexterity,125.0,0.0,0.6756639246921762,0.36787944117144233,0.35521267317272376
8915,Jenga Xtreme,2.0,8.0,20.0,1.0909,5.30444,Action / Dexterity;Party Game,,30123.0,Action / Dexterity,235.0,1.0,0.6756639246921762,0.384985348986102,0.6947408547356557
463766,Jenga: Bob's Burgers,1.0,6.0,,,,Action / Dexterity;Movies / TV / Radio theme;Party Game,Physical Removal;Stacking and Balancing,,Action / Dexterity,0.0,1.0,0.5,0.5,
331365,Jenga: Book Lovers Edition,1.0,8.0,20.0,,8.33333,Action / Dexterity;Party Game,Physical Removal;Single Loser Game;Stacking and Balancing,,Action / Dexterity,3.0,1.0,0.6756639246921762,0.5,0.7934660349384353
40797,Jenga: Boston Red Sox Collector's Edition,1.0,8.0,20.0,,6.0,Action / Dexterity;Sports,,,Action / Dexterity,5.0,1.0,0.6756639246921762,0.5,0.7351327849384353
42573,Jenga: Chicago Bears Collector's Edition,1.0,,,,6.6,Action / Dexterity;Sports,,,Action / Dexterity,5.0,0.0,0.5,0.5,0.365
42236,Jenga: Chicago Cubs Collector's Edition,1.0,8.0,20.0,,7.33333,Sports,Dice Rolling,,Sports,3.0,1.0,0.6756639246921762,0.5,0.7684660349384352
49378,Jenga: Dallas Cowboys Collector's Edition,1.0,,20.0,,7.33333,Action / Dexterity;Sports,,,Action / Dexterity,3.0,0.0,0.6756639246921762,0.5,0.41846603493843526
245614,Jenga: Disney Frozen,1.0,99.0,,1.0,6.5,Action / Dexterity;Children's Game;Movies / TV / Radio theme,Dice Rolling,,Action / Dexterity,2.0,1.0,0.5,0.36787944117144233,0.6860758882342884
333959,Jenga: Disney Theme Park Edition – Hollywood Tower Hotel,1.0,100.0,30.0,1.0,6.875,Action / Dexterity;Party Game,Physical Removal;Push Your Luck;Single Loser Game;Stacking and Balancing;Tile Placement,,Action / Dexterity,8.0,1.0,0.8209220690651828,0.36787944117144233,0.7596353020473251
37931,Jenga: Donkey Kong Collector's Edition,1.0,4.0,20.0,1.2,5.913,Action / Dexterity;Party Game;Video Game Theme,,14902.0,Action / Dexterity,380.0,1.0,0.6756639246921762,0.4065696597405991,0.7142717168865551
292569,Jenga: Fortnite,2.0,4.0,,,6.06479,Action / Dexterity;Children's Game;Video Game Theme,Stacking and Balancing,26412.0,Action / Dexterity,32.0,1.0,0.5,0.5,0.7016197499999999
331498,Jenga: Godzilla – Extreme Edition,1.0,8.0,30.0,1.0,6.65789,Action / Dexterity;Movies / TV / Radio theme,Stacking and Balancing,,Action / Dexterity,19.0,1.0,0.8209220690651828,0.36787944117144233,0.754207552047325
49174,Jenga: Harley-Davidson Collector's Edition,1.0,,20.0,,6.5,Action / Dexterity;Party Game,,,Action / Dexterity,2.0,0.0,0.6756639246921762,0.5,0.39763278493843524
340862,Jenga: Harry Potter,1.0,4.0,15.0,,6.28571,Action / Dexterity;Movies / TV / Radio theme;Party Game,,,Action / Dexterity,7.0,1.0,0.5897678246195884,0.5,0.7250963149239177
49380,Jenga: Holiday Edition,1.0,,20.0,,5.875,Action / Dexterity,,,Action / Dexterity,8.0,0.0,0.6756639246921762,0.5,0.38200778493843524
46423,Jenga: John Deere Collector's Edition,1.0,8.0,20.0,,10.0,Action / Dexterity;Party Game,Roll / Spin and Move,,Action / Dexterity,1.0,1.0,0.6756639246921762,0.5,0.8351327849384352
49377,Jenga: New England Patriots Collector's Edition,1.0,,20.0,,7.66667,Action / Dexterity;Party Game;Sports,,,Action / Dexterity,3.0,0.0,0.6756639246921762,0.5,0.42679953493843525
36845,Jenga: New York Yankees Collector's Edition,1.0,8.0,20.0,,4.5,Action / Dexterity;Party Game;Sports,,,Action / Dexterity,4.0,1.0,0.6756639246921762,0.5,0.6976327849384353
36544,Jenga: Oakland Raiders Collector's Edition,1.0,8.0,20.0,,8.0,Action / Dexterity;Party Game;Sports,,,Action / Dexterity,3.0,1.0,0.6756639246921762,0.5,0.7851327849384353
348561,Jenga: Party,2.0,99.0,,,6.0,Action / Dexterity;Party Game,Physical Removal;Single Loser Game;Stacking and Balancing,,Action / Dexterity,3.0,1.0,0.5,0.5,0.7
42574,Jenga: Philadelphia Eagles Collector's Edition,1.0,,,,7.03333,Action / Dexterity;Party Game;Sports,,,Action / Dexterity,3.0,0.0,0.5,0.5,0.37583325
36545,Jenga: Pittsburgh Steelers Collector's Edition,1.0,8.0,20.0,,7.33333,Action / Dexterity;Party Game;Sports,,,Action / Dexterity,6.0,1.0,0.6756639246921762,0.5,0.7684660349384352
147317,Jenga: Space Invaders Collector's Edition,2.0,8.0,20.0,1.0,6.1,Action / Dexterity;Party Game,,,Action / Dexterity,17.0,1.0,0.6756639246921762,0.36787944117144233,0.7112086731727237
130156,Jenga: Spider-Man,2.0,4.0,20.0,,5.91176,Action / Dexterity;Comic Book / Strip;Party Game,,,Action / Dexterity,17.0,1.0,0.6756639246921762,0.5,0.7329267849384352
327612,Jenga: Super Mario,2.0,4.0,,1.3333,6.33442,Action / Dexterity;Video Game Theme,Physical Removal;Roll / Spin and Move;Stacking and Balancing,21016.0,Action / Dexterity,77.0,1.0,0.5,0.4345909652639636,0.6952786930527927
145259,Jenga: Tetris,1.0,99.0,20.0,1.25,4.92558,Action / Dexterity;Party Game;Video Game Theme,Push Your Luck,30838.0,Action / Dexterity,245.0,1.0,0.6756639246921762,0.4168620196785084,0.6916446888741369
331366,Jenga: The Walking Dead Edition,1.0,8.0,20.0,,7.33333,Action / Dexterity;Comic Book / Strip;Movies / TV / Radio theme;Party Game;Zombies,Physical Removal;Single Loser Game;Stacking and Balancing,,Action / Dexterity,3.0,1.0,0.6756639246921762,0.5,0.7684660349384352
184293,Jenga: Transformers – Rise of the Fallen,2.0,99.0,,,5.33333,Action / Dexterity;Movies / TV / Radio theme;Party Game,Team-Based Game,,Action / Dexterity,3.0,1.0,0.5,0.5,0.68333325
8916,Jenga: Truth or Dare,2.0,8.0,20.0,1.0,5.09328,Action / Dexterity;Party Game,,30722.0,Action / Dexterity,241.0,1.0,0.6756639246921762,0.36787944117144233,0.6860406731727238
41061,Love Jenga,1.0,,10.0,1.0,4.91667,Action / Dexterity;Mature / Adult,,,Action / Dexterity,12.0,0.0,0.4890096469218258,0.36787944117144233,0.2942945676186536
12420,Throw 'n Go Jenga,1.0,99.0,15.0,1.1667,5.31942,Action / Dexterity;Children's Game;Party Game,,28641.0,Action / Dexterity,103.0,1.0,0.5897678246195884,0.3998563185612881,0.6809103286361753
17687,Bernini Mysterie,2.0,4.0,15.0,1.6,5.00821,Abstract Strategy;Novel-based,Memory,30109.0,Abstract Strategy,134.0,1.0,0.5897678246195884,0.4965853037914095,0.6924758756821996
362797,Mini Escapes: The Mystery of the Lost Cult,1.0,6.0,60.0,1.5,6.0087,Adventure;Deduction;Exploration;Memory;Puzzle,Cooperative Game;Deduction;Memory,21902.0,Adventure,92.0,1.0,0.8683883697146904,0.4723665527410147,0.768368484491141
181304,Mysterium,2.0,7.0,42.0,1.8905,7.18782,Deduction;Murder / Mystery;Party Game;Real-time,Communication Limits;Cooperative Game;Deduction;Finale Ending;Hand Management;Pattern Recognition;Real-Time;Storytelling;Voting,460.0,Deduction,49783.0,1.0,0.9668415633885689,0.5742157972029884,0.8379069721183114
113997,Tajemnicze Domostwo,2.0,7.0,60.0,1.8287,7.07465,Deduction;Murder / Mystery,Communication Limits;Cooperative Game;Finale Ending;Hand Management,1160.0,Deduction,5566.0,1.0,0.8683883697146904,0.5567438606651143,0.8118926960759609
423424,Mysterium im Kloster,1.0,4.0,75.0,2.0,5.16667,Deduction;Murder / Mystery;Puzzle,Cooperative Game;Deduction,,Deduction,9.0,1.0,0.7779866052154991,0.6065306597126334,0.7560702029856265
367206,Mysterium Kids: Captain Echo's Treasure,2.0,6.0,21.0,1.125,6.69934,Children's Game;Deduction;Horror,Communication Limits;Cooperative Game,6978.0,Children's Game,425.0,1.0,0.6915640748081247,0.391605626676799,0.7341174402969848
301767,Mysterium Park,2.0,6.0,45.0,1.4286,6.9869,Deduction;Murder / Mystery;Party Game,Communication Limits;Cooperative Game;Pattern Recognition;Roles with Asymmetric Information;Storytelling,1316.0,Deduction,5835.0,1.0,1.0,0.45580052971764595,0.8158326059435292
461166,Unlock!: Game Adventures – Mysterium,1.0,6.0,70.0,,7.55625,Deduction;Fantasy;Horror;Murder / Mystery;Puzzle;Real-time,Cooperative Game;Deduction;Real-Time;Scenario / Mission / Campaign Game,,Deduction,16.0,1.0,0.8049144823791295,0.5,0.7998891464758258
439983,The Voynich Puzzle,1.0,4.0,120.0,3.8734,7.28657,Medieval,"Contracts;Deck, Bag, and Pool Building;Pattern Building;Tile Placement",3657.0,Medieval,787.0,1.0,0.6165754530113879,0.6461652519116691,0.7847123909846114
240423,Marvel Contest of Champions: Battlerealm,3.0,6.0,45.0,2.0,5.6142,Comic Book / Strip;Dice;Fighting,Dice Rolling;Player Elimination;Push Your Luck;Variable Player Powers,26089.0,Comic Book / Strip,95.0,1.0,1.0,0.6065306597126334,0.8116611319425268
34,Arkham Horror,1.0,8.0,180.0,2.42,6.6858,Adventure;Horror;Novel-based,Cooperative Game;Role Playing;Variable Player Powers,6264.0,Adventure,594.0,1.0,0.5041266174373653,0.7482635675785652,0.7676230370031861
15987,Arkham Horror,1.0,8.0,240.0,3.5862,7.2407,Adventure;Fighting;Horror;Novel-based,Cooperative Game;Dice Rolling;Events;Finale Ending;Hand Management;Lose a Turn;Point to Point Movement;Role Playing;Solo / Solitaire Game;Stat Check Resolution;Variable Player Powers,491.0,Adventure,40546.0,1.0,0.43688828010671776,0.7459475422131382,0.7675846644639712
257499,Arkham Horror (Third Edition),1.0,6.0,180.0,3.375,7.67831,Adventure;Fighting;Horror;Novel-based,Cooperative Game;Dice Rolling;Modular Board;Point to Point Movement;Stat Check Resolution;Variable Player Powers,353.0,Adventure,11242.0,1.0,0.5041266174373653,0.8290291181804004,0.8085888971235531
285773,Arkham Horror: Final Hour,1.0,4.0,60.0,2.2642,6.45582,Adventure;Horror,Cooperative Game;Solo / Solitaire Game,4429.0,Adventure,1700.0,1.0,0.8683883697146904,0.6921863968676006,0.8235104533164582
424784,Arkham Horror: Lovecraft Letter,2.0,6.0,20.0,1.4375,7.44896,Card Game;Deduction;Horror,Deduction;Hand Management;Player Elimination;Score-and-Reset Game;Take That,2245.0,Card Game,1459.0,1.0,0.6756639246921762,0.45783336177161427,0.7629234572927581
205637,Arkham Horror: The Card Game,1.0,2.0,120.0,3.568,8.11732,Adventure;Card Game;Collectible Components;Exploration;Horror;Novel-based,Action Points;Area Movement;Communication Limits;Cooperative Game;Deck Construction;Events;Hand Management;Map Deformation;Modular Board;Player Elimination;Push Your Luck;Role Playing;Scenario / Mission / Campaign Game;Solo / Solitaire Game;Stat Check Resolution;Variable Player Powers,33.0,Adventure,48208.0,0.0,0.6165754530113879,0.7527666447061963,0.47680141954351685
463126,Arkham Horror: The Card Game,1.0,4.0,120.0,3.7826,8.70636,Card Game;Exploration;Horror;Science Fiction,Action Points;Area Movement;Communication Limits;Cooperative Game;Deck Construction;Events;Hand Management;Map Deformation;Modular Board;Player Elimination;Role Playing;Scenario / Mission / Campaign Game;Solo / Solitaire Game;Stat Check Resolution;Variable Player Powers,1755.0,Card Game,983.0,1.0,0.6165754530113879,0.6761772724265409,0.8262095450875857
359609,Arkham Horror: The Card Game (Revised Core Set),1.0,4.0,180.0,3.7401,8.55859,Adventure;Card Game;Collectible Components;Exploration;Fantasy;Horror;Novel-based,Action Points;Area Movement;Communication Limits;Cooperative Game;Deck Construction;Events;Hand Management;Map Deformation;Modular Board;Narrative Choice / Paragraph;Role Playing;Scenario / Mission / Campaign Game;Solo / Solitaire Game;Stat Check Resolution;Variable Player Powers,105.0,Adventure,6012.0,1.0,0.5041266174373653,0.6906997947842263,0.8029300324443184
412268,Aeon's End: The Descent,1.0,4.0,60.0,3.0,8.59888,Card Game;Fantasy;Fighting;Science Fiction,"Chit-Pull System;Cooperative Game;Deck, Bag, and Pool Building;Delayed Purchase;Hand Management;Open Drafting;Variable Player Powers;Variable Set-up",5382.0,Card Game,240.0,1.0,0.8683883697146904,1.0,0.938649673942938
477022,Deck Descent,1.0,99.0,60.0,,10.0,Card Game;Fantasy,Solo / Solitaire Game;Variable Player Powers,,Card Game,1.0,1.0,0.8683883697146904,0.5,0.873677673942938
150586,Descent,2.0,2.0,20.0,,6.88583,Abstract Strategy,Area Majority / Influence;Area Movement;Tile Placement,,Abstract Strategy,12.0,0.0,0.6756639246921762,0.5,0.40727853493843524
5860,Descent on Crete: May 1941,2.0,2.0,240.0,4.0,6.00286,Wargame;World War II,Dice Rolling;Hexagon Grid;Simulation,23001.0,Wargame,70.0,0.0,0.43688828010671776,0.6065306597126334,0.35875528796387024
321124,Descent on Malta,1.0,7.0,360.0,2.5,7.45455,Wargame;World War II,Solo / Solitaire Game,,Wargame,22.0,1.0,0.35696473595396155,0.7788007830714049,0.7635168538050732
17226,Descent: Journeys in the Dark,2.0,5.0,240.0,3.346,7.27432,Adventure;Exploration;Fantasy;Fighting;Miniatures,Dice Rolling;Grid Movement;Modular Board;Role Playing;Team-Based Game;Variable Player Powers,636.0,Adventure,11910.0,1.0,0.43688828010671776,0.8411376148446231,0.7874631789902682
104162,Descent: Journeys in the Dark (Second Edition),1.0,5.0,120.0,3.2169,7.60001,Adventure;Exploration;Fantasy;Fighting;Miniatures,Action Points;Dice Rolling;Grid Movement;Hand Management;Line of Sight;Map Addition;Modular Board;Movement Points;Multiple Maps;Once-Per-Game Abilities;Role Playing;Scenario / Mission / Campaign Game;Solo / Solitaire Game;Stat Check Resolution;Team-Based Game;Variable Player Powers,233.0,Adventure,26114.0,1.0,0.6165754530113879,0.8972237548832042,0.8427600915789184
322708,Descent: Legends of the Dark,1.0,4.0,180.0,2.6932,7.88423,Adventure;Fantasy;Fighting;Miniatures,Cooperative Game;Dice Rolling;Grid Movement;Modular Board;Movement Points;Role Playing;Scenario / Mission / Campaign Game;Solo / Solitaire Game;Square Grid;Variable Player Powers,496.0,Adventure,5952.0,1.0,0.5041266174373653,0.8577865385638945,0.8194883812002519
466429,Divine Descent,1.0,3.0,,,9.5,Adventure;Book;Miniatures;Science Fiction;Wargame,Dice Rolling;Measurement Movement;Role Playing;Scenario / Mission / Campaign Game;Solo / Solitaire Game,,Adventure,2.0,0.5,0.5,0.5,0.6125
4871,How to Host a Murder: The Duke's Descent,8.0,8.0,180.0,2.0,6.00417,Deduction;Murder / Mystery,Role Playing,,Deduction,24.0,0.0,0.5041266174373653,0.6065306597126334,0.37223570542999973
31846,Liberia: Descent Into Hell – The Liberian Civil War 1989-1996,2.0,2.0,300.0,3.0833,7.08571,Civil War;Modern Warfare;Political;Wargame,Area Majority / Influence;Area Movement,17723.0,Civil War,42.0,0.0,0.3909270011981531,0.9592054437333115,0.4471692389862929
270604,Mortals: Descent of the Gods,2.0,5.0,120.0,,7.92857,Mythology,Cooperative Game;Dice Rolling,,Mythology,7.0,1.0,0.6165754530113879,0.5,0.7715293406022776
6813,Operation Market Garden: Descent Into Hell,2.0,2.0,120.0,2.8889,6.82903,Wargame;World War II,Dice Rolling;Events;Grid Movement;Hexagon Grid;Hidden Movement;Movement Points;Ratio / Combat Results Table;Secret Unit Deployment;Simulation;Zone of Control,14416.0,Wargame,103.0,0.0,0.6165754530113879,0.9459647242517465,0.4832337854526269
294712,Prelude to Revolution: Russia's Descent into Anarchy 1905 - 1917,2.0,2.0,180.0,3.125,7.86161,Political;World War I,Action / Event;Action Points;Area Majority / Influence;Dice Rolling;Events,12885.0,Political,56.0,0.0,0.5041266174373653,0.9394130628134758,0.4852481860501683
456564,Red Descent: The Air and Ground Assault for Vyamza 1942,2.0,2.0,,,,Print & Play;Wargame;World War II,Hexagon Grid,,Print & Play,0.0,0.0,0.5,0.5,
440176,Stellar Descent,1.0,1.0,25.0,,7.4,Space Exploration,Campaign / Battle Card Driven;Card Play Conflict Resolution;Dice Rolling;Move Through Deck;Role Playing;Solo / Solitaire Game,,Space Exploration,1.0,0.0,0.7518094115561123,0.5,0.43536188231122247
440447,Tranquility: The Descent,1.0,5.0,40.0,2.0,8.625,Card Game;Exploration;Number,Communication Limits;Cooperative Game;Hand Management;Solo / Solitaire Game;Tile Placement,,Card Game,16.0,1.0,0.9440891630699333,0.6065306597126334,0.8757489645565133
319327,Wyrd: The Descent,1.0,1.0,30.0,1.3333,7.91667,Ancient;Dice;Exploration;Fantasy;Fighting;Horror;Print & Play,Critical Hits and Failures;Dice Rolling;Map Addition;Modular Board;Paper-and-Pencil;Push Your Luck;Role Playing;Solo / Solitaire Game;Stat Check Resolution;Storytelling,,Ancient,12.0,0.0,0.8209220690651828,0.4345909652639636,0.4490193568658293
83330,Mansions of Madness,2.0,5.0,180.0,3.2428,7.24972,Adventure;Exploration;Fantasy;Fighting;Horror;Miniatures;Murder / Mystery;Puzzle,Area Movement;Dice Rolling;Hand Management;Modular Board;Pick-up and Deliver;Role Playing;Scenario / Mission / Campaign Game;Team-Based Game;Variable Player Powers,630.0,Adventure,14059.0,1.0,0.5041266174373653,0.8856796168823051,0.809204246863934
205059,Mansions of Madness: Second Edition,1.0,5.0,180.0,2.6916,7.91207,Adventure;Exploration;Fantasy;Fighting;Horror;Miniatures;Murder / Mystery;Mythology;Novel-based;Puzzle,Action Points;Area Movement;Cooperative Game;Dice Rolling;Hand Management;Map Addition;Modular Board;Role Playing;Scenario / Mission / Campaign Game;Solo / Solitaire Game;Stat Check Resolution;Traitor Game;Variable Player Powers,79.0,Adventure,40789.0,1.0,0.5041266174373653,0.8571005837515527,0.8200471902377836
200959,1813: Napoleon's Nemesis,1.0,2.0,240.0,3.1667,7.05873,Napoleonic;Wargame,Dice Rolling;Hexagon Grid,15644.0,Napoleonic,63.0,0.0,0.43688828010671776,0.9200290806835293,0.4478517221580494
366788,Doctor Who: Nemesis,2.0,4.0,90.0,3.0,6.4707,Movies / TV / Radio theme;Science Fiction,Hand Management;Take That;Variable Player Powers,21478.0,Movies / TV / Radio theme,43.0,1.0,0.7109813678954644,1.0,0.853963773579093
3481,Nemesis,2.0,2.0,30.0,2.0,6.4125,Book;Fighting;Miniatures;Science Fiction;Wargame,Chit-Pull System;Dice Rolling;Hand Management;Variable Phase Order;Variable Player Powers,,Book,8.0,0.0,0.8209220690651828,0.6065306597126334,0.4458030457555633
20818,Nemesis,2.0,6.0,20.0,1.0,5.75,Ancient;Card Game;Fighting,Hand Management;Open Drafting,,Ancient,2.0,1.0,0.6756639246921762,0.36787944117144233,0.7024586731727238
167355,Nemesis,1.0,5.0,180.0,3.4916,8.24248,Adventure;Horror;Miniatures;Science Fiction,Action Points;Campaign / Battle Card Driven;Cooperative Game;Dice Rolling;Hand Management;Hidden Roles;Interrupts;Modular Board;Player Elimination;Scenario / Mission / Campaign Game;Semi-Cooperative Game;Solo / Solitaire Game;Team-Based Game;Traitor Game;Variable Player Powers,25.0,Adventure,38236.0,1.0,0.5041266174373653,0.7820786250099495,0.813303048489463
406548,Nemesis Collectible Card Game,2.0,2.0,30.0,,,Card Game;Collectible Components;Fighting,Card Play Conflict Resolution;Deck Construction,,Card Game,0.0,0.0,0.8209220690651828,0.5,
197076,Nemesis: Burma 1944,2.0,2.0,600.0,3.5385,7.73593,Wargame;World War II,Dice Rolling;Hexagon Grid;Simulation,9638.0,Wargame,135.0,0.0,0.27665701056995495,0.7639522437117738,0.40152010085634576
465821,Nemesis: Legacy,1.0,5.0,180.0,,5.71875,Exploration;Fighting;Horror;Miniatures;Science Fiction,Cooperative Game;Legacy Game;Narrative Choice / Paragraph;Scenario / Mission / Campaign Game;Semi-Cooperative Game,,Exploration,16.0,1.0,0.5041266174373653,0.5,0.693794073487473
310100,Nemesis: Lockdown,1.0,5.0,180.0,3.9246,8.23567,Adventure;Exploration;Horror;Miniatures;Science Fiction,Campaign / Battle Card Driven;Cooperative Game;Dice Rolling;Hidden Roles;Interrupts;Modular Board;Player Elimination;Semi-Cooperative Game;Solo / Solitaire Game;Traitor Game;Variable Player Powers,130.0,Adventure,8674.0,1.0,0.5041266174373653,0.6298333615881002,0.7826837458050931
381248,Nemesis: Retaliation,1.0,5.0,180.0,3.7794,8.66999,Exploration;Fighting;Horror;Miniatures;Science Fiction,Cooperative Game;Dice Rolling;Hidden Roles;Modular Board;Player Elimination;Semi-Cooperative Game;Solo / Solitaire Game;Traitor Game;Variable Player Powers,243.0,Exploration,4222.0,1.0,0.5041266174373653,0.6772600220311206,0.8030270778936972
57188,Nemesis: Skirmish Miniatures,2.0,4.0,120.0,2.0,6.5,Fantasy;Miniatures;Wargame,Action Points;Dice Rolling,,Fantasy,7.0,1.0,0.6165754530113879,0.6065306597126334,0.7571212225448042
201603,"Nemesis: The Battle of Abbey Ardenne, June 7 1944",1.0,2.0,120.0,,6.07143,Wargame;World War II,Dice Rolling;Hexagon Grid;Open Drafting,,Wargame,7.0,0.0,0.6165754530113879,0.5,0.3751008406022776
253964,Nemesis: TL;DR Version,2.0,3.0,10.0,,6.85,Bluffing;Card Game;Print & Play;Science Fiction,Hand Management;Memory;Player Elimination;Push Your Luck;Set Collection,,Bluffing,10.0,0.5,0.4890096469218258,0.5,0.5440519293843652
60786,Neuron Nemesis,2.0,4.0,,,,Educational;Trivia,Roll / Spin and Move,,Educational,0.0,1.0,0.5,0.5,
387538,Side Quest: Nemesis,1.0,4.0,120.0,1.625,6.81083,Adventure;Card Game;Deduction;Exploration;Puzzle;Science Fiction,Cooperative Game;Deduction;Events;Storytelling,6184.0,Adventure,469.0,1.0,0.6165754530113879,0.5028315779709409,0.7441521561964658
150376,Dead of Winter: A Crossroads Game,2.0,5.0,120.0,3.0131,7.43624,Bluffing;Deduction;Horror;Science Fiction;Zombies,Action Points;Area Movement;Dice Rolling;Hand Management;Narrative Choice / Paragraph;Push Your Luck;Scenario / Mission / Campaign Game;Semi-Cooperative Game;Storytelling;Trading;Traitor Game;Turn Order: Progressive;Variable Player Powers;Voting,256.0,Bluffing,49114.0,1.0,0.6165754530113879,0.9934714044913631,0.8579153715005502
176601,Dead of Winter: Tabletop Edition,2.0,5.0,120.0,2.8571,7.87805,Horror;Zombies,Action Points;Cooperative Game;Dice Rolling;Hand Management;Point to Point Movement;Variable Player Powers;Voting,,Horror,118.0,1.0,0.6165754530113879,0.9310428285725063,0.8564749063167788
35477,Dead of Winter: The Battle of Stones River (Second Edition),2.0,2.0,180.0,3.8261,7.31231,American Civil War;Post-Napoleonic;Wargame,Chit-Pull System;Dice Rolling;Hexagon Grid;Simulation,8638.0,American Civil War,199.0,0.0,0.5041266174373653,0.6616292005407711,0.4159589135956273
10361,"Dead of Winter: The Battle of Stones River – Murfreesboro, Tennessee",2.0,2.0,360.0,4.0,6.91091,American Civil War;Post-Napoleonic;Wargame,Hexagon Grid;Scenario / Mission / Campaign Game;Simulation,17301.0,American Civil War,55.0,0.0,0.35696473595396155,0.6065306597126334,0.365471829133319
193037,Dead of Winter: The Long Night,2.0,5.0,120.0,3.3333,7.50239,Bluffing;Deduction;Horror;Mature / Adult;Science Fiction;Zombies,Action Points;Cooperative Game;Dice Rolling;Hand Management;Narrative Choice / Paragraph;Push Your Luck;Semi-Cooperative Game;Storytelling;Trading;Traitor Game;Variable Player Powers;Voting,433.0,Bluffing,10645.0,1.0,0.6165754530113879,0.8464958330369299,0.8301740072096636
207016,Flick 'em Up!: Dead of Winter,1.0,10.0,45.0,2.1,6.59868,Action / Dexterity;Fighting;Horror;Zombies,Cooperative Game;Flicking;Team-Based Game,3297.0,Action / Dexterity,2002.0,1.0,1.0,0.6376281516217733,0.8424926303243547
