game_id,name,top_category,sim1_name,sim1_score,sim2_name,sim2_score,sim3_name,sim3_score,sim4_name,sim4_score,sim5_name,sim5_score
429373,Cola Wars,Economic,Bardagi: The Claim for Gold,0.3,The Pandemic Wars,0.231,Risk: Office Politics,0.222,Catan: Core + China Map,0.214,Catan: New Energies,0.2
462479,Timespan,Civilization,文明源记：上古传说 (The Roots of Civilization),0.286,ASHES: Blackout Protocol,0.273,Catan: Big Game Event Kit,0.2,Banker of the Gods,0.2,Crescendo Chess,0.167
207330,Hellas,Ancient,San Juan (Second Edition),0.25,Puerto Rico,0.231,Puerto Rico,0.231,Puerto Rico,0.231,Babylon: Gateway of the Gods,0.222
473658,Dino Battle!,Dice,Chezz Tactic Summoner Master,0.364,War of the Ring Collector's Edition,0.312,Glyph Chess,0.308,Dragon Dice game,0.3,Cathedr'l: Fantasy Role Playing Chess,0.286
454103,Magical Athlete,Animals,Fei Xing Qi,0.364,Exploding Kittens: The Board Game,0.308,Risky Chicken,0.3,Monopoly Junior: Peppa Pig,0.286,Pachisi,0.267
456018,Lionwake,Animals,Everdell: The Complete Collection,0.273,Age of Gods,0.267,Chezz Tactic Summoner Master,0.25,7 Gods,0.25,Slay the Spire: The Board Game,0.217
422541,Star Trek: Captain's Chair,Card Game,UNO: Star Trek,0.364,UNO: Doctor Who,0.364,Risk: Star Wars Edition,0.333,Doctor Who: Nemesis,0.333,Risk: Rick and Morty,0.333
436217,The Lord of the Rings: Fate of the Fellowship,Fantasy,Fall of Rome,0.538,Reign of Cthulhu,0.462,Pandemic: Rising Tide,0.462,Pandemic: The Cure,0.438,Pandemic Legacy: Season 0,0.375
9209,Ticket to Ride,Trains,Les Aventuriers du Rail Express,0.5,Wingspan Asia,0.357,Wondrous Creatures,0.267,Everdell,0.263,The Castles of Burgundy: The Card Game,0.25
465669,Drillers,Card Game,Lost Ruins of Arnak,0.476,Het Koninkrijk Dominion,0.357,Dominion: Intrigue,0.333,Star Trek: Captain's Chair,0.333,Aeon's End: The Descent,0.316
402276,Avalon: The Riven Veil,Adventure,Mansions of Madness: Second Edition,0.265,Gloomhaven: Buttons & Bugs,0.25,The Old King's Crown,0.25,Gloomhaven (Second Edition),0.25,Descent: Journeys in the Dark (Second Edition),0.242
437337,Abroad,Travel,Pandemic: Contagion,0.333,SETI: Search for Extraterrestrial Intelligence,0.308,Everdell,0.294,Everdell: Collector's Edition,0.286,Ticket to Ride: Europe – 15th Anniversary,0.25
455933,ASHES: Blackout Protocol,Civilization,Gaia Project,0.35,Timespan,0.273,Anunnaki: Dawn of the Gods,0.211,Terraforming Mars,0.2,SETI: Search for Extraterrestrial Intelligence,0.176
394897,Horror on the Orient Express: The Board Game,Adventure,Mansions of Madness: Second Edition,0.355,Arkham Horror: The Card Game (Revised Core Set),0.281,Arkham Horror: The Card Game,0.281,Descent: Legends of the Dark,0.269,Nemesis,0.267
418059,SETI: Search for Extraterrestrial Intelligence,Science Fiction,Entropy,0.333,Terraforming Mars: Ares Expedition,0.333,Abroad,0.308,Terraforming Mars,0.304,Gaia Project,0.286
462941,Entropy,Economic,Terraforming Mars: Ares Expedition,0.333,SETI: Search for Extraterrestrial Intelligence,0.333,Duel of Meloch,0.308,Gaia Project,0.286,Great Western Trail: Argentina,0.267
443306,Deckers,Science Fiction,Aeon's End: The Descent,0.353,Voidfall,0.333,Nemesis: Retaliation,0.316,Power Rangers: Heroes of the Grid,0.294,Nemesis: Lockdown,0.286
342942,Ark Nova,Animals,Everdell,0.458,Everdell: The Complete Collection,0.417,Sanctuary,0.409,Terraforming Mars,0.379,Terraforming Mars: Ares Expedition,0.357
224517,Brass: Birmingham,Age of Reason,Энергосеть: Россия (Power Grid: Russia),0.304,Power Grid,0.304,Power Grid: Outpost,0.292,Terraforming Mars: Ares Expedition,0.267,Power Grid Deluxe: Europe/North America,0.261
414317,Harmonies,Animals,Sanctuary,0.467,Azul: Summer Pavilion,0.357,Ark Nova,0.348,Azul Duel,0.333,Azul: Stained Glass of Sintra,0.312
456236,Queen Alice,Novel-based,Scrabble: Dr. Seuss,0.273,The Adventure Store,0.273,Lost Ruins of Arnak,0.263,100 Swords: The Gold King's Dungeon,0.25,UNO: The Wizard of Oz,0.25
473508,Wingspan Pocket,Animals,UNO: American Kennel Club,0.75,UNO: Horses,0.75,UNO: The Dog,0.75,UNO: Shark Week,0.75,King Size UNO,0.6
468395,Everdell Journeys,Animals,Wingspan Pocket,0.429,Everdell Silverfrost,0.4,Everdell Farshore,0.4,Everdell Emerland,0.4,Ascension: Deckbuilding Game,0.375
424981,Eternal Decks,Card Game,Alpha Team Mechanized Battle Force Go!,0.357,Hanabi,0.357,Aeon's End: The Descent,0.353,Hanabi Deluxe: What a Show!,0.286,Dominion: Intrigue,0.286
437246,Catvale,Adventure,The Elder Scrolls: Betrayal of the Second Era,0.231,Descent: Journeys in the Dark (Second Edition),0.226,Descent: Journeys in the Dark,0.217,Descent: Legends of the Dark,0.192,Arkham Horror: The Card Game (Revised Core Set),0.182
357873,The Old King's Crown,Card Game,Dominion: Big Box,0.455,100 Swords: The Gold King's Dungeon,0.4,Ascension: Deckbuilding Game,0.364,Dominion: Big Box,0.364,Dominion: Special Edition,0.364
11,Bohnanza,Card Game,Monopoly: The Card Game,0.444,UNO: John Deere Edition,0.375,Qwirkle Cards,0.375,Hanabi: Festival,0.375,5211,0.333
425549,Moon Colony Bloodbath,Card Game,Het Koninkrijk Dominion,0.3,Dominion: Intrigue,0.273,Aeon's End: The Descent,0.267,Alpha Team Mechanized Battle Force Go!,0.25,Dominion: Second Edition,0.25
427388,Tend,Animals,Agricola: Family Edition,0.2,Angry Birds: Star Wars – Jenga Bespin Battle Game,0.182,UNO Moo!,0.182,Scrabble Duplicate Crossword Game,0.182,Angry Birds: Star Wars – Jenga Tatooine Battle Game,0.167
449018,Gunsen: The Battle for Toshi Ranbo,Fighting,"Nemesis: The Battle of Abbey Ardenne, June 7 1944",0.3,Catan: 25 Jahre Jubiläums-Edition,0.286,The Elder Scrolls: Betrayal of the Second Era,0.278,Magical Athlete,0.267,Power Rangers: Heroes of the Grid,0.267
417197,Rebirth,Environmental,Terraforming Mars: The Dice Game,0.294,Carcassonne: The Castle,0.273,Terraforming Mars,0.261,Lunar Chess,0.231,Black God's Gambit,0.222
397598,Dune: Imperium – Uprising,Movies / TV / Radio theme,Lost Ruins of Arnak,0.296,Drillers,0.25,Agricola (Revised Edition),0.24,Agricola 15,0.231,Deckers,0.217
162886,Spirit Island,Environmental,Gloomhaven (Second Edition),0.312,Slay the Spire: The Board Game,0.292,The Lord of the Rings: Fate of the Fellowship,0.286,Deckers,0.273,Eternal Decks,0.273
312484,Lost Ruins of Arnak,Adventure,Drillers,0.476,Everdell,0.32,Everdell: Collector's Edition,0.318,Dune: Imperium – Uprising,0.296,Wingspan,0.292
366013,Heat: Pedal to the Metal,Racing,Great Western Trail: Argentina,0.294,Great Western Trail: El Paso,0.278,Great Western Trail: New Zealand,0.278,Great Western Trail: Second Edition,0.25,1500 Gold,0.214
167791,Terraforming Mars,Civilization,Gaia Project,0.48,Ark Nova,0.379,Scythe,0.323,Voidfall,0.32,SETI: Search for Extraterrestrial Intelligence,0.304
371942,The White Castle,Dice,The Castles of Burgundy,0.308,A Dream of Splendor in Song Dynasty,0.261,Entropy,0.261,The Castles of Burgundy,0.259,7 Wonders Duel,0.258
359871,Arcs,Science Fiction,Risk: Star Wars Edition,0.5,Risk: Marvel Cinematic Universe,0.375,Risk: Star Wars – Original Trilogy Edition,0.353,Risk: Halo Wars Collector's Edition,0.353,Risk 2210 A.D.,0.353
470760,The Adventure Store,Card Game,100 Swords: The Gold King's Dungeon,0.5,Dungeon Keeper Unofficial Card Game,0.5,Ascension: Deckbuilding Game,0.444,Aeon's End: The Descent,0.429,Dominion: Big Box,0.4
266192,Wingspan,Animals,Sanctuary,0.412,Welcome to Everdell,0.375,The Castles of Burgundy: The Card Game,0.357,Everdell: The Complete Collection,0.35,Everdell: Collector's Edition,0.333
237182,Root,Animals,Risk,0.364,War of the Ring: Second Edition,0.346,War of the Ring,0.333,Risk: Balance of Power,0.333,Risk: Europe,0.308
367966,Endeavor: Deep Sea,Environmental,The Elder Scrolls: Betrayal of the Second Era,0.25,Descent: Journeys in the Dark (Second Edition),0.241,Spirit Island,0.231,Mansions of Madness: Second Edition,0.226,Horizons of Spirit Island,0.214
338960,Slay the Spire: The Board Game,Adventure,Elden Ring: Dominion of Rot,0.5,Descent: Legends of the Dark,0.4,Gloomhaven: Buttons & Bugs,0.381,Marvel Champions: The Card Game,0.381,Aeon's End: The Descent,0.368
420033,Vantage,Adventure,The Elder Scrolls: Betrayal of the Second Era,0.389,Codenames: Critical Role Adventures,0.357,Slay the Spire: The Board Game,0.333,Descent: Legends of the Dark,0.333,Divine Descent,0.333
285774,Marvel Champions: The Card Game,Card Game,Slay the Spire: The Board Game,0.381,"Chess-a-tete, Classic Edition",0.333,Nemesis Collectible Card Game,0.333,Arkham Horror: The Card Game (Revised Core Set),0.321,Arkham Horror: The Card Game,0.321
356080,The Elder Scrolls: Betrayal of the Second Era,Adventure,Vantage,0.389,Descent: Legends of the Dark,0.381,Descent: Journeys in the Dark,0.368,Codenames: Critical Role Adventures,0.333,Mansions of Madness,0.333
14996,Ticket to Ride: Europe,Trains,Les Aventuriers du Rail Express,0.5,Wingspan Asia,0.357,Wondrous Creatures,0.267,Everdell,0.263,The Castles of Burgundy: The Card Game,0.25
63888,Innovation,Card Game,UNO: Colors Rule,0.3,UNO: All Wild!,0.3,UNO Triple Play,0.273,UNO: Ghostbusters,0.273,UNO Flex!,0.273
337627,Voidfall,Civilization,Gaia Project,0.364,Deckers,0.333,Duel of Meloch,0.333,Terraforming Mars,0.32,Twilight Imperium,0.316
400366,Wondrous Creatures,Fantasy,Everdell: The Complete Collection,0.412,Everdell,0.389,Everdell Farshore,0.385,Everdell Emerland,0.385,Everdell Silverfrost,0.385
123386,Baden-Württemberg Catan,Negotiation,Catan Geographies: Germany,0.833,Catan Histories: Rise of the Inkas,0.833,Catan 3D Collector's Edition,0.714,Catan Histories: Settlers of America – Trails to Rails,0.625,A Game of Thrones: Catan – Brotherhood of the Watch,0.625
5824,The Kids of Catan,Children's Game,Monopoly Junior: Lemonade,0.5,Prinzessin Mix-Max,0.4,Monopoly: Crazy Cash,0.4,Monopoly Junior,0.4,Monopoly Junior: Eloise's Rawther Exciting Globetrotting Adventure,0.4
13,Catan,Economic,A Game of Thrones: Catan – Brotherhood of the Watch,0.333,Brass: Pittsburgh,0.292,Brass: Birmingham,0.241,Brass: Lancashire,0.241,Power Grid,0.238
17419,Catan 3D Collector's Edition,Negotiation,Catan Geographies: Germany,0.857,Baden-Württemberg Catan,0.714,A Game of Thrones: Catan – Brotherhood of the Watch,0.667,Catan Histories: Rise of the Inkas,0.625,Die Siedler von Catan: Junior,0.6
278,Catan Card Game,Card Game,Rivals for Catan: Deluxe,0.7,Rivals for Catan,0.636,Struggle for Catan,0.4,Anima: Twilight of the Gods,0.364,Anima: Beyond Good and Evil,0.364
451387,Catan Connect,Economic,Catan 3D Collector's Edition,0.353,A Game of Thrones: Catan – Brotherhood of the Watch,0.333,Die Siedler von Catan: Junior,0.316,Baden-Württemberg Catan,0.312,Catan Histories: Rise of the Inkas,0.294
27710,Catan Dice Game,Dice,16 lueurs d'hiver,0.571,7 Dice Wonders,0.5,UNO Dice Game,0.5,Risk Strike,0.5,Monopoly Express,0.429
47410,Catan Dice Game Deluxe Edition,Dice,UNO Dice Game,0.6,Risk Strike,0.6,7 Dice Wonders,0.571,Happy Double: No Risk No Run!,0.5,Agricola Express,0.5
38749,Catan Geographies: Germany,Negotiation,Catan 3D Collector's Edition,0.857,Baden-Württemberg Catan,0.833,Catan Histories: Rise of the Inkas,0.714,Die Siedler von Catan: Junior,0.667,Catan Histories: Settlers of America – Trails to Rails,0.556
103091,Catan Histories: Merchants of Europe,Civilization,Baden-Württemberg Catan,0.571,A Game of Thrones: Catan – Brotherhood of the Watch,0.556,Catan Geographies: Germany,0.5,Catan 3D Collector's Edition,0.444,Die Siedler von Catan: Junior,0.364
244144,Catan Histories: Rise of the Inkas,Negotiation,Baden-Württemberg Catan,0.833,Catan Geographies: Germany,0.714,Catan 3D Collector's Edition,0.625,A Game of Thrones: Catan – Brotherhood of the Watch,0.556,Die Siedler von Catan: Junior,0.5
67239,Catan Histories: Settlers of America – Trails to Rails,Civilization,Baden-Württemberg Catan,0.625,A Game of Thrones: Catan – Brotherhood of the Watch,0.6,Catan Geographies: Germany,0.556,Catan 3D Collector's Edition,0.5,Die Siedler von Catan: Junior,0.417
25234,Catan Histories: Struggle for Rome,Ancient,"Agricola: Roman Campaign in Britain, AD 82-84",0.4,Attila: Scourge O'God,0.333,Alaric the Goth: Fall of the Western Roman Empire,0.286,7 Dice Wonders,0.222,A Game of Thrones: Catan – Brotherhood of the Watch,0.2
229218,A Game of Thrones: Catan – Brotherhood of the Watch,Civilization,Catan: Big Box,0.875,Catan: Big Box,0.875,Catan: Big Box,0.875,Catan: Big Box,0.875,Catan: Big Box Jubileumeditie,0.875
184842,Catan Junior,Children's Game,Die Siedler von Catan: Junior,0.556,Monopoly Junior: Eloise's Rawther Exciting Globetrotting Adventure,0.5,Monopoly: Crazy Cash,0.5,Monopoly Junior: Super Mario,0.5,Bisnes,0.5
140743,Catan Junior Madagascar,Animals,UNO Dice,0.429,Monopoly Junior: Kung Fu Panda 3,0.429,Monopoly Junior: Peppa Pig,0.4,Jenga: Disney Frozen,0.375,Monopoly Junior: Shopkins,0.375
269978,Catan Junior Mitbringspiel,Children's Game,The Ants Go Marching,1.0,Dino Dig: Risky Sites,0.5,Magnetism Intelligence Strategy Game,0.5,800 Pound Gorilla,0.5,Patchwork Garden,0.5
91534,Struggle for Catan,Card Game,UNO: Coca-Cola,0.5,UNO: Limited Too It's A Girl's World,0.5,UNO: 30 Year Anniversary Edition,0.5,UNO Spin,0.5,UNO: Royal Revenge,0.5
27766,Die Siedler von Catan: Junior,Children's Game,Catan Geographies: Germany,0.667,Catan 3D Collector's Edition,0.6,Baden-Württemberg Catan,0.556,Catan Junior,0.556,Catan Histories: Rise of the Inkas,0.5
66056,Rivals for Catan,Card Game,Catan Card Game,0.636,Cardcassonne,0.556,Anima: Beyond Good and Evil,0.444,Dominion: Big Box,0.444,Dominion (Second Edition) Big Box,0.444
298278,Catan: 25 Jahre Jubiläums-Edition,Negotiation,A Game of Thrones: Catan – Brotherhood of the Watch,0.385,Gunsen: The Battle for Toshi Ranbo,0.286,Twilight Imperium: Second Edition,0.263,Monopoly Speed,0.235,Deckers,0.235
305668,Catan: 25th Anniversary Edition,Economic,A Game of Thrones: Catan – Brotherhood of the Watch,0.357,Monopoly Speed,0.294,Riskkapitalist,0.286,Gaia Project,0.273,Twilight Imperium: Fourth Edition,0.267
338697,Catan: 3D Edition,Economic,A Game of Thrones: Catan – Brotherhood of the Watch,0.385,Monopoly Speed,0.312,Riskkapitalist,0.308,Gaia Project,0.286,Monopoly World,0.286
161527,Catan: Ancient Egypt,Civilization,A Game of Thrones: Catan – Brotherhood of the Watch,0.625,Riskkapitalist,0.333,Monopoly City,0.273,Monopoly Junior: Disney Channel,0.273,Monopoly: Branson Edition,0.273
182880,Catan: Big Box,Civilization,A Game of Thrones: Catan – Brotherhood of the Watch,0.875,Twilight Imperium: Second Edition,0.312,Riskkapitalist,0.273,Twilight Imperium,0.267,Bohnanza,0.25
191710,Catan: Big Box,Civilization,A Game of Thrones: Catan – Brotherhood of the Watch,0.875,Twilight Imperium: Second Edition,0.312,Riskkapitalist,0.273,Twilight Imperium,0.267,Bohnanza,0.25
269980,Catan: Big Box,Civilization,A Game of Thrones: Catan – Brotherhood of the Watch,0.875,Twilight Imperium: Second Edition,0.312,Riskkapitalist,0.273,Twilight Imperium,0.267,Bohnanza,0.25
394723,Catan: Big Box,Civilization,A Game of Thrones: Catan – Brotherhood of the Watch,0.875,Twilight Imperium: Second Edition,0.312,Riskkapitalist,0.273,Twilight Imperium,0.267,Bohnanza,0.25
265030,Catan: Big Box Jubileumeditie,Civilization,A Game of Thrones: Catan – Brotherhood of the Watch,0.875,Twilight Imperium: Second Edition,0.312,Riskkapitalist,0.273,Twilight Imperium,0.267,Bohnanza,0.25
194097,Catan: Big Game Event Kit,Civilization,Anti-Monopoly III: Washington-Moskau,0.25,East vs. West (Chess),0.25,A Game of Thrones: Catan – Brotherhood of the Watch,0.25,Monopoly: Blackpink,0.2,Monopoly Secret Vault,0.2
181471,Catan: Chocolate Edition,Civilization,A Game of Thrones: Catan – Brotherhood of the Watch,0.625,Bohnanza,0.3,Monopoly Białystok,0.25,Ticket to Ride: Ghost Train,0.25,Ticket to Ride: London,0.25
284815,Catan: Core + China Map,Animals,Advance to Boardwalk,0.4,Monopoly Junior: Peppa Pig,0.333,Risky Business,0.308,Black Gold,0.3,Black Gold,0.3
394739,Catan: Das Duell – Die Big Box,Card Game,Cardcassonne,0.625,Dominion: Big Box,0.5,Anima: Twilight of the Gods,0.5,Anima: Beyond Good and Evil,0.5,Dominion: Special Edition,0.5
358858,Catan: Dawn of Humankind,Civilization,A Game of Thrones: Catan – Brotherhood of the Watch,0.25,Twilight Imperium: Second Edition,0.235,Dino Battle!,0.231,1813: Napoleon's Nemesis,0.222,Against All Odds: Battle for the Golan Heights,0.222
203219,Rivals for Catan: Deluxe,Card Game,Catan Card Game,0.7,Anima: Beyond Good and Evil,0.5,Anima: Twilight of the Gods,0.5,15 Go!,0.429,Wingspan Pocket,0.375
147240,Catan: Family Edition,Negotiation,A Game of Thrones: Catan – Brotherhood of the Watch,0.75,Riskkapitalist,0.3,Bohnanza,0.273,Twilight Imperium: Second Edition,0.25,Monopoly: Branson Edition,0.25
325333,Catan: First Adventure,Children's Game,The Ants Go Marching,0.5,Boo Boo (SUPER PIG) GO TO CITY,0.333,Dragon Chess,0.333,The Brass Age: Invasion,0.333,Guard the Hive's Golden Treasure!,0.333
250619,Catan: Het Duel Big Box,Card Game,Cardcassonne,0.625,Dominion: Big Box,0.5,Anima: Twilight of the Gods,0.5,Anima: Beyond Good and Evil,0.5,Dominion: Special Edition,0.5
125921,Catan: Junior,Children's Game,Risk Junior,0.571,Bisnes,0.429,Monopoly Junior: Super Mario,0.429,Monopoly Junior: Shopkins,0.429,Monopoly Junior: Lemonade,0.375
408727,Catan: New Energies,Civilization,Bardagi: The Claim for Gold,0.364,The Castles of Burgundy: The Dice Game,0.312,Gaia Project,0.286,A Game of Thrones: Catan – Brotherhood of the Watch,0.286,Twilight Imperium: Fourth Edition,0.276
464675,Catan: On the Road,Card Game,UNO: Limited Too It's A Girl's World,0.333,UNO: New York City,0.333,UNO: National Parks,0.333,Hot Death Uno,0.333,UNO Blast,0.333
3972,Catan: Portable Edition,City Building,A Game of Thrones: Catan – Brotherhood of the Watch,0.778,Monopoly City,0.308,Twilight Imperium: Second Edition,0.294,Riskkapitalist,0.25,Twilight Imperium,0.25
282853,Catan: Starfarers,Exploration,Twilight Imperium: Second Edition,0.375,Twilight Imperium,0.333,Dominions of Supremacy,0.3,Twilight Imperium: Fourth Edition,0.296,Twilight Imperium: Third Edition,0.261
383481,Catan: Starfarers Duel,Space Exploration,Stellar Descent,0.25,Jenga: Chicago Cubs Collector's Edition,0.25,APBA Professional Golf,0.25,Risky Business,0.25,Risk & Castle Risk,0.25
172994,Catan: Traveler – Compact Edition,Civilization,A Game of Thrones: Catan – Brotherhood of the Watch,0.438,Brass: Pittsburgh,0.25,Root: Jeu de base + La Rivière,0.222,Root,0.214,Twilight Imperium: Second Edition,0.208
822,Carcassonne,Medieval,Blokus Duo,0.364,Go,0.333,Othello,0.3,New World: A Carcassonne Game,0.3,Qwirkle,0.273
142057,Carcassonne Big Box,City Building,Carcassonne Müller Exklusiv-Edition,1.0,Carcassonne inklusive Händler & Baumeister,0.8,Carcassonne Limited Edition,0.75,Carcassonne für 2,0.6,Carcassonne Demo,0.571
141008,Carcassonne Big Box 2,City Building,Carcassonne Big Box 3,1.0,Carcassonne Müller Exklusiv-Edition,1.0,Carcassonne Big Box 4,0.8,Carcassonne inklusive Händler & Baumeister,0.8,Carcassonne Limited Edition,0.75
141007,Carcassonne Big Box 3,City Building,Carcassonne Big Box 2,1.0,Carcassonne Müller Exklusiv-Edition,1.0,Carcassonne Big Box 4,0.8,Carcassonne inklusive Händler & Baumeister,0.8,Carcassonne Limited Edition,0.75
140711,Carcassonne Big Box 4,City Building,Carcassonne inklusive Händler & Baumeister,1.0,Carcassonne Big Box 7,0.833,Carcassonne Big Box 6,0.833,Carcassonne Big Box 3,0.8,Carcassonne Big Box 2,0.8
164127,Carcassonne Big Box 5,City Building,Carcassonne Big Box 7,0.857,Carcassonne Demo,0.75,Carcassonne Big Box 4,0.714,Carcassonne inklusive Händler & Baumeister,0.714,Carcassonne Big Box 6,0.625
230914,Carcassonne Big Box 6,City Building,Carcassonne inklusive Händler & Baumeister,0.833,Carcassonne Big Box 4,0.833,Carcassonne Big Box 7,0.714,Carcassonne Big Box 2,0.667,Carcassonne für 2,0.667
364405,Carcassonne Big Box 7,City Building,Carcassonne Demo,0.857,Carcassonne Big Box 5,0.857,Carcassonne Big Box 4,0.833,Carcassonne inklusive Händler & Baumeister,0.833,Carcassonne Big Box 6,0.714
358124,Mists over Carcassonne,Medieval,Carcassonne Limited Edition,0.5,Carcassonne Big Box 2,0.4,Carcassonne Big Box,0.4,Carcassonne Müller Exklusiv-Edition,0.4,Carcassonne Big Box 3,0.4
137492,Carcassonne Demo,City Building,Carcassonne Big Box 7,0.857,Carcassonne Big Box 5,0.75,Carcassonne Big Box 4,0.714,Carcassonne inklusive Händler & Baumeister,0.714,Carcassonne Big Box 6,0.625
182082,Carcassonne: Over Hill and Dale,Farming,Agricola Express,0.333,UNO Rummy-Up,0.333,Azul Kids,0.333,Scrabble and Yahtzee,0.286,Kham Khom,0.25
16216,Carcassonne: The Discovery,Exploration,New World: A Carcassonne Game,0.8,4 Gods,0.286,Descent,0.286,Icehouse: The Martian Chess Set,0.273,Konkvest,0.25
230751,Carcassonne für 2,Medieval,Carcassonne inklusive Händler & Baumeister,0.8,Carcassonne Big Box 4,0.8,Carcassonne Limited Edition,0.75,Carcassonne Big Box 6,0.667,Carcassonne Big Box 7,0.667
41010,My First Carcassonne,Children's Game,Scrabble Switch-Up,0.375,Scrabble Sentence Game for Juniors,0.333,RooTile,0.333,Mists over Carcassonne,0.333,Carcassonne Limited Edition,0.333
161729,Carcassonne inklusive Händler & Baumeister,City Building,Carcassonne Big Box 4,1.0,Carcassonne Big Box 6,0.833,Carcassonne Big Box 7,0.833,Carcassonne Big Box 2,0.8,Carcassonne Big Box,0.8
58798,Cardcassonne,Card Game,Catan: Das Duell – Die Big Box,0.625,Catan: Het Duel Big Box,0.625,Dominion (Second Edition) Big Box,0.571,Dominion: Special Edition,0.571,Dominion: Big Box,0.571
469594,Carcassonne Labyrinth,Maze,My First Carcassonne,0.286,Blokus Duo,0.267,Carcassonne Big Box 6,0.267,Carcassonne Big Box 7,0.267,Carcassonne Big Box 5,0.25
154094,Carcassonne Limited Edition,Medieval,Carcassonne für 2,0.75,Carcassonne Müller Exklusiv-Edition,0.75,Carcassonne Big Box 3,0.75,Carcassonne Big Box 2,0.75,Carcassonne Big Box,0.75
34615,New World: A Carcassonne Game,Exploration,Carcassonne: The Discovery,0.8,Carcassonne für 2,0.6,Carcassonne: Winter Edition,0.6,Carcassonne: Amazonas,0.571,Carcassonne inklusive Händler & Baumeister,0.5
147782,Carcassonne Müller Exklusiv-Edition,City Building,Carcassonne Big Box,1.0,Carcassonne Big Box 3,1.0,Carcassonne Big Box 2,1.0,Carcassonne Big Box 4,0.8,Carcassonne inklusive Händler & Baumeister,0.8
89952,Carcassonne: 10 Year Special Edition,City Building,Lunar Chess,0.375,Descent,0.333,New World: A Carcassonne Game,0.333,4 Gods,0.333,The Voynich Puzzle,0.286
329954,Carcassonne: 20th Anniversary Edition,City Building,Lunar Chess,0.444,New World: A Carcassonne Game,0.429,Catan: Het Duel Big Box,0.3,Catan: Das Duell – Die Big Box,0.3,Rivals for Catan,0.273
206940,Carcassonne: Amazonas,Animals,New World: A Carcassonne Game,0.571,Lunar Chess,0.273,Icehouse: The Martian Chess Set,0.231,The Castles of Burgundy,0.222,4 Gods,0.222
12902,Carcassonne: The City,City Building,Lunar Chess,0.375,Descent,0.333,New World: A Carcassonne Game,0.333,4 Gods,0.333,The Voynich Puzzle,0.286
45748,Carcassonne: Wheel of Fortune,City Building,New World: A Carcassonne Game,0.5,Catan: Das Duell – Die Big Box,0.333,Catan: Het Duel Big Box,0.333,Lunar Chess,0.333,Rivals for Catan,0.3
89953,Carcassonne: The Dice Game,City Building,Risky Dice,0.75,High Risk,0.75,7s 11s: A Fast Paced Dice Game of Chance & Risk Taking,0.75,The Risk Factor,0.6,Risk 'n' Roll 2000,0.6
7717,Carcassonne: The Castle,City Building,Lunar Chess,0.333,New World: A Carcassonne Game,0.286,4 Gods,0.286,Descent,0.286,Rebirth,0.273
183453,Carcassonne: Demo-Spiel,Medieval,The Voynich Puzzle,0.4,Kham Khom,0.333,Scrabble Speed,0.333,Scrabble: Chocolate Edition,0.333,Scrabble Overturn,0.333
147303,Carcassonne: South Seas,Economic,Anti-Monopoly II,0.333,Sea Chess,0.333,Monopoly Chance,0.333,Descent,0.286,Monopoly Junior: Trek Alaska,0.286
131014,Carcassonne: Winter Edition,Medieval,New World: A Carcassonne Game,0.6,4 Gods,0.333,Descent,0.333,Icehouse: The Martian Chess Set,0.3,Risk G.I. JOE: Special Missions,0.286
163370,Carcassonne: Gold Rush,American West,New World: A Carcassonne Game,0.5,Lunar Chess,0.333,4 Gods,0.286,Descent,0.286,Icehouse: The Martian Chess Set,0.273
4390,Carcassonne: Hunters and Gatherers,Prehistoric,Blokus Duo,0.364,Go,0.333,Othello,0.3,New World: A Carcassonne Game,0.3,Qwirkle Flex,0.273
362009,Argentina (fan expansion for Ticket to Ride),Expansion for Base-game,Melbourne (fan expansion for Ticket to Ride),0.571,1878 Gotland: Railways in the Baltic Sea,0.333,1869: The Golden Spike,0.222,Ticket to Ride Demo,0.222,Les Aventuriers du Rail Express,0.2
347224,Melbourne (fan expansion for Ticket to Ride),Expansion for Base-game,Argentina (fan expansion for Ticket to Ride),0.571,1869: The Golden Spike,0.25,Ticket to Ride Demo,0.25,Les Aventuriers du Rail Express,0.222,1878 Gotland: Railways in the Baltic Sea,0.222
244525,Ticket to Ride Demo,Trains,Les Aventuriers du Rail Express,0.833,Ticket to Ride Legacy: Legends of the West,0.333,Catan Histories: Settlers of America – Trails to Rails,0.3,Wingspan Pocket,0.286,Baden-Württemberg Catan,0.25
258140,Les Aventuriers du Rail Express,Trains,Ticket to Ride Demo,0.833,Ticket to Ride: London,0.833,Ticket to Ride: San Francisco,0.833,Ticket to Ride: New York,0.833,Ticket to Ride: Europe – 15th Anniversary,0.75
390092,Ticket to Ride Legacy: Legends of the West,American West,Les Aventuriers du Rail Express,0.417,Ticket to Ride Demo,0.333,Wingspan Asia,0.312,Everdell,0.238,Wondrous Creatures,0.235
160069,Ticket to Ride: 10th Anniversary,Trains,Les Aventuriers du Rail Express,0.75,Wondrous Creatures,0.286,Wingspan Asia,0.286,The Castles of Burgundy: The Card Game,0.273,Cardcassonne,0.273
309113,Ticket to Ride: Amsterdam,Trains,Les Aventuriers du Rail Express,0.556,Wondrous Creatures,0.286,Wingspan Asia,0.286,Everdell,0.278,Cardcassonne,0.273
388036,Ticket To Ride: Berlin,Trains,Les Aventuriers du Rail Express,0.5,Wingspan Asia,0.357,Wondrous Creatures,0.267,Everdell,0.263,Cardcassonne,0.25
329841,Ticket to Ride: Europe – 15th Anniversary,Trains,Les Aventuriers du Rail Express,0.75,Wondrous Creatures,0.286,Wingspan Asia,0.286,The Castles of Burgundy: The Card Game,0.273,Cardcassonne,0.273
218208,Ticket to Ride: First Journey (Europe),Children's Game,Les Aventuriers du Rail Express,0.571,Barbie: Go Shopping!,0.5,Dino Dig: Risky Sites,0.4,Splendor Kids,0.4,UNO Choo-Choo,0.375
205125,Ticket to Ride: First Journey (U.S.),Children's Game,Les Aventuriers du Rail Express,0.571,Barbie: Go Shopping!,0.5,Dino Dig: Risky Sites,0.4,Splendor Kids,0.4,UNO Choo-Choo,0.375
225244,Ticket to Ride: Germany,Trains,Les Aventuriers du Rail Express,0.714,The Castles of Burgundy: The Card Game,0.333,1878 Gotland: Railways in the Baltic Sea,0.333,Cardcassonne,0.333,Splendor: AsmOPlay Kit,0.286
366488,Ticket to Ride: Ghost Train,Children's Game,Les Aventuriers du Rail Express,0.571,Barbie: Go Shopping!,0.5,Dino Dig: Risky Sites,0.4,Splendor Kids,0.4,UNO Choo-Choo,0.375
276894,Ticket to Ride: London,Trains,Les Aventuriers du Rail Express,0.833,Cardcassonne,0.375,The Castles of Burgundy: The Card Game,0.375,Hanabi: Festival,0.333,Splendor: AsmOPlay Kit,0.333
21348,Ticket to Ride: Märklin,Trains,Les Aventuriers du Rail Express,0.625,Iberia,0.357,Cardcassonne,0.3,The Castles of Burgundy: The Card Game,0.3,1878 Gotland: Railways in the Baltic Sea,0.3
253284,Ticket to Ride: New York,Trains,Les Aventuriers du Rail Express,0.833,Cardcassonne,0.375,The Castles of Burgundy: The Card Game,0.375,Hanabi: Festival,0.333,Splendor: AsmOPlay Kit,0.333
31627,Ticket to Ride: Nordic Countries,Trains,Les Aventuriers du Rail Express,0.714,Wingspan Asia,0.333,Cardcassonne,0.333,The Castles of Burgundy: The Card Game,0.333,Monopoly Chance,0.286
371140,Ticket to Ride: Northern Lights,Trains,Les Aventuriers du Rail Express,0.5,Wingspan Asia,0.357,Wondrous Creatures,0.267,Everdell,0.263,Cardcassonne,0.25
403221,Ticket to Ride: Paris,Trains,Les Aventuriers du Rail Express,0.5,Wingspan Asia,0.357,Wondrous Creatures,0.267,Everdell,0.263,Cardcassonne,0.25
202670,Ticket to Ride: Rails & Sails,Nautical,Les Aventuriers du Rail Express,0.625,Cardcassonne,0.3,The Castles of Burgundy: The Card Game,0.3,18RoyalGorge: The Rails of Fremont County and the Royal Gorge Wars,0.273,Iberia,0.267
362541,Ticket to Ride: San Francisco,Trains,Les Aventuriers du Rail Express,0.833,Cardcassonne,0.375,The Castles of Burgundy: The Card Game,0.375,Hanabi: Festival,0.333,Splendor: AsmOPlay Kit,0.333
34127,Ticket to Ride: The Card Game,Card Game,Qwirkle Cards,0.6,Hanabi: Festival,0.6,Hanabi Deluxe II,0.571,Hanabi & Ikebana,0.571,Hanabi Deluxe: What a Show!,0.5
375090,3rd World Labour: Pandemic Edition,City Building,Business Game Amersfoort,0.417,Carcassonne: The Dice Game,0.333,Monopoly Express,0.3,Wingspan Asia,0.286,The American Goldrush 1849,0.273
329712,American Pandemic: The Party Card Game,Card Game,Shot in the Dark: The Ultimate Unorthodox Quiz Game,0.333,Batman: Gotham City Sem Lei,0.333,Monopoly: The Card Game,0.3,Monopoly Białystok,0.3,Body Be Gone,0.3
30549,Pandemic,Medical,Iberia,0.45,Fall of Rome,0.421,Reign of Cthulhu,0.368,The Lord of the Rings: Fate of the Fellowship,0.35,Ark Nova,0.276
314040,Pandemic Legacy: Season 0,Medical,Iberia,0.5,Reign of Cthulhu,0.5,The Lord of the Rings: Fate of the Fellowship,0.375,Fall of Rome,0.375,Dead of Winter: Tabletop Edition,0.312
161936,Pandemic Legacy: Season 1,Environmental,Iberia,0.471,Reign of Cthulhu,0.467,Fall of Rome,0.353,The Lord of the Rings: Fate of the Fellowship,0.353,Dead of Winter: Tabletop Edition,0.294
221107,Pandemic Legacy: Season 2,Environmental,Iberia,0.421,Reign of Cthulhu,0.412,Fall of Rome,0.316,The Lord of the Rings: Fate of the Fellowship,0.316,Dead of Winter: Tabletop Edition,0.263
466784,The Pandemic Wars,Card Game,Monopoly: Board Crawl,0.455,More Roots,0.333,Rummy Roots,0.333,Monopoly Millionaire Deal Card Game,0.333,Monopoly Bid,0.3
157789,Pandemic: Contagion,Card Game,Chess & Balance,0.429,UNO: The National Parks Edition,0.4,UNO: Royal Revenge,0.4,Uno: Super Bowl XL Steelers Special Edition,0.4,Giant UNO,0.4
192153,Reign of Cthulhu,Horror,Pandemic: Hot Zone – North America,0.636,Dead of Winter: Tabletop Edition,0.5,Pandemic: Rising Tide,0.5,Pandemic Legacy: Season 0,0.5,Iberia,0.5
260428,Fall of Rome,Ancient,The Lord of the Rings: Fate of the Fellowship,0.538,Iberia,0.467,Pandemic: Rising Tide,0.462,Dead of Winter: Tabletop Edition,0.462,Pandemic: Hot Zone – North America,0.462
329670,Pandemic: Hot Zone – Europe,Medical,Iberia,0.385,Reign of Cthulhu,0.364,Dead of Winter: Tabletop Edition,0.364,Fall of Rome,0.333,Decktet-Uno,0.286
301919,Pandemic: Hot Zone – North America,Medical,Reign of Cthulhu,0.636,Iberia,0.615,Fall of Rome,0.462,Dead of Winter: Tabletop Edition,0.385,The Lord of the Rings: Fate of the Fellowship,0.357
198928,Iberia,Medical,Pandemic: Hot Zone – North America,0.615,Pandemic: Rising Tide,0.5,Pandemic Legacy: Season 0,0.5,Reign of Cthulhu,0.5,Pandemic Legacy: Season 1,0.471
280789,Pandemic: Rapid Response,Dice,Hivemind,0.3,Risk It All,0.286,Batman: The Animated Series – Gotham City Under Siege,0.267,Escape Box: Risk,0.25,Spill and Spell,0.25
234671,Pandemic: Rising Tide,Environmental,Reign of Cthulhu,0.5,Iberia,0.5,The Lord of the Rings: Fate of the Fellowship,0.462,Fall of Rome,0.462,Dead of Winter: Tabletop Edition,0.286
150658,Pandemic: The Cure,Dice,Fall of Rome,0.438,The Lord of the Rings: Fate of the Fellowship,0.438,Iberia,0.389,Risky Adventure,0.357,Batman: The Animated Series – Gotham City Under Siege,0.353
324628,People Vs Pandemic,Print & Play,Mortals: Descent of the Gods,0.4,Birdie!: Golf Nano Game,0.333,Dominion At Dawn,0.333,Big Time Golf,0.286,Agricola Express,0.286
214032,Founders of Gloomhaven,City Building,Everdell: The Complete Collection,0.273,Everdell: Collector's Edition,0.25,Spirit Island,0.24,Terraforming Mars: The Dice Game,0.227,Everdell Farshore,0.222
174430,Gloomhaven,Adventure,Descent: Journeys in the Dark (Second Edition),0.432,Descent: Legends of the Dark,0.353,Arkham Horror: The Card Game (Revised Core Set),0.317,Arkham Horror: The Card Game,0.286,Mansions of Madness: Second Edition,0.279
390478,Gloomhaven (Second Edition),Adventure,Descent: Journeys in the Dark (Second Edition),0.394,Descent: Legends of the Dark,0.393,Slay the Spire: The Board Game,0.345,Arkham Horror: The Card Game (Revised Core Set),0.343,Descent: Journeys in the Dark,0.333
393672,Gloomhaven: Buttons & Bugs,Adventure,Descent: Legends of the Dark,0.381,Slay the Spire: The Board Game,0.381,Descent: Journeys in the Dark (Second Edition),0.333,Elden Ring: Dominion of Rot,0.316,Marvel Champions: The Card Game,0.304
291457,Gloomhaven: Jaws of the Lion,Adventure,Descent: Journeys in the Dark (Second Edition),0.441,Descent: Legends of the Dark,0.355,Arkham Horror: The Card Game (Revised Core Set),0.316,Slay the Spire: The Board Game,0.312,Arkham Horror: The Card Game,0.282
328871,Terraforming Mars: Ares Expedition,Card Game,7 Wonders,0.37,Ark Nova,0.357,San Juan,0.348,Gaia Project,0.346,SETI: Search for Extraterrestrial Intelligence,0.333
296108,Terraforming Mars: The Dice Game,Dice,Voidfall,0.3,Rebirth,0.294,Catan: Core + China Map,0.294,Wingspan Asia,0.278,The Castles of Burgundy,0.273
366161,Wingspan Asia,Animals,Monopoly Express,0.364,Risky Kittens,0.364,Ticket to Ride,0.357,Ticket to Ride: Northern Lights,0.357,Ticket to Ride: Paris,0.357
271512,5211,Card Game,Qwirkle Cards,0.75,Hanabi: Festival,0.75,The Armor of God,0.6,Barbie: Go Shopping!,0.6,UNO H2O Splash,0.6
230802,Azul,Abstract Strategy,Patchwork Express,0.357,Stack'n Stuff: A Patchwork Game,0.357,UNO Rummy-Up,0.333,Qwirkle,0.333,Qwirkle Flex,0.333
431038,Azul Duel,Abstract Strategy,UNO Rummy-Up,0.4,Azul Kids,0.4,UNO Dominos,0.333,Puzzle Board Chess,0.333,Harmonies,0.333
473359,Azul Kids,Abstract Strategy,Puzzle Board Chess,0.6,UNO Rummy-Up,0.429,Egg Chess,0.4,Branches and Twigs and Thorns,0.4,Azul Duel,0.4
19254,Blue and Gray,Abstract Strategy,Let's Catch the Lion!,0.444,Oriental Chess,0.429,Quest-Chess,0.429,Plum Chess,0.429,Near Chess,0.429
41572,Azul y Rojo,Civil War,Iron & Brass,0.455,Pacific War Naval Chess Game,0.385,Descent on Crete: May 1941,0.364,Nemesis: Burma 1944,0.364,The Battle of Khalkhin Gol,0.357
363247,Azul: Master Chocolatier,Abstract Strategy,Puzzle Board Chess,0.429,UNO Dominos,0.429,Qwirkle Trio,0.375,Qwirkle Mega Pack,0.375,Stack'n Stuff: A Patchwork Game,0.364
346965,Azul: Queen's Garden,Abstract Strategy,UNO Rummy-Up,0.444,UNO Dominos,0.375,Puzzle Board Chess,0.375,Qwirkle Mega Pack,0.333,Qwirkle Trio,0.333
256226,Azul: Stained Glass of Sintra,Abstract Strategy,UNO Rummy-Up,0.364,Harmonies,0.312,Puzzle Board Chess,0.3,UNO Dominos,0.3,Patchwork Express,0.286
287954,Azul: Summer Pavilion,Abstract Strategy,UNO Rummy-Up,0.444,Puzzle Board Chess,0.375,UNO Dominos,0.375,Harmonies,0.357,Patchwork Express,0.333
111636,Azuleo,Puzzle,Puzzle Board Chess,0.667,Scrabble Rebus,0.5,4 Gods,0.5,Azul Kids,0.4,Scrabble: Chocolate Edition,0.333
38547,Azules y grises,American Civil War,"Dead of Winter: The Battle of Stones River – Murfreesboro, Tennessee",0.5,The Battle of Changde: Operation Yo Go,0.5,"A Battle, Furious, Bloody, Repulsive, Crimson, Gory, Boisterous, Manly, Rough, Fierce, Unmerciful, and Hostile",0.5,Black Gold (Texas Tea),0.5,Dead of Winter: The Battle of Stones River (Second Edition),0.429
4561,Carrera de Mente,Party Game,WaveLength,0.75,Risky ITZI,0.667,Risky Business,0.4,Jenga: Transformers – Rise of the Fallen,0.4,Shot in the Dark: The Ultimate Unorthodox Quiz Game,0.4
108877,Detetive Júnior Turma da Mônica,Deduction,Batman: Gotham City Mystery,0.667,The Aussie Gold Rush Game,0.5,Monopoly & Clue: Deluxe Vintage 2-in-1 Game Collection,0.4,Risk-O-Disk,0.333,10-4 Good Buddy: The CB Game,0.333
364867,Haphazard: Azulea Awakens,Adventure,City of Brass: a game of colonial exploration,0.235,Descent: Journeys in the Dark (Second Edition),0.192,Arkham Horror: The Card Game (Revised Core Set),0.185,Vantage,0.176,2012: Godswake,0.176
451365,Misión Azul: Aqua Rescate,Animals,Wingspan,0.267,Hive Alive,0.25,Bee Good,0.25,Wingspan Asia,0.231,Animal Merry-Go-Round Motor Skill Game,0.222
357173,Mystery Party in the Box: Bajo la Luna Azul,Mafia,Monopoly & Clue: Deluxe Vintage 2-in-1 Game Collection,0.429,How to Host a Murder: The Duke's Descent,0.333,An Evening of Murder: Dead of Winter,0.286,Mysterium im Kloster,0.286,SherBlock: Uno Scandalo in Boemia,0.25
50445,"Red Dog, Blue Dog",Animals,By Golly!,0.571,Ziege mit Fliege,0.5,UNO Junior,0.5,UNO Choo-Choo,0.5,"Button, Button, who's got Bear's Button?",0.5
427087,Perspectives Blue,American West,Mysterium im Kloster,0.5,Tajemnicze Domostwo,0.4,Mysterium Park,0.333,EXIT: The Game – Kidnapped in Fortune City,0.333,EXIT: The Game – The Forgotten Island,0.333
245654,Railroad Ink: Deep Blue Edition,Dice,7 Wonders Dice,0.385,Catan Dice Game,0.364,16 lueurs d'hiver,0.333,The Castles of Burgundy: The Dice Game,0.312,UNO Dice Game,0.273
57660,Time's Up! Edición Azul,Humor,Codenames: Disney – Family Edition,0.417,Codenames: Pictures,0.4,Jenga: Transformers – Rise of the Fallen,0.375,Purple Ronnie's Risks and Rhymes,0.375,WaveLength,0.375
404286,A Dream of Splendor in Song Dynasty,City Building,Rivals for Catan,0.286,The White Castle,0.261,Brass Empire,0.25,Dominion (Second Edition) Big Box,0.25,Dominion: Big Box,0.25
15549,Roulette,Number,Bingo,0.286,UNO Wild Jackpot,0.25,Liar's UNO,0.25,UNO H2O,0.25,Scrabble Poker,0.2
148228,Splendor,Card Game,스플렌더: Pokémon (Splendor: Pokémon),0.667,Express Monopoly Card Game,0.5,Monopoly Millionaire Deal Card Game,0.375,Brass Empire,0.333,Monopoly Deal: No Mercy,0.333
364073,Splendor Duel,Card Game,스플렌더: Pokémon (Splendor: Pokémon),0.667,Express Monopoly Card Game,0.5,Monopoly Millionaire Deal Card Game,0.375,Brass Empire,0.333,Monopoly Deal: No Mercy,0.333
453472,Splendor Kids,Children's Game,Dino Dig: Risky Sites,1.0,Baby Shark Let's Go Hunt Game,0.667,Batman Gotham City In Danger!,0.5,The Ants Go Marching,0.5,Scrabble People Letter-Matching Board Game,0.5
191361,Splendor: AsmOPlay Kit,Card Game,UNO Express,0.667,Monopoly Deal London,0.6,Express Monopoly Card Game,0.6,15 Go!,0.5,Hanabi: Festival,0.5
293296,Splendor: Marvel,Card Game,스플렌더: Pokémon (Splendor: Pokémon),0.667,Express Monopoly Card Game,0.5,Monopoly Millionaire Deal Card Game,0.375,Marvel Root for Groot,0.333,Monopoly Deal: No Mercy,0.333
427248,大宋百商图：过年好！(A Dream of Splendor in Song Dynasty: Happy New Year!),City Building,Rivals for Catan,0.267,The White Castle,0.25,Brass Empire,0.231,Dominion: Special Edition,0.231,Dominion: Big Box,0.231
430804,西安繁华录 (Splendor of Xi'an),Dice,Monopoly Junior: Peppa Pig,0.444,Costco Monopoly,0.444,Fei Xing Qi,0.429,Monopoly Express,0.429,Bisnes,0.429
406291,스플렌더: Pokémon (Splendor: Pokémon),Card Game,Splendor: Marvel,0.667,Splendor,0.667,Splendor Duel,0.667,Express Monopoly Card Game,0.444,UNO: Pokemon Sun & Moon,0.4
143085,7 Dice Wonders,Ancient,Catan Dice Game Deluxe Edition,0.571,Agricola Express,0.5,Catan Dice Game,0.5,Scrabblers Roll & Write,0.444,Risk Strike,0.375
68448,7 Wonders,Ancient,Terraforming Mars: Ares Expedition,0.37,Alpha Team Mechanized Battle Force Go!,0.286,San Juan,0.28,San Juan (Second Edition),0.273,Everdell: The Complete Collection,0.269
316377,7 Wonders (Second Edition),Ancient,Monopoly Millionaire Deal Card Game,0.364,Alpha Team Mechanized Battle Force Go!,0.357,Monopoly Bid,0.333,Monopoly Deal: No Mercy,0.333,Monopoly Deal Pocket,0.333
446231,7 Wonders Dice,Ancient,The Castles of Burgundy: The Dice Game,0.462,Railroad Ink: Deep Blue Edition,0.385,7 Dice Wonders,0.364,Patchwork Doodle,0.333,UNO Dice Game,0.333
173346,7 Wonders Duel,Ancient,Terraforming Mars: Ares Expedition,0.31,Everdell,0.296,Gaia Project,0.276,San Juan,0.269,Everdell: The Complete Collection,0.259
346703,7 Wonders: Architects,Ancient,Assembly of the Gods,0.333,Splendor: AsmOPlay Kit,0.333,Nemesis,0.25,Hnefatafl,0.25,Ticket to Ride: London,0.25
36218,Dominion,Card Game,Ascension: Deckbuilding Game,0.444,Aeon's End: The Descent,0.429,Cardcassonne,0.4,UNO: All Wild!,0.375,UNO: Colors Rule,0.375
64777,Dominion,Abstract Strategy,Chess 2000,1.0,Square Routes,1.0,Root Down,1.0,ROOT\G: boardgame,1.0,Chess-kers,1.0
216849,Dominion (Second Edition) Big Box,Card Game,Het Koninkrijk Dominion,0.833,Ascension: Deckbuilding Game,0.667,Cardcassonne,0.571,100 Swords: The Gold King's Dungeon,0.5,Wingspan Pocket,0.5
392446,Dominion At Dawn,Print & Play,Iron & Brass,0.667,Iron & Brass: Duel,0.5,Dominion of the Stars,0.444,Risk: Mass Effect – Galaxy at War Edition,0.429,Risk: Star Wars – Clone Wars Edition,0.429
466144,Dominion of Cavaliers and Roundheads: Fight Battles of the English Civil War Solo Game,Book,Dominion of the Trenches: Fight Battles of World War One – Solo Game,0.7,Dominion of Sombreros and Dynamite: Fight Battles of the Mexican Revolution Solo Game,0.7,Dominion of the Roses: Fight Battles of the Wars of the Roses Solo Game,0.636,Dominion of the Red and White: Fight Battles of the Russian Civil War – Solo Game,0.6,Dominion of Napoleon Bonaparte: Fight Battles of the Napoleonic Wars – Solo Game,0.6
445926,Dominion of Frederick the Great: War of Austrian Succession & 7 Years War – Solo Game,Age of Reason,Dominion of Marlborough and Peter the Great,0.75,Dominion of Rice and Napalm: NAM – Fight Battles of the Vietnam War: Solo Game,0.75,"Dominion of the Claymore, Tomahawk and Talwar",0.667,Dominion of the Red and White: Fight Battles of the Russian Civil War – Solo Game,0.556,Dominion of Patriots and Redcoats: Fight Battles of the American War of Independence – Solo Game,0.556
448634,Dominion of Marlborough and Peter the Great,Age of Reason,"Dominion of the Claymore, Tomahawk and Talwar",0.875,Dominion of Frederick the Great: War of Austrian Succession & 7 Years War – Solo Game,0.75,Dominion of Pike and Shot,0.75,Dominion of Patriots and Redcoats: Fight Battles of the American War of Independence – Solo Game,0.75,Dominion of the Spear and Bayonet: Fight Battles of the Colonial Era – Solo Game,0.667
449961,Dominion of Napoleon Bonaparte: Fight Battles of the Napoleonic Wars – Solo Game,Book,Dominion of the Red and White: Fight Battles of the Russian Civil War – Solo Game,0.75,Dominion of the Orc: Fight Fantasy Battles – Solo Game,0.667,Dominion of the Trenches: Fight Battles of World War One – Solo Game,0.667,Dominion of the Blue and Grey: Fight Battles of the American Civil War – Solo Game,0.667,Dominion of Sombreros and Dynamite: Fight Battles of the Mexican Revolution Solo Game,0.667
451897,Dominion of Otto von Bismarck: Fight Battles from the Crimea to Sedan – Solo Game,Book,Dominion of the Orc: Fight Fantasy Battles – Solo Game,0.778,Dominion of the Blue and Grey: Fight Battles of the American Civil War – Solo Game,0.778,Dominion of the Spear and Bayonet: Fight Battles of the Colonial Era – Solo Game,0.778,Dominion of the Blitzkrieg WWII: Fight Battles of the Early 2nd World War – Solo Game,0.7,Dominion of the Spear,0.7
448047,Dominion of Patriots and Redcoats: Fight Battles of the American War of Independence – Solo Game,American Revolutionary War,Dominion of Marlborough and Peter the Great,0.75,Dominion of Pike and Shot,0.75,Dominion of Otto von Bismarck: Fight Battles from the Crimea to Sedan – Solo Game,0.667,Dominion of the Orc: Fight Fantasy Battles – Solo Game,0.667,Dominion of the Blue and Grey: Fight Battles of the American Civil War – Solo Game,0.667
440258,Dominion of Pike and Shot,Book,Dominion of Marlborough and Peter the Great,0.75,Dominion of Patriots and Redcoats: Fight Battles of the American War of Independence – Solo Game,0.75,Dominion of the Orc: Fight Fantasy Battles – Solo Game,0.667,Dominion of the Spear and Bayonet: Fight Battles of the Colonial Era – Solo Game,0.667,Dominion of Otto von Bismarck: Fight Battles from the Crimea to Sedan – Solo Game,0.667
462964,Dominion of Rice and Napalm: NAM – Fight Battles of the Vietnam War: Solo Game,Book,Dominion of Frederick the Great: War of Austrian Succession & 7 Years War – Solo Game,0.75,Dominion of Pike and Shot,0.556,Dominion of Patriots and Redcoats: Fight Battles of the American War of Independence – Solo Game,0.556,Dominion of the Red and White: Fight Battles of the Russian Civil War – Solo Game,0.556,Dominion of Marlborough and Peter the Great,0.556
477603,Dominion of Sombreros and Dynamite: Fight Battles of the Mexican Revolution Solo Game,Book,Dominion of the Roses: Fight Battles of the Wars of the Roses Solo Game,0.889,Dominion of the Red and White: Fight Battles of the Russian Civil War – Solo Game,0.875,Dominion of the Trenches: Fight Battles of World War One – Solo Game,0.778,Dominion of Cavaliers and Roundheads: Fight Battles of the English Civil War Solo Game,0.7,Dominion of Napoleon Bonaparte: Fight Battles of the Napoleonic Wars – Solo Game,0.667
459557,Dominion of the Blitzkrieg WWII: Fight Battles of the Early 2nd World War – Solo Game,Book,Dominion of the Orc: Fight Fantasy Battles – Solo Game,0.7,Dominion of Otto von Bismarck: Fight Battles from the Crimea to Sedan – Solo Game,0.7,Dominion of the Blue and Grey: Fight Battles of the American Civil War – Solo Game,0.7,Dominion of the Spear,0.636,Dominion of the Red and White: Fight Battles of the Russian Civil War – Solo Game,0.6
453210,Dominion of the Blue and Grey: Fight Battles of the American Civil War – Solo Game,American Civil War,Dominion of the Orc: Fight Fantasy Battles – Solo Game,0.778,Dominion of Otto von Bismarck: Fight Battles from the Crimea to Sedan – Solo Game,0.778,Dominion of the Spear,0.7,Dominion of the Blitzkrieg WWII: Fight Battles of the Early 2nd World War – Solo Game,0.7,Dominion of Patriots and Redcoats: Fight Battles of the American War of Independence – Solo Game,0.667
445691,"Dominion of the Claymore, Tomahawk and Talwar",Age of Reason,Dominion of Marlborough and Peter the Great,0.875,Dominion of the Spear and Bayonet: Fight Battles of the Colonial Era – Solo Game,0.778,Dominion of Pike and Shot,0.667,Dominion of Frederick the Great: War of Austrian Succession & 7 Years War – Solo Game,0.667,Dominion of Patriots and Redcoats: Fight Battles of the American War of Independence – Solo Game,0.667
131518,Dominion of the Gods,Fantasy,ChessMage: Deck of the Myriad Shards,1.0,それでも勇者は行く (The Brave Still Go Around),1.0,Boba Goba,0.5,The Assault on Goblintown,0.5,Arith Magica: Adventures in Gossamyr,0.5
475568,Dominion of the Orc: Fight Fantasy Battles – Solo Game,Book,Dominion of Otto von Bismarck: Fight Battles from the Crimea to Sedan – Solo Game,0.778,Dominion of the Blue and Grey: Fight Battles of the American Civil War – Solo Game,0.778,Dominion of the Blitzkrieg WWII: Fight Battles of the Early 2nd World War – Solo Game,0.7,Dominion of the Spear,0.7,Dominion of the Red and White: Fight Battles of the Russian Civil War – Solo Game,0.667
456198,Dominion of the Red and White: Fight Battles of the Russian Civil War – Solo Game,Book,Dominion of Sombreros and Dynamite: Fight Battles of the Mexican Revolution Solo Game,0.875,Dominion of the Roses: Fight Battles of the Wars of the Roses Solo Game,0.778,Dominion of Napoleon Bonaparte: Fight Battles of the Napoleonic Wars – Solo Game,0.75,Dominion of the Orc: Fight Fantasy Battles – Solo Game,0.667,Dominion of the Trenches: Fight Battles of World War One – Solo Game,0.667
473231,Dominion of the Roses: Fight Battles of the Wars of the Roses Solo Game,Book,Dominion of Sombreros and Dynamite: Fight Battles of the Mexican Revolution Solo Game,0.889,Dominion of the Red and White: Fight Battles of the Russian Civil War – Solo Game,0.778,Dominion of the Trenches: Fight Battles of World War One – Solo Game,0.7,Dominion of the Spear,0.636,Dominion of Cavaliers and Roundheads: Fight Battles of the English Civil War Solo Game,0.636
463640,Dominion of the Sherman and T-34 WWII: Fight Battles of the late 2nd World War – Solo Game,Wargame,Ardennes Snow: A Roll & Go Wargame,0.714,Dominion of the Blitzkrieg WWII: Fight Battles of the Early 2nd World War – Solo Game,0.6,Dominion of the Blue and Grey: Fight Battles of the American Civil War – Solo Game,0.5,Dominion of the Orc: Fight Fantasy Battles – Solo Game,0.5,Dominion of the Trenches: Fight Battles of World War One – Solo Game,0.5
436649,Dominion of the Spear,Ancient,Dominion of the Blue and Grey: Fight Battles of the American Civil War – Solo Game,0.7,Dominion of the Orc: Fight Fantasy Battles – Solo Game,0.7,Dominion of Otto von Bismarck: Fight Battles from the Crimea to Sedan – Solo Game,0.7,Dominion of the Blitzkrieg WWII: Fight Battles of the Early 2nd World War – Solo Game,0.636,Dominion of the Roses: Fight Battles of the Wars of the Roses Solo Game,0.636
445692,Dominion of the Spear and Bayonet: Fight Battles of the Colonial Era – Solo Game,American Indian Wars,"Dominion of the Claymore, Tomahawk and Talwar",0.778,Dominion of Otto von Bismarck: Fight Battles from the Crimea to Sedan – Solo Game,0.778,Dominion of Marlborough and Peter the Great,0.667,Dominion of Patriots and Redcoats: Fight Battles of the American War of Independence – Solo Game,0.667,Dominion of Pike and Shot,0.667
253382,Dominion of the Stars,Card Game,Dominion At Dawn,0.444,Dominions of Supremacy,0.4,Iron & Brass,0.364,Dead of Winter: The Battle of Stones River (Second Edition),0.333,Twilight Imperium,0.312
457068,Dominion of the Trenches: Fight Battles of World War One – Solo Game,Book,Dominion of Sombreros and Dynamite: Fight Battles of the Mexican Revolution Solo Game,0.778,Dominion of the Roses: Fight Battles of the Wars of the Roses Solo Game,0.7,Dominion of Cavaliers and Roundheads: Fight Battles of the English Civil War Solo Game,0.7,Dominion of the Red and White: Fight Battles of the Russian Civil War – Solo Game,0.667,Dominion of Napoleon Bonaparte: Fight Battles of the Napoleonic Wars – Solo Game,0.667
142131,Dominion: Big Box,Card Game,Ascension: Deckbuilding Game,0.833,100 Swords: The Gold King's Dungeon,0.667,Anima: Twilight of the Gods,0.571,Anima: Beyond Good and Evil,0.571,Cardcassonne,0.5
142132,Dominion: Big Box,Card Game,Ascension: Deckbuilding Game,0.667,Cardcassonne,0.571,Catan: Das Duell – Die Big Box,0.5,Wingspan Pocket,0.5,Catan: Het Duel Big Box,0.5
275626,Dominion: Einsteiger-Bigbox,Card Game,Ascension: Deckbuilding Game,0.444,Aeon's End: The Descent,0.429,Cardcassonne,0.4,UNO: All Wild!,0.375,UNO: Colors Rule,0.375
40834,Dominion: Intrigue,Card Game,Ascension: Deckbuilding Game,0.5,Aeon's End: The Descent,0.462,Cardcassonne,0.444,Catan: Het Duel Big Box,0.4,Catan: Das Duell – Die Big Box,0.4
209418,Dominion: Second Edition,Card Game,Ascension: Deckbuilding Game,0.444,Aeon's End: The Descent,0.429,Cardcassonne,0.4,UNO: All Wild!,0.375,UNO: Colors Rule,0.375
149083,Dominion: Special Edition,Card Game,Ascension: Deckbuilding Game,0.667,Cardcassonne,0.571,Catan: Das Duell – Die Big Box,0.5,Wingspan Pocket,0.5,Catan: Het Duel Big Box,0.5
41501,Dominions of Supremacy,Civilization,Hive Wars!,0.5,Twilight Imperium,0.417,Dominion of the Stars,0.4,Twilight Imperium: Second Edition,0.357,"A Battle, Furious, Bloody, Repulsive, Crimson, Gory, Boisterous, Manly, Rough, Fierce, Unmerciful, and Hostile",0.333
449873,Elden Ring: Dominion of Rot,Adventure,Slay the Spire: The Board Game,0.5,Descent: Legends of the Dark,0.412,Vantage,0.333,Gloomhaven: Buttons & Bugs,0.316,Gloomhaven (Second Edition),0.296
223767,Galactic Warlords: Battle for Dominion,Space Exploration,Risk: Marvel Cinematic Universe,0.364,Twilight Imperium,0.333,Risk Legacy,0.333,Risk 2210 A.D.,0.333,Risk: Star Wars – Original Trilogy Edition,0.333
450334,Iron Scales: Sky Dominion,Aviation / Flight,72 (ななじゅうに) (72 Demons of Goetia),0.286,Ankh: Gods of Egypt,0.261,"Unmatched: Battle of Legends, Volume One",0.25,War of the Ring: The Game of Middle Earth,0.235,"Chess-a-tete, Classic Edition",0.235
184207,Het Koninkrijk Dominion,Card Game,Dominion (Second Edition) Big Box,0.833,Ascension: Deckbuilding Game,0.571,Cardcassonne,0.5,Catan: Het Duel Big Box,0.444,Catan: Das Duell – Die Big Box,0.444
401939,Moguls & Dominion,Economic,Power Grid Deluxe: Europe/North America,0.286,Энергосеть: Россия (Power Grid: Russia),0.267,Power Grid,0.267,Power Grid: Outpost,0.25,Monopoly Crooked Cash,0.25
407814,Shuffle: Jurassic World Dominion,Card Game,Brainwaves: The Brilliant Boar,0.667,Brainwaves: The Astute Goose,0.5,The Golden Compass,0.5,UNO: The Nightmare Before Christmas,0.5,UNO: Star Wars – The Mandalorian,0.5
298964,Solar Dominion Fleet Combat,Science Fiction,Galaxy Chess,0.333,Risk: Rick and Morty,0.25,Dominions of Supremacy,0.25,SETI: Search for Extraterrestrial Intelligence,0.25,Star Trek: Captain's Chair,0.231
388908,Spiritual Dominion,Bluffing,Batman: The Animated Series – Almost Got 'Im Card Game,0.333,Risky Chicken,0.278,Risky Business,0.2,Age of Gods,0.182,Risk: Shadow Forces,0.182
275972,Star Trek: Alliance – Dominion War Campaign,Movies / TV / Radio theme,Monopoly: Beast Wars Transformers,0.667,UNO: Star Wars – The Mandalorian,0.5,Monopoly: Avatar,0.4,UNO: Doctor Who,0.4,UNO: Star Trek,0.4
386914,Star Trek: Alliance – The Dominion War Campaign Part I – Essentials Edition,Expansion for Base-game,Monopoly: Beast Wars Transformers,0.5,UNO: Star Wars – The Mandalorian,0.4,UNO: Doctor Who,0.333,UNO: Star Trek,0.333,Monopoly: Avatar,0.333
401076,Star Trek: Into The Unknown – Federation vs. Dominion Core Set,Movies / TV / Radio theme,"Warhammer 40,000: Kill Team – Hivestorm",0.462,Battlefleet Gothic,0.455,Risk: Marvel Cinematic Universe,0.455,Risk: Dune,0.417,Risk: Star Wars – Original Trilogy Edition,0.417
276495,UNO Attack: Jurassic World,Card Game,UNO All Wild!: SPY x FAMILY,0.667,UNO Flip!: My Hero Academia (McDonald's Happy Meal Edition),0.667,UNO Flip!: Naruto (McDonald's Happy Meal Edition),0.667,UNO Flip!: SPY x FAMILY (McDonald's Happy Meal Edition),0.667,UNO Flip!: Boruto – Naruto Next Generations (McDonald's Happy Meal Edition),0.667
451353,UNO: Jurassic World Dominion,Card Game,Monopoly Deal: Disney Stitch,0.5,AURUXXX: The Golden 12,0.4,Monopoly Deal Wizarding World/Harry Potter Card Game,0.364,Monopoly Deal: KPop Demon Hunters,0.364,Barbie: Go Shopping!,0.333
474618,Witches Dominion: Arena Edition,Card Game,Anima: Beyond Good and Evil,0.375,Anima: Twilight of the Gods,0.375,Big Time Golf,0.375,AC-Goose Story,0.375,Ring War,0.375
31260,Agricola,Animals,Puerto Rico 1897: Special Edition,0.25,A Feast for Odin,0.25,Viticulture Essential Edition,0.25,Viticulture,0.2,Viticulture: Complete Collector's Edition,0.2
200680,Agricola (Revised Edition),Animals,Agricola 15,0.933,Viticulture Essential Edition,0.263,A Feast for Odin,0.259,Dune: Imperium – Uprising,0.24,Viticulture: Complete Collector's Edition,0.222
359999,Agricola 15,Animals,Agricola (Revised Edition),0.933,Everdell: The Complete Collection,0.261,Viticulture Essential Edition,0.25,A Feast for Odin,0.25,Great Western Trail: New Zealand,0.25
9364,Doppelkopf,Card Game,Euchre,0.6,ChessBriscola card game,0.5,Beim Jupiter: Göttliche Sticheleien,0.4,30 to Go,0.4,Giog,0.4
6901,Euchre,Card Game,ChessBriscola card game,0.75,Giog,0.667,Beim Jupiter: Göttliche Sticheleien,0.667,30 to Go,0.667,Raise the Risk,0.667
45020,Agricola Express,Dice,Catan Dice Game Deluxe Edition,0.5,7 Dice Wonders,0.5,Risk Strike,0.5,Catan Dice Game,0.429,Monopoly Express,0.429
7688,Memory,Animals,The Game of Authors,0.412,Arthur Goes to the Library,0.385,By Golly!,0.385,UNO: Teenage Mutant Ninja Turtles,0.357,UNO: Peanuts – A Charlie Brown Christmas,0.357
11670,The Game of Authors,American West,UNO: Hannah Montana,0.455,UNO: Happy Feet,0.455,UNO: Paw Patrol,0.455,By Golly!,0.455,UNO: Kung Fu Panda,0.455
10799,Old Maid,Animals,Buster Brown and the Goat,0.636,Exploding Kittens: Duels,0.462,UNO: Peanuts – A Charlie Brown Christmas,0.455,UNO: Teenage Mutant Ninja Turtles,0.455,Exploding Kittens: Grab & Game,0.429
206805,"Agricola, Master of Britain",Ancient,Alaric the Goth: Fall of the Western Roman Empire,0.4,Dead of Winter: The Battle of Stones River (Second Edition),0.333,Admirals:  A Game of Fleet Actions in the Golden Age of Fighting Sail,0.333,Birdie!: Golf Nano Game,0.3,Risk: Asterix – Collector's Edition,0.3
119890,Agricola: All Creatures Big and Small,Animals,A Feast for Odin,0.273,Carcassonne: Over Hill and Dale,0.222,Block Buster,0.222,Hive Ultimate,0.214,Hive,0.214
255262,Agricola: All Creatures Big and Small – The Big Box,Animals,A Feast for Odin,0.273,Carcassonne: Over Hill and Dale,0.222,Block Buster,0.222,Hive Ultimate,0.214,Hive,0.214
440149,Agricola: Dead Harvest,Farming,Viticulture Essential Edition,0.231,Puerto Rico 1897: Special Edition,0.231,Dune: Imperium – Uprising,0.211,Amritsar: The Golden Temple,0.182,A Feast for Odin,0.182
205418,Agricola: Family Edition,Animals,UNO Moo!,0.286,A Feast for Odin,0.2,Tend,0.2,Bug Wars: Insect Armies Battle for Hive Domination on an 'Eat or be Eaten' world,0.2,800 Pound Gorilla,0.2
197633,"Agricola: Roman Campaign in Britain, AD 82-84",Ancient,Attila: Scourge O'God,0.75,Alaric the Goth: Fall of the Western Roman Empire,0.6,Risk: The Battle for Medieval England,0.5,Risk: Asterix – Collector's Edition,0.4,Catan Histories: Struggle for Rome,0.4
440147,Agricola: Special Edition,Animals,Puerto Rico 1897: Special Edition,0.25,A Feast for Odin,0.25,Viticulture Essential Edition,0.25,Viticulture,0.2,Viticulture: Complete Collector's Edition,0.2
32289,Monopoly: Puerto Rico,Economic,Hometown USA: Oshkosh,1.0,Bunul gospodar,0.571,Riskkapitalist,0.556,Twin Play Classics: Monopoly and Scrabble,0.5,Jumbo Jet,0.4
3076,Puerto Rico,City Building,San Juan,0.438,San Juan (Second Edition),0.357,Hellas,0.231,Viticulture,0.2,3rd World Labour: Pandemic Edition,0.2
108687,Puerto Rico,City Building,San Juan,0.438,San Juan (Second Edition),0.357,Hellas,0.231,Viticulture,0.2,3rd World Labour: Pandemic Edition,0.2
165332,Puerto Rico,City Building,Monopoly:  Builder,0.4,Monopoly Hotels,0.4,San Juan (Second Edition),0.3,Babylon: Gateway of the Gods,0.286,Monopoly: Super Electronic Banking,0.25
318985,Puerto Rico,City Building,San Juan,0.438,San Juan (Second Edition),0.357,Hellas,0.231,Viticulture,0.2,3rd World Labour: Pandemic Edition,0.2
367272,Puerto Rico 1897,Economic,San Juan,0.375,San Juan (Second Edition),0.286,Viticulture,0.214,Agricola,0.188,Agricola: Special Edition,0.188
415843,Puerto Rico 1897: Special Edition,Economic,San Juan,0.353,San Juan (Second Edition),0.267,Agricola: Special Edition,0.25,Agricola,0.25,Agricola: Dead Harvest,0.231
8217,San Juan,Card Game,Puerto Rico,0.438,Puerto Rico,0.438,Puerto Rico,0.438,Puerto Rico 1897,0.375,The Castles of Burgundy: The Card Game,0.357
166669,San Juan (Second Edition),Card Game,Monopoly Millionaire Deal Card Game,0.444,Monopoly Deal Pocket,0.4,Monopoly Deal Card Game,0.4,Monopoly Deal: No Mercy,0.4,Monopoly Bid,0.4
2651,Power Grid,Economic,Энергосеть: Россия (Power Grid: Russia),1.0,Brass: Pittsburgh,0.389,Food Chain Magnate: Deluxe Edition,0.312,18RoyalGorge: The Rails of Fremont County and the Royal Gorge Wars,0.308,Brass: Lancashire,0.304
155873,Power Grid Deluxe: Europe/North America,Economic,Энергосеть: Россия (Power Grid: Russia),0.9,Food Chain Magnate: Deluxe Edition,0.333,Brass: Pittsburgh,0.333,Moguls & Dominion,0.286,Food Chain Magnate,0.267
44163,Power Grid: Factory Manager,Economic,Black Gold,0.6,21st Century Gold Rush,0.5,Black Gold,0.5,Monopoly Secret Vault,0.333,Rollout: The Game of the Risk-Takers,0.333
424395,Power Grid: Outpost,Economic,Энергосеть: Россия (Power Grid: Russia),0.909,Brass: Pittsburgh,0.368,Food Chain Magnate: Deluxe Edition,0.294,Brass: Lancashire,0.292,Brass: Birmingham,0.292
203780,Power Grid: The Card Game,Card Game,Brass Empire,0.429,Monopoly Bid,0.429,Энергосеть: Россия (Power Grid: Russia),0.364,Banana Governance,0.333,Risky Business,0.3
106662,Power Grid: The First Sparks,Animals,Dinosaur Chess,0.333,Food Chain Magnate: Deluxe Edition,0.286,Bluey: Let’s Go Shopping Game,0.222,Chess4,0.222,Monopoly Junior: Bluey,0.222
258148,Power Rangers: Heroes of the Grid,Comic Book / Strip,Batman: The Animated Series – Gotham City Under Siege,0.615,Necromunda: Hive War,0.417,Necromunda: Hive Secundus,0.417,Nemesis,0.4,"Warhammer 40,000: Kill Team – Hivestorm",0.4
407181,Энергосеть: Россия (Power Grid: Russia),Economic,Power Grid,1.0,Power Grid: Outpost,0.909,Power Grid Deluxe: Europe/North America,0.9,Brass: Pittsburgh,0.389,Power Grid: The Card Game,0.364
226320,My Little Scythe,Children's Game,Ankh: Gods of Egypt,0.296,War of the Ring,0.28,Descent: Legends of the Dark,0.28,Gloomhaven: Buttons & Bugs,0.269,Descent: Journeys in the Dark,0.261
416785,My Little Scythe: Big Box,Children's Game,Vantage,0.25,Chess Kingdom Knight & Dragon,0.25,Advance to Boardwalk,0.25,Root Guy Farm,0.25,Descent: Journeys in the Dark,0.235
169786,Scythe,Economic,Anunnaki: Dawn of the Gods,0.417,Gaia Project,0.357,Duel of Meloch,0.333,Terraforming Mars,0.323,Twilight Imperium: Fourth Edition,0.263
473061,Duel of Meloch,Economic,Hive Wars!,0.375,Voidfall,0.333,Anunnaki: Dawn of the Gods,0.333,Scythe,0.333,"Warhammer 40,000: Kill Team – Hivestorm",0.308
64439,The Game Of Roots,Economic,Monopoly Canadian Tire,1.0,Das UNO Spiel,1.0,Monopoly for Sore Losers,1.0,Monopoly for Millennials,1.0,Monopoly: Berăria H,1.0
448594,Marvel Root for Groot,Card Game,UNO: Star Wars – The Mandalorian,0.6,UNO: Superman,0.5,UNO: Superman Returns,0.5,UNO: Teenage Mutant Ninja Turtles – Mutant Mayhem,0.5,UNO: The Dark Knight,0.5
41881,More Roots,Card Game,Rummy Roots,1.0,Rootword,0.667,Ancient Egypt Go Fish for Art,0.5,Rootie Kazootie Word Game,0.5,Scrabble Word Play Poker,0.5
283838,The Root Beer Float Challenge,Party Game,Purple Ronnie's Risks and Rhymes,0.5,Big Orange: Good Luck,0.5,The Bee-Hive of Fun,0.5,Anything Goes,0.4,Jenga Pass Challenge,0.333
416201,Root Bound,Abstract Strategy,Go,0.625,Tanbo,0.5,Qwirkle Trio,0.429,Fairy Tale Inn,0.375,UNO Dice Game,0.333
151794,Root Down,Abstract Strategy,Chess 2000,1.0,Square Routes,1.0,ROOT\G: boardgame,1.0,Chess-kers,1.0,Cronk Chess,1.0
253490,Root Guy Farm,Children's Game,UNO Dice,0.6,Monopoly Junior: Shopkins,0.5,"Frühling, Sommer, Herbst und Winter",0.5,Risk & Reward,0.5,Popit Chess,0.5
153716,Root the Loot,Abstract Strategy,Ziege mit Fliege,0.5,Frog Chess,0.429,"Auf die Weide, fertig, los!",0.429,Animal Merry-Go-Round Motor Skill Game,0.375,By Golly!,0.375
425773,Root: Jeu de base + La Rivière,Animals,Risk,0.381,War of the Ring: Second Edition,0.36,Risk: Balance of Power,0.348,War of the Ring,0.348,Arcs,0.32
169293,ROOT\G: boardgame,Abstract Strategy,Chess 2000,1.0,Square Routes,1.0,Root Down,1.0,Chess-kers,1.0,Cronk Chess,1.0
6492,Tanbo,Abstract Strategy,Othello,0.667,Go,0.625,Fairy Tale Inn,0.571,Root Bound,0.5,Blokus Duo,0.5
455321,Rooticle,Card Game,Raise the Risk,0.5,Beim Jupiter: Göttliche Sticheleien,0.5,Giog,0.5,Rage,0.4,Euchre,0.4
41511,Rootie Kazootie Word Game,Card Game,Barbie: Go Shopping!,0.5,More Roots,0.5,Rummy Roots,0.5,Scrabble People Letter-Matching Board Game,0.5,Uno: Pinkalicious,0.5
403439,RooTile,Abstract Strategy,Branches and Twigs and Thorns,0.667,UNO Wild Tiles,0.667,Scrabble Sentence Game for Juniors,0.5,Баттелі,0.5,Connect Four,0.5
7744,Roots,Card Game,Scrabble Poker,0.75,Giant UNO,0.667,Hot Death Uno,0.667,UNO House Rules,0.667,UNO Spin,0.667
32611,Roots and Shoots,Farming,Risk & Castle Risk,0.333,UNO: John Deere Edition,0.25,Carcassonne: Over Hill and Dale,0.25,Take Root,0.25,Puerto Rico,0.2
228765,The Roots of Magic,Dice,Glyph Chess,0.364,Nemesis: Skirmish Miniatures,0.333,Batman: The Animated Series – Gotham City Under Siege,0.308,"Warhammer 40,000: Kill Team – Hivestorm",0.308,Necromunda: Hive War,0.3
202245,Roots of Mali,Abstract Strategy,Chessaga,0.571,Quad Kingdom Chess,0.5,Fantasy Chess,0.5,DracoKrak Chess,0.429,Dragon Chess,0.429
168055,Roots: A Game of Inventing Words,Card Game,Scrabble Twists & Turns,0.444,Scrabble: Disney Vacation Club,0.444,Dixit: Print & Play,0.417,Dixit: Disney Edition,0.4,Scrabble Card Game,0.4
71935,Rootword,Card Game,Rummy Roots,0.667,More Roots,0.667,Hanabi: Festival,0.5,Qwirkle Cards,0.5,Roots,0.5
41880,Rummy Roots,Card Game,More Roots,1.0,Rootword,0.667,Ancient Egypt Go Fish for Art,0.5,Rootie Kazootie Word Game,0.5,Scrabble Word Play Poker,0.5
26151,Square Routes,Abstract Strategy,Chess 2000,1.0,Root Down,1.0,ROOT\G: boardgame,1.0,Chess-kers,1.0,Cronk Chess,1.0
278266,Take Root,Farming,Agricola Express,0.333,Jenga: Chicago Cubs Collector's Edition,0.25,APBA Professional Golf,0.25,Risky Business,0.25,Happy Double: No Risk No Run!,0.25
95974,Theodore Tugboat Rootin' Tootin' Card Game,Card Game,Monopoly Deal: Disney Stitch,0.444,UNO: Cars,0.429,UNO: Barbie,0.429,UNO: Care Bears,0.429,UNO: BTS,0.429
430039,文明源记：上古传说 (The Roots of Civilization),Civilization,Timespan,0.286,Prelude to Revolution: Russia's Descent into Anarchy 1905 - 1917,0.2,Kellia: The Risk of the Desert,0.2,Catan: Dawn of Humankind,0.2,Banker of the Gods,0.182
199792,Everdell,Animals,Ark Nova,0.458,Wondrous Creatures,0.389,Great Western Trail,0.368,Great Western Trail: Second Edition,0.35,Great Western Trail: Argentina,0.333
425005,Everdell Duo,Animals,Everdell Silverfrost,0.5,Everdell Farshore,0.5,Everdell Emerland,0.5,Welcome to Everdell,0.467,Ark Nova,0.32
455843,Everdell Emerland,Animals,Everdell Farshore,1.0,Everdell Silverfrost,1.0,Cardcassonne,0.556,Welcome to Everdell,0.545,Everdell Duo,0.5
394106,Everdell Farshore,Animals,Everdell Emerland,1.0,Everdell Silverfrost,1.0,Cardcassonne,0.556,Welcome to Everdell,0.545,Everdell Duo,0.5
436821,Everdell Silverfrost,Animals,Everdell Emerland,1.0,Everdell Farshore,1.0,Cardcassonne,0.556,Welcome to Everdell,0.545,Everdell Duo,0.5
319422,Everdell: Collector's Edition,Animals,Wingspan Pocket,0.364,The Adventure Store,0.357,Ark Nova,0.348,Wingspan,0.333,Anima: Beyond Good and Evil,0.333
332398,Everdell: The Complete Collection,Animals,Ark Nova,0.417,Wondrous Creatures,0.412,Wingspan,0.35,Wingspan Asia,0.333,Cardcassonne,0.333
375852,Welcome to Everdell,Animals,Everdell Farshore,0.545,Everdell Silverfrost,0.545,Everdell Emerland,0.545,Everdell Duo,0.467,By Golly!,0.4
367498,Horizons of Spirit Island,Environmental,War of the Ring: Second Edition,0.346,Everdell: The Complete Collection,0.32,Gloomhaven (Second Edition),0.294,War of the Ring,0.28,Pandemic: Rising Tide,0.273
351766,The Brass Age,American West,Star Trek: Captain's Chair,0.286,"Warhammer 40,000: Kill Team – Hivestorm",0.238,Aeon's End: The Descent,0.217,Iron Scales: Sky Dominion,0.217,Duel of Meloch,0.211
457680,The Brass Age: Invasion,Print & Play,Honey Hive,0.4,Catan: First Adventure,0.333,Diner Chess,0.333,Descent on Malta,0.25,All Gods Are Dying,0.25
88793,Brass Balls & Nerves of Steel,Action / Dexterity,Jenga: Holiday Edition,1.0,Jenga Halloween Edition,1.0,Jenga Gold,1.0,Jenga BOOM,1.0,Jenga: Boston Red Sox Collector's Edition,0.5
181393,Brass Empire,Card Game,Monopoly Deal London,0.429,Ascension: Deckbuilding Game,0.429,Dominion (Second Edition) Big Box,0.429,Express Monopoly Card Game,0.429,Dominion: Special Edition,0.429
24877,The Brass Monkey Game,Spies / Secret Agents,Monopoly: Airborne Museum,0.286,Monopoly Polska,0.267,Monopoly: Call of Duty Black Ops,0.25,Monopoly Technisches Hilfswerk,0.25,Monopoly: California Dreaming Edition,0.235
28720,Brass: Lancashire,Age of Reason,Энергосеть: Россия (Power Grid: Russia),0.304,Power Grid,0.304,Power Grid: Outpost,0.292,Terraforming Mars: Ares Expedition,0.267,Power Grid Deluxe: Europe/North America,0.261
452264,Brass: Pittsburgh,Economic,Power Grid,0.389,Энергосеть: Россия (Power Grid: Russia),0.389,Power Grid: Outpost,0.368,Power Grid Deluxe: Europe/North America,0.333,Catan Connect,0.292
458919,Brassbound: Adamantine Dawn,Book,Divine Descent,0.636,Apocalypse: Earth – Wargaming in a World Gone Wrong,0.6,Dominion of the Blitzkrieg WWII: Fight Battles of the Early 2nd World War – Solo Game,0.417,Necromunda: Hive War,0.4,Necromunda: Hive Secundus,0.4
97187,City of Brass: a game of colonial exploration,Adventure,2012: Godswake,0.4,Descent: Journeys in the Dark,0.375,Age of Gods,0.333,Descent: Legends of the Dark,0.316,Arkham Horror,0.308
193382,Iron & Brass,Print & Play,Dominion At Dawn,0.667,Azul y Rojo,0.455,Fantasy Chess,0.429,Chieftain Chess,0.429,Nemesis: Skirmish Miniatures,0.375
198822,Iron & Brass: Duel,Print & Play,Dominion At Dawn,0.5,Pacific War Naval Chess Game,0.444,ChessWar,0.375,Risk: Deep Space,0.333,Risk: The Battle for Medieval England,0.333
438794,Top Brass,Card Game,Ancient Game of GOMI,1.0,UNO Party!,1.0,UNO Bundle Collector Tin,1.0,UNO & Skip-Bo Bonus Pak,1.0,UNO Power Grab,1.0
193738,Great Western Trail,American West,Everdell,0.368,Ark Nova,0.292,Everdell Duo,0.263,Risk: Balance of Power,0.263,Monopoly W:O:A,0.235
364011,Great Western Trail: Argentina,Animals,Everdell,0.333,Sanctuary,0.333,Heat: Pedal to the Metal,0.294,Everdell: The Complete Collection,0.278,Wingspan Asia,0.267
431305,Great Western Trail: El Paso,American West,Everdell,0.316,Sanctuary,0.312,Heat: Pedal to the Metal,0.278,Everdell: The Complete Collection,0.263,Ark Nova,0.25
380607,Great Western Trail: New Zealand,Animals,Everdell,0.316,Sanctuary,0.312,Heat: Pedal to the Metal,0.278,Everdell: The Complete Collection,0.263,Agricola 15,0.25
341169,Great Western Trail: Second Edition,American West,Everdell,0.35,Ark Nova,0.28,Sanctuary,0.278,Terraforming Mars: Ares Expedition,0.25,Heat: Pedal to the Metal,0.25
84876,The Castles of Burgundy,Animals,Sanctuary,0.3,Ark Nova,0.296,The White Castle,0.259,Azul,0.238,Harmonies,0.238
271320,The Castles of Burgundy,Dice,The White Castle,0.308,Sanctuary,0.3,Terraforming Mars: The Dice Game,0.273,Business Game Amersfoort,0.263,Ark Nova,0.25
363622,The Castles of Burgundy: Special Edition,Dice,Catan Dice Game,0.333,Scrabble and Yahtzee,0.308,Age of War,0.278,Terraforming Mars: The Dice Game,0.263,Scrabble: Texas Spell ‘Em,0.25
191977,The Castles of Burgundy: The Card Game,Card Game,Cardcassonne,0.5,Qwirkle Cards,0.5,Hanabi: Festival,0.5,Splendor: AsmOPlay Kit,0.5,Monopoly Millionaire Deal Card Game,0.429
232988,The Castles of Burgundy: The Dice Game,City Building,7 Wonders Dice,0.462,Catan: New Energies,0.312,Railroad Ink: Deep Blue Edition,0.312,Catan: Das Duell – Die Big Box,0.286,Catan: Het Duel Big Box,0.286
128621,Viticulture,Economic,Catan: On the Road,0.273,Splendor Duel,0.25,Splendor,0.25,Splendor: Marvel,0.25,스플렌더: Pokémon (Splendor: Pokémon),0.231
183394,Viticulture Essential Edition,Economic,Agricola (Revised Edition),0.263,Age of Comics: The Golden Years,0.25,Agricola,0.25,Agricola: Special Edition,0.25,Agricola 15,0.25
156455,Viticulture: Complete Collector's Edition,Economic,Age of Comics: The Golden Years,0.286,Risky Business,0.231,Agricola (Revised Edition),0.222,UNO: John Deere Edition,0.222,Borobudur: The Golden Era,0.214
441696,Sanctuary,Animals,Harmonies,0.467,Wingspan,0.412,Ark Nova,0.409,Great Western Trail: Argentina,0.333,Everdell: The Complete Collection,0.316
97312,Nova's Ark,Card Game,Hanabi & Ikebana,0.545,Hanabi Deluxe II,0.545,Hanabi Deluxe: What a Show!,0.5,Hanabi,0.462,Go Fish,0.455
316554,Dune: Imperium,Movies / TV / Radio theme,Lost Ruins of Arnak,0.233,Drillers,0.231,A Dream of Splendor in Song Dynasty,0.208,Entropy,0.208,Star Trek: Captain's Chair,0.2
24,Twilight Imperium,Civilization,Dominions of Supremacy,0.417,Galactic Warlords: Battle for Dominion,0.333,Catan: Starfarers,0.333,Voidfall,0.316,Star Trek: Into The Unknown – Federation vs. Dominion Core Set,0.312
104363,Rex: Final Days of an Empire,Civil War,A Study in Emerald (Second Edition),0.286,El Grande: Decennial Edition,0.263,"Unmatched: Battle of Legends, Volume One",0.238,Hive Mind,0.235,Risk 2210 A.D.,0.235
2902,Twilight Imperium: Armada,Action / Dexterity,Necromunda: Hive War,0.333,Necromunda: Hive Secundus,0.333,RPM,0.286,Hive Wars!,0.25,UNO Madness,0.25
233078,Twilight Imperium: Fourth Edition,Civilization,Catan: Starfarers,0.296,Gaia Project,0.294,Catan: New Energies,0.276,Catan: 25th Anniversary Edition,0.267,Scythe,0.263
26055,Twilight Imperium: Second Edition,Civilization,Catan: Starfarers,0.375,Dominions of Supremacy,0.357,Catan: Big Box Jubileumeditie,0.312,Catan: Big Box,0.312,Catan: Big Box,0.312
12493,Twilight Imperium: Third Edition,Civilization,Catan: Starfarers,0.261,Voidfall,0.259,Chess Dungeon,0.25,Dominions of Supremacy,0.238,"Risk: Warhammer 40,000",0.227
344084,Legend of the Five Rings: The Currency of War,Card Game,Nemesis Collectible Card Game,0.5,Bear vs Gorilla vs CEO vs Hippie,0.4,5 Alive / Uno,0.4,BattleGoats,0.333,Boom-O,0.333
36702,Ring War,Card Game,Building an Elder God,0.571,Harry Potter Unofficial Magic Duel Card Game,0.571,UNO Fandom Harry Potter Ravenclaw Game Deck,0.5,UNO Fandom Harry Potter Slytherin Game Deck,0.5,Dungeon Keeper Unofficial Card Game,0.5
27341,Ringmaster: War in Middle Earth,Fantasy,As Tears Go By: Operation Starlite,0.4,Red Descent: The Air and Ground Assault for Vyamza 1942,0.333,Dominion At Dawn,0.333,DracoKrak Chess,0.333,Anima: Twilight of the Gods,0.286
2228,War of the Ring,Adventure,Operation Market Garden: Descent Into Hell,0.444,Risk: The Lord of the Rings,0.333,ChessWar,0.333,Risk: The Lord of the Rings Trilogy Edition,0.316,Narnia Risk Junior,0.3
9609,War of the Ring,Adventure,Risk: The Lord of the Rings,0.643,Risk: The Lord of the Rings Trilogy Edition,0.6,Narnia Risk Junior,0.562,Risk: Édition Napoléon,0.429,Risk: Godstorm,0.4
42131,War of the Ring,Fantasy,Nemesis: Skirmish Miniatures,0.5,Altar of the Dead Gods,0.444,"Warhammer 40,000: Kill Team – Hivestorm",0.417,Battlefleet Gothic,0.4,Brassbound: Adamantine Dawn,0.364
452041,War of the Ring,Fantasy,1813: Napoleon's Nemesis,0.429,Against All Odds: Battle for the Golan Heights,0.429,Descent on Crete: May 1941,0.375,Nemesis: Burma 1944,0.375,Nemesis: Skirmish Miniatures,0.375
60153,War of the Ring Collector's Edition,Adventure,Risk: The Lord of the Rings,0.692,Risk: The Lord of the Rings Trilogy Edition,0.643,Narnia Risk Junior,0.6,Risk: Transformers – Cybertron Battle Edition,0.5,Risk: Édition Napoléon,0.462
115746,War of the Ring: Second Edition,Fantasy,Risk: The Lord of the Rings Trilogy Edition,0.5,Risk: The Lord of the Rings,0.444,Narnia Risk Junior,0.4,Risk: Star Wars Edition,0.389,Root: Jeu de base + La Rivière,0.36
362944,War of the Ring: The Card Game,Card Game,Harry Potter Unofficial Magic Duel Card Game,0.444,UNO: Harry Potter,0.444,"Unmatched: Battle of Legends, Volume One",0.429,Monopoly Deal Wizarding World/Harry Potter Card Game,0.4,Dungeon Keeper Unofficial Card Game,0.375
4195,War of the Ring: The Game of Middle Earth,Bluffing,Risk: Dune,0.308,Risk: The Lord of the Rings,0.267,Roots of Mali,0.25,Risk: The Lord of the Rings Trilogy Edition,0.25,"Risk: Warhammer 40,000",0.25
249594,War of the Rings,Bluffing,Risk: Processions et Marches folkloriques de l'Entre-Sambre-et-Meuse,0.364,Liberia: Descent Into Hell – The Liberian Civil War 1989-1996,0.364,Risk: Game of Thrones,0.333,Risk: 40th Anniversary Collector's Edition,0.333,Risk (Revised Edition),0.333
220308,Gaia Project,Civilization,Terraforming Mars,0.48,Voidfall,0.364,Scythe,0.357,ASHES: Blackout Protocol,0.35,Terraforming Mars: Ares Expedition,0.346
400875,Project GAIA,Adventure,Risk: Star Trek 50th Anniversary Edition,0.25,Galaxy Chess,0.222,Catan: Starfarers Duel,0.222,Serenity: The Unofficial Board Game,0.214,Dominion of the Stars,0.214
177736,A Feast for Odin,Animals,Agricola: All Creatures Big and Small – The Big Box,0.273,Agricola: All Creatures Big and Small,0.273,Agricola (Revised Edition),0.259,Agricola,0.25,Agricola: Special Edition,0.25
173894,Eldorado: La grande corsa all'oro,American West,The Aussie Gold Rush Game,0.5,21st Century Gold Rush,0.4,An American Tail: Fievel Goes West,0.4,Arnold Palmer Golf Game,0.333,The American Goldrush 1849,0.333
93,El Grande,Medieval,Dominion: Einsteiger-Bigbox,0.286,Dominion: Second Edition,0.286,Dominion,0.286,Dominion: Special Edition,0.25,Dominion (Second Edition) Big Box,0.25
301201,El Grande & Carcassonne,Medieval,Carcassonne Limited Edition,0.667,Carcassonne Müller Exklusiv-Edition,0.5,Carcassonne für 2,0.5,Carcassonne Big Box 2,0.5,Carcassonne Big Box,0.5
171908,El Grande Big Box,Renaissance,Drillers,0.235,Risk 2210 A.D.,0.231,Risk: The Elder Scrolls V – Skyrim,0.222,A Study in Emerald (Second Edition),0.222,Risk: Star Wars Edition,0.214
147170,El Grande: Decennial Edition,Medieval,Rex: Final Days of an Empire,0.263,The Old King's Crown,0.235,Chess & Balance,0.231,15 Dias: The Spanish Golden Age,0.214,Avalon: The Riven Veil,0.192
166371,El Luchador Fantastico Grande,Fighting,Battle Goomis,0.5,BIRDIE!: The Disc Golf Board Game,0.5,Jenga: Chicago Cubs Collector's Edition,0.4,APBA Professional Golf,0.4,Americana Golf Game,0.333
175914,Food Chain Magnate,Economic,Power Grid Deluxe: Europe/North America,0.267,Brass Empire,0.25,Brass: Pittsburgh,0.25,Энергосеть: Россия (Power Grid: Russia),0.25,Power Grid: The Card Game,0.25
434027,Food Chain Magnate: Deluxe Edition,Economic,Brass Empire,0.333,Power Grid Deluxe: Europe/North America,0.333,Power Grid,0.312,Энергосеть: Россия (Power Grid: Russia),0.312,Power Grid: Outpost,0.294
20605,100 Other Games to Play on a Chessboard,Abstract Strategy,The Classified Encyclopedia of Chess Variants,0.75,Castle Siege Chess,0.5,"Chess Variations  Ancient, Regional, and Modern",0.5,Centre Chess,0.5,3Dimensional Chess,0.5
56581,3 Dimensional Chess,Abstract Strategy,Ouk Chatrang,1.0,Capablanca Chess,1.0,3Dimensional Chess,1.0,3D XYZ Chess,1.0,Chessling,1.0
34848,Raumschach,Abstract Strategy,Chess Infinitum,0.75,Chess on a really big board,0.75,Chess,0.75,Orda Chess,0.75,Arms Race Chess,0.714
27339,3 Man Chess,Abstract Strategy,Chessapeak Porta-Checkers,1.0,Chess Empire,1.0,Less: Like Chess but Less!,0.75,Enochian Chess,0.75,Bughouse Chess,0.75
3499,3-D Chess,Abstract Strategy,Pocket Knight Chess,0.667,Four Seasons Chess,0.667,Fortress Chess,0.667,Chesseract,0.667,Chessling,0.667
317984,3D XYZ Chess,Abstract Strategy,Ouk Chatrang,1.0,Capablanca Chess,1.0,3 Dimensional Chess,1.0,3Dimensional Chess,1.0,Chessling,1.0
161318,3Dimensional Chess,Abstract Strategy,Ouk Chatrang,1.0,Capablanca Chess,1.0,3 Dimensional Chess,1.0,3D XYZ Chess,1.0,Chessling,1.0
154930,3rd Millennium Chess,Abstract Strategy,Ouk Chatrang,1.0,Capablanca Chess,1.0,3 Dimensional Chess,1.0,3D XYZ Chess,1.0,Chessling,1.0
2173,4 Player Chess,Abstract Strategy,Coalition Chess,0.714,Gala,0.667,Jetan,0.667,Jungle,0.625,Arms Race Chess,0.571
441851,Abstract Chess,Abstract Strategy,Gala,0.6,Jetan,0.6,Faerie Chess,0.5,Chessers,0.5,Giraffe Chess,0.5
333508,American Catur,Ancient,Alaric the Goth: Fall of the Western Roman Empire,0.308,Dicey Chess,0.308,Basketball Chess,0.308,Root Guy Farm,0.308,Miscellaneous Game Compilation,0.292
134603,Alice Chess,Abstract Strategy,Ouk Chatrang,1.0,Capablanca Chess,1.0,3 Dimensional Chess,1.0,3D XYZ Chess,1.0,Chessling,1.0
34948,All Queens Chess,Abstract Strategy,"Button, Button, who's got Bear's Button?",0.5,UNO Quatro,0.5,Connect Four,0.5,Qwirkle Trio,0.429,Frog Chess,0.429
141091,American Chess,Abstract Strategy,Knight-mare Chess,1.0,Quad Kingdom Chess,0.667,Square Routes,0.5,Level Chess,0.5,ROOT\G: boardgame,0.5
329933,Anachrony Chess,Abstract Strategy,Beyond Chess,0.5,Chess-kers,0.5,Omok Chess: Hundred Years' War,0.5,Imperial Chess,0.5,Chess 2000,0.5
153759,Angel Chess,Abstract Strategy,Ouk Chatrang,1.0,Capablanca Chess,1.0,3 Dimensional Chess,1.0,3D XYZ Chess,1.0,Chessling,1.0
4031,Jungle,Abstract Strategy,4 Player Chess,0.625,Let's Catch the Lion!,0.625,Gala,0.571,Jetan,0.571,Faerie Chess,0.5
80996,Anti-King Chess,Abstract Strategy,Ouk Chatrang,1.0,Capablanca Chess,1.0,3 Dimensional Chess,1.0,3D XYZ Chess,1.0,Chessling,1.0
368744,Arms Race Chess,Abstract Strategy,Horseman's Chess,1.0,Faerie Chess,1.0,Xiangqi,0.833,Chess960,0.833,Gala,0.8
113551,ASEAN-Chess,Abstract Strategy,Ouk Chatrang,1.0,Capablanca Chess,1.0,3 Dimensional Chess,1.0,3D XYZ Chess,1.0,Chessling,1.0
2393,Xiangqi,Abstract Strategy,Chess on a really big board,0.857,Chess Infinitum,0.857,Orda Chess,0.857,Chess,0.857,Faerie Chess,0.833
13646,Zodiac,Abstract Strategy,Chessgammon,0.6,Probability Magic Kingdom Chess,0.5,Jääkiekkoshakki,0.5,Morph Chess,0.5,Monopoly of Three Kingdoms,0.5
252971,Konkvest,Abstract Strategy,Crescendo Chess,0.6,Interdimensional Chess,0.6,Chess 2: The Sequel,0.5,Buffalo Chess,0.429,Flip Chess,0.429
240836,Atomic Chess,Abstract Strategy,Ouk Chatrang,1.0,Capablanca Chess,1.0,3 Dimensional Chess,1.0,3D XYZ Chess,1.0,Chessling,1.0
168536,Ball's Chess,Abstract Strategy,Chinese Zodiac chess,1.0,Chessyball,1.0,Horseshoe,1.0,Grotesque Chess,1.0,Ladorean Chess,1.0
342997,Ostsee-Schach,Abstract Strategy,Jetan,0.5,Jungle,0.5,Raumschach,0.5,Gala,0.5,Hive Pocket,0.5
25343,Ultima,Abstract Strategy,Ouk Chatrang,1.0,Capablanca Chess,1.0,3 Dimensional Chess,1.0,3D XYZ Chess,1.0,Chessling,1.0
436247,Basketball Chess,Dice,Americana Golf Game,0.6,Jääkiekkoshakki,0.429,Dicey Chess,0.429,Jenga: Chicago Cubs Collector's Edition,0.4,19th Hole Golf,0.4
34919,Beyond Chess,Abstract Strategy,Chess 2000,1.0,Square Routes,1.0,Root Down,1.0,ROOT\G: boardgame,1.0,Chess-kers,1.0
237194,Big Horse Chess,Abstract Strategy,Capablanca Chess,0.667,Ouk Chatrang,0.667,Byzantine Chess,0.667,Sittuyin,0.667,3rd Millennium Chess,0.667
2719,Connect Four,Abstract Strategy,UNO Quatro,1.0,Баттелі,0.5,Pokemon Battle Chess,0.5,Pokémon Battle Chess,0.5,Chess for Juniors,0.5
131962,Bird's Chess,Abstract Strategy,Capablanca Chess,1.0,3 Dimensional Chess,1.0,3Dimensional Chess,1.0,3D XYZ Chess,1.0,Chessling,1.0
310957,SlingPuck,Action / Dexterity,Jenga: Boston Red Sox Collector's Edition,0.4,Jenga: Dallas Cowboys Collector's Edition,0.4,Jenga: Chicago Bears Collector's Edition,0.4,Jenga Ocean,0.4,Bumper Golf,0.4
19309,Brandubh: Celtic Royal Chess,Abstract Strategy,Beyond Chess,0.5,Chess 2000,0.5,ROOT\G: boardgame,0.5,Root Down,0.5,Chess-kers,0.5
402081,Caïssa Britannia,Abstract Strategy,Capablanca Chess,1.0,3 Dimensional Chess,1.0,3Dimensional Chess,1.0,3D XYZ Chess,1.0,Chessling,1.0
23361,BS Chess (Bluffing Style Chess),Abstract Strategy,Half-board Chess,0.6,Regimental Chess,0.6,Kamikaze Chess,0.5,Atomic Chess,0.4,Byzantine Chess,0.4
32,Buffalo Chess,Abstract Strategy,Chess for Juniors,0.6,Quick Chess,0.6,Crescendo Chess,0.6,Баттелі,0.6,Interdimensional Chess,0.6
14188,Bughouse Chess,Abstract Strategy,Chess Empire,0.75,3 Man Chess,0.75,Chessapeak Porta-Checkers,0.75,Chessapeak Challenge Chess,0.6,Enochian Chess,0.6
60674,Dan Qi,Action / Dexterity,Jenga: Holiday Edition,0.5,Jenga Halloween Edition,0.5,Jenga Gold,0.5,Jenga BOOM,0.5,Brass Balls & Nerves of Steel,0.5
5376,Sittuyin,Abstract Strategy,Capablanca Chess,1.0,3 Dimensional Chess,1.0,3Dimensional Chess,1.0,3D XYZ Chess,1.0,Chessling,1.0
21264,Byzantine Chess,Abstract Strategy,Capablanca Chess,1.0,3 Dimensional Chess,1.0,3Dimensional Chess,1.0,3D XYZ Chess,1.0,Chessling,1.0
33700,C'escacs hexagonal chess,Abstract Strategy,Chessyball,0.667,Horseshoe,0.667,Grotesque Chess,0.667,Chinese Zodiac chess,0.667,Ladorean Chess,0.667
5374,Ouk Chatrang,Abstract Strategy,Capablanca Chess,1.0,3 Dimensional Chess,1.0,3Dimensional Chess,1.0,3D XYZ Chess,1.0,Chessling,1.0
35575,Capablanca Chess,Abstract Strategy,Ouk Chatrang,1.0,3 Dimensional Chess,1.0,3Dimensional Chess,1.0,3D XYZ Chess,1.0,Chessling,1.0
19062,CardChess,Abstract Strategy,Millennium 3D Chess,1.0,Chessapeak Challenge Chess,0.75,Caïssa Britannia,0.667,Chess for Three,0.667,Bird's Chess,0.667
96628,Miscellaneous Game Compilation,Abstract Strategy,Chess King,0.35,Chessetto,0.333,Chess Infinitum,0.3,Chess on a really big board,0.3,Chess,0.3
351126,Carolus Variant Chess,Abstract Strategy,Commander Chess,0.6,Military Chess,0.6,Chesscalation,0.6,Meta Chess,0.6,Economy Chess,0.6
73699,Carrera's chess,Abstract Strategy,Capablanca Chess,1.0,3 Dimensional Chess,1.0,3Dimensional Chess,1.0,3D XYZ Chess,1.0,Chessling,1.0
296158,Castle Chess,Medieval,"A Battle, Furious, Bloody, Repulsive, Crimson, Gory, Boisterous, Manly, Rough, Fierce, Unmerciful, and Hostile",0.5,Mediaeval Circular Chess,0.286,Risk Hors Série,0.286,Risk: Processions et Marches folkloriques de l'Entre-Sambre-et-Meuse,0.286,"Risk: Warhammer 40,000",0.286
254390,Castle Siege Chess,Abstract Strategy,Capablanca Chess,1.0,3 Dimensional Chess,1.0,3Dimensional Chess,1.0,3D XYZ Chess,1.0,Chessling,1.0
158710,Cat Chess,Abstract Strategy,Chesscalation,0.75,Plum Chess,0.75,Economy Chess,0.75,Chess4,0.6,Chess³,0.5
165025,Cathedr'l: Fantasy Role Playing Chess,Book,Dominion of the Orc: Fight Fantasy Battles – Solo Game,0.545,Dominion of Patriots and Redcoats: Fight Battles of the American War of Independence – Solo Game,0.455,Dominion of Marlborough and Peter the Great,0.455,Dominion of Rice and Napalm: NAM – Fight Battles of the Vietnam War: Solo Game,0.455,Dominion of Pike and Shot,0.455
33684,Fidhchell,Abstract Strategy,Fidchell: Celtic Chess,0.6,Grotesque Chess,0.5,Chessyball,0.5,Horseshoe,0.5,Ladorean Chess,0.5
25542,Centre Chess,Abstract Strategy,Capablanca Chess,1.0,3 Dimensional Chess,1.0,3Dimensional Chess,1.0,3D XYZ Chess,1.0,Chessling,1.0
36145,Champion Chess,Card Game,UNO Express,0.4,Chessmate,0.333,Express Chess,0.333,Regimental Chess,0.333,Splendor: AsmOPlay Kit,0.333
6252,Chaos Chess,Abstract Strategy,Schachen,0.5,HiveQueen,0.4,IAGO Chess,0.4,Hostage Chess,0.4,Indo Persian chess,0.4
107551,Шахматы Хаоса,Abstract Strategy,Chessmate,0.75,Express Chess,0.75,Doubles Chess,0.5,Four Seasons Chess,0.5,Henry VIII Chess,0.5
394273,Chaos Chess (Second Edition): Medieval Madness,Abstract Strategy,Chessetto,0.462,Chess Infinitum,0.417,Chess on a really big board,0.417,Orda Chess,0.417,Raumschach,0.417
404910,Chase Chess,Abstract Strategy,Blokus Duo,0.333,Hive,0.286,Hive Ultimate,0.286,Hive Pocket,0.273,Tanbo,0.263
171,Chess,Abstract Strategy,Xiangqi,0.857,Raumschach,0.75,Gala,0.571,Jetan,0.571,Djambi,0.556
468293,Chess & Balance,Abstract Strategy,Flip Chess,0.429,Konkvest,0.429,Pandemic: Contagion,0.429,UNO Blast,0.4,Maya Chess,0.4
133418,Chess 2000,Abstract Strategy,Square Routes,1.0,Root Down,1.0,ROOT\G: boardgame,1.0,Chess-kers,1.0,Cronk Chess,1.0
85165,Chess 2: The Sequel,Abstract Strategy,Interdimensional Chess,0.75,Crescendo Chess,0.75,Tavreli,0.5,Seirawan-Harper's Chess,0.5,HiveQueen,0.5
425444,Chess 2vs2: Faceoff & Surrounded,Abstract Strategy,Chess Diamond,0.5,Chess 90 Degrees,0.5,Chess for Juniors,0.429,Chessapeak Porta-Checkers,0.429,Chess Empire,0.429
400821,Chess 90 Degrees,Abstract Strategy,Chess Diamond,1.0,Xiangqi,0.571,Chess on a really big board,0.5,Chess Infinitum,0.5,Chess 2vs2: Faceoff & Surrounded,0.5
318421,Chess But Way Cooler,Expansion for Base-game,Arnold Palmer's Golf Card Game,0.286,UNO: WWE Card Game,0.286,UNO: Derek Jeter Limited,0.25,Express Chess,0.25,UNO: Chicago White Sox,0.25
13042,Chex,Abstract Strategy,Schachen,0.6,Doubles Chess,0.5,Diplomat Chess,0.5,Dipole Chess,0.5,Circular Chess,0.5
400818,Chess Diamond,Abstract Strategy,Chess 90 Degrees,1.0,Xiangqi,0.571,Chess on a really big board,0.5,Chess Infinitum,0.5,Chess 2vs2: Faceoff & Surrounded,0.5
103525,Chess Dungeon,Card Game,Icehouse: The Martian Chess Set,0.353,Twilight Imperium: Second Edition,0.273,Konkvest,0.267,Twilight Imperium: Third Edition,0.25,Twilight Imperium,0.238
5872,Chess Empire,Abstract Strategy,Chessapeak Porta-Checkers,1.0,3 Man Chess,1.0,Enochian Chess,0.75,Chessapeak Challenge Chess,0.75,Bughouse Chess,0.75
34456,Chess for Juniors,Abstract Strategy,Quick Chess,1.0,Баттелі,1.0,Omega Chess,0.667,One Ring Chess,0.667,No Stress Chess,0.667
3005,Chess for Three,Abstract Strategy,Capablanca Chess,1.0,3 Dimensional Chess,1.0,3Dimensional Chess,1.0,3D XYZ Chess,1.0,Chessling,1.0
469284,Chess Grand Prix,Children's Game,Monopoly Junior,0.273,Memory Chess,0.25,UNO Dice,0.25,"Auf die Weide, fertig, los!",0.222,Jenga: Disney Frozen,0.222
248102,Chess II,Science Fiction,Monopoly: Beast Wars Transformers,0.5,QUAD: Galactic Chess,0.5,Monopoly Space,0.333,UNO: Star Wars – The Mandalorian,0.333,Star Trek: Alliance – Dominion War Campaign,0.333
17686,Chess In The Third Dimension,Abstract Strategy,Capablanca Chess,1.0,3 Dimensional Chess,1.0,3Dimensional Chess,1.0,3D XYZ Chess,1.0,Chessling,1.0
425218,Chess Infinitum,Abstract Strategy,Orda Chess,1.0,Chess on a really big board,1.0,Xiangqi,0.857,Chessetto,0.778,Raumschach,0.75
447728,Chess Joker,Abstract Strategy,Block Buster,0.4,Chessmate,0.4,Express Chess,0.4,Шахматы Хаоса,0.333,Othello,0.333
141375,Chess King,Abstract Strategy,Less Chess,0.5,Arms Race Chess,0.444,Faerie Chess,0.444,Horseman's Chess,0.444,Let's Catch the Lion!,0.4
288667,Chess Kingdom Knight & Dragon,Children's Game,Memory Chess,0.6,"Auf die Weide, fertig, los!",0.5,Patchwork Garden,0.4,King Arthur's Vortex Chess,0.333,Brainbox: On The Go Cornwall,0.333
103752,Schachen,Abstract Strategy,Chex,0.6,Qwirkle Mega Pack,0.6,Hyperbolic Chess,0.5,IAGO Chess,0.5,Trice's Chess,0.5
357396,Chess more than a game!,Children's Game,Monopoly Junior: Gabby's Dollhouse,0.667,Monopoly Junior: Party,0.667,Guard the Hive's Golden Treasure!,0.667,Alfons Godnatt-spel,0.5,Brainbox: On The Go Cornwall,0.5
19685,Chess Mutation,Abstract Strategy,Capablanca Chess,1.0,3 Dimensional Chess,1.0,3Dimensional Chess,1.0,3D XYZ Chess,1.0,Chessling,1.0
17691,Djambi,Abstract Strategy,Arms Race Chess,0.714,Horseman's Chess,0.714,Faerie Chess,0.714,Chess960,0.625,Xiangqi,0.625
289230,Chess of Qin Style,Abstract Strategy,Chess 2000,0.5,Beyond Chess,0.5,Formations Chess,0.5,Root Down,0.5,ROOT\G: boardgame,0.5
393882,Chess on a really big board,Abstract Strategy,Chess Infinitum,1.0,Orda Chess,1.0,Xiangqi,0.857,Chessetto,0.778,Raumschach,0.75
21413,Chess on the Loose,Abstract Strategy,Capablanca Chess,1.0,3 Dimensional Chess,1.0,3Dimensional Chess,1.0,3D XYZ Chess,1.0,Chessling,1.0
361805,Chess Openings: Essential Pack,Memory,Brainwaves: The Wise Whale,0.5,Ipse Dixit,0.4,Brainwaves: The Brilliant Boar,0.333,Patchwork Garden,0.333,Magnet Chess Board Game,0.333
11422,Schach Plus,Abstract Strategy,Quantum Chess,0.75,Quest-Chess,0.75,Oriental Chess,0.75,Near Chess,0.75,Neo-Chess,0.75
4431,Chess Race,Abstract Strategy,Chessgammon,1.0,Chessington,0.667,Zodiac,0.5,Beyond Chess,0.5,Imperial Chess,0.5
429657,Chess Rivals,Action / Dexterity,Chess-à-Tête,0.25,Jenga BOOM,0.2,Jenga Gold,0.2,Jenga Halloween Edition,0.2,Brass Balls & Nerves of Steel,0.2
69092,Chezz Tactic Summoner Master,Dice,Glyph Chess,0.556,Dragon Dice game,0.429,Descent: Journeys in the Dark,0.417,Root Guy Farm,0.375,Dicey Chess,0.375
411215,Chess Territorial,Abstract Strategy,Chessers,0.5,Blokus Duo,0.429,Quest-Chess,0.4,Flip Chess,0.4,Quantum Chess,0.4
274446,Chess Unbound,Abstract Strategy,Melting Chess,1.0,Unocitta,0.5,Chess 2000,0.5,Beyond Chess,0.5,Chess-kers,0.5
18273,"Chess Variations  Ancient, Regional, and Modern",Abstract Strategy,The Classified Encyclopedia of Chess Variants,0.6,Fidhchell,0.5,100 Other Games to Play on a Chessboard,0.5,Chipco Chess,0.429,Hnefatafl,0.429
436476,"Chess-a-tete, Classic Edition",Card Game,UNO: DragonBall Z,0.4,Nemesis Collectible Card Game,0.4,The Old King's Crown,0.357,UNO: Colors Rule,0.333,Bible Clash: Gospels,0.333
127701,Chess-kers,Abstract Strategy,Chess 2000,1.0,Square Routes,1.0,Root Down,1.0,ROOT\G: boardgame,1.0,Cronk Chess,1.0
406382,Chess-à-Tête,Abstract Strategy,Brainwaves: The Brilliant Boar,0.4,Brainwaves: The Astute Goose,0.333,Express Chess,0.333,Millennium 3D Chess,0.333,CardChess,0.333
146292,Chess4,Abstract Strategy,Cat Chess,0.6,One-Dimensional Chess,0.5,Chess of Qin Style,0.5,Plum Chess,0.4,Economy Chess,0.4
12608,Chess960,Abstract Strategy,Arms Race Chess,0.833,Faerie Chess,0.833,Horseman's Chess,0.833,Xiangqi,0.714,Gala,0.667
240272,Chessaga,Abstract Strategy,Crescendo Chess,0.6,Fantasy Chess,0.6,Interdimensional Chess,0.6,Quad Kingdom Chess,0.6,Roots of Mali,0.571
10739,Chessapeak Challenge Chess,Abstract Strategy,CardChess,0.75,3 Man Chess,0.75,Millennium 3D Chess,0.75,Chess Empire,0.75,Chessapeak Porta-Checkers,0.75
69836,Chessapeak Porta-Checkers,Abstract Strategy,3 Man Chess,1.0,Chess Empire,1.0,Chessapeak Challenge Chess,0.75,Enochian Chess,0.75,Bughouse Chess,0.75
29791,Chessboard Heroism,Fantasy,それでも勇者は行く (The Brave Still Go Around),0.333,ChessMage: Deck of the Myriad Shards,0.333,Dominion of the Gods,0.333,Chezz Tactic Summoner Master,0.286,Descent: Journeys in the Dark,0.273
426133,ChessBriscola card game,Card Game,UNO Hearts,0.75,Euchre,0.75,Rage,0.75,UNO Teams!,0.6,Raise the Risk,0.5
199262,Chesscalation,Abstract Strategy,Economy Chess,1.0,Cat Chess,0.75,Caïssa Britannia,0.667,Centre Chess,0.667,Byzantine Chess,0.667
446927,Chesscode,Abstract Strategy,Honey Hive,0.364,Micro chess,0.333,Chesscalation,0.3,Economy Chess,0.3,Cat Chess,0.273
54124,ChessCraft,Abstract Strategy,Decktet-Uno,0.5,Chesscalation,0.5,Fantasy Chesslords,0.5,Chessmate,0.5,Economy Chess,0.5
131186,Chesseract,Abstract Strategy,Capablanca Chess,1.0,3 Dimensional Chess,1.0,3Dimensional Chess,1.0,3D XYZ Chess,1.0,Chessling,1.0
13626,Chessers,Abstract Strategy,Flip Chess,0.667,Near Chess,0.667,Quest-Chess,0.667,Oriental Chess,0.667,Neo-Chess,0.667
445042,Chessetto,Abstract Strategy,Orda Chess,0.778,Chess on a really big board,0.778,Chess Infinitum,0.778,Xiangqi,0.667,Raumschach,0.6
19054,Chessgammon,Abstract Strategy,Chess Race,1.0,Chessington,0.667,Omok Chess: Hundred Years' War,0.5,Beyond Chess,0.5,Level Chess,0.5
94796,Chessgammon,Abstract Strategy,Jääkiekkoshakki,0.8,Chessington,0.75,Fei Xing Qi,0.6,UNO Dice,0.6,Zodiac,0.6
12932,ChessHeads,Abstract Strategy,Chessmate,0.6,Express Chess,0.6,Fantasy Chess,0.6,Fantasy Chesslords,0.571,Dragon Chess,0.5
8767,Chessington,Abstract Strategy,Chessgammon,0.75,Chessgammon,0.667,Chess Race,0.667,Jääkiekkoshakki,0.6,Gamma Chess,0.5
31559,Chessling,Abstract Strategy,Capablanca Chess,1.0,3 Dimensional Chess,1.0,3Dimensional Chess,1.0,3D XYZ Chess,1.0,ChessQuito,1.0
1592,ChessMage: Deck of the Myriad Shards,Fantasy,それでも勇者は行く (The Brave Still Go Around),1.0,Dominion of the Gods,1.0,Arith Magica: Adventures in Gossamyr,0.5,The Assault on Goblintown,0.5,Boba Goba,0.5
13423,Chessmate,Abstract Strategy,Express Chess,1.0,Шахматы Хаоса,0.75,Diamond Chess,0.667,HiveQueen,0.667,Dipole Chess,0.667
308951,Chessnuts,Abstract Strategy,3 Man Chess,0.667,Chess Empire,0.667,Chessapeak Porta-Checkers,0.667,Beyond Chess,0.5,Chess 2000,0.5
245598,Chessplus: Combine & Conquer,Abstract Strategy,Chess-kers,0.5,Cronk Chess,0.5,Crown Chess,0.5,Square Routes,0.5,Formations Chess,0.5
17583,ChessQuito,Abstract Strategy,Capablanca Chess,1.0,3 Dimensional Chess,1.0,3Dimensional Chess,1.0,3D XYZ Chess,1.0,Chessling,1.0
9412,Chesstique,Abstract Strategy,Capablanca Chess,1.0,3 Dimensional Chess,1.0,3Dimensional Chess,1.0,3D XYZ Chess,1.0,Chessling,1.0
21975,ChessWar,Fantasy,DracoKrak Chess,0.429,Fantasy Chess,0.429,Risk: Star Wars – Original Trilogy Edition,0.4,Age of Gods,0.375,Chessaga,0.375
17586,Chessword,Abstract Strategy,Oriental Chess,0.75,Near Chess,0.75,Quest-Chess,0.75,Neo-Chess,0.75,Quantum Chess,0.75
95767,Chessyball,Abstract Strategy,Chinese Zodiac chess,1.0,Grotesque Chess,1.0,Horseshoe,1.0,Ball's Chess,1.0,Ladorean Chess,1.0
61640,Chess³,Abstract Strategy,Capablanca Chess,1.0,3 Dimensional Chess,1.0,3Dimensional Chess,1.0,3D XYZ Chess,1.0,Chessling,1.0
69363,Chess³,Abstract Strategy,Capablanca Chess,1.0,3 Dimensional Chess,1.0,3Dimensional Chess,1.0,3D XYZ Chess,1.0,Chessling,1.0
70983,Chieftain Chess,Abstract Strategy,Commander Chess,0.75,Meta Chess,0.75,Military Chess,0.75,Fantasy Chess,0.6,DracoKrak Chess,0.6
8909,Lu Zhan Jun Qi,Bluffing,Bravo Gorilla,0.286,Boo to the Goose,0.286,BS Chess (Bluffing Style Chess),0.25,Iron & Brass: Duel,0.25,DaG Eight Chess (ダグエイトチェス),0.222
5162,Chinese Chess,Abstract Strategy,Capablanca Chess,1.0,3 Dimensional Chess,1.0,3Dimensional Chess,1.0,3D XYZ Chess,1.0,ChessQuito,1.0
301870,Chinese Travel Chess,Racing,Il gioco della Formula Uno,0.667,Campionato Mondiale Formula Uno,0.667,The Aussie Gold Rush Game,0.5,Batman: The Chase Through Gotham City,0.5,Disney Pixar Cars 3: Risky Raceway Game,0.5
247046,Chinese Zodiac chess,Abstract Strategy,Chessyball,1.0,Grotesque Chess,1.0,Horseshoe,1.0,Ball's Chess,1.0,Ladorean Chess,1.0
2386,Chinese Checkers,Abstract Strategy,3 Man Chess,0.5,Chessapeak Porta-Checkers,0.5,Chess Empire,0.5,Chessapeak Challenge Chess,0.429,Bughouse Chess,0.429
20493,Chipco Chess,American Civil War,"Chess Variations  Ancient, Regional, and Modern",0.429,Fantasy Chess,0.333,Dragon Chess,0.286,DracoKrak Chess,0.286,Fidhchell,0.286
29740,Giog,Card Game,Raise the Risk,1.0,Beim Jupiter: Göttliche Sticheleien,1.0,UNO Hearts,0.667,Rage,0.667,Euchre,0.667
34855,Circular Chess,Abstract Strategy,Capablanca Chess,1.0,3 Dimensional Chess,1.0,3Dimensional Chess,1.0,3D XYZ Chess,1.0,ChessQuito,1.0
34856,Circular Chess,Abstract Strategy,Capablanca Chess,1.0,3 Dimensional Chess,1.0,3Dimensional Chess,1.0,3D XYZ Chess,1.0,ChessQuito,1.0
4656,The Classified Encyclopedia of Chess Variants,Abstract Strategy,100 Other Games to Play on a Chessboard,0.75,Capablanca Chess,0.667,Byzantine Chess,0.667,Ouk Chatrang,0.667,Carrera's chess,0.667
466935,Coalition Chess,Abstract Strategy,4 Player Chess,0.714,Gala,0.667,Jetan,0.667,Horseman's Chess,0.571,Arms Race Chess,0.571
217977,Colour Chess + Lure,Abstract Strategy,Chess Infinitum,0.6,Chess on a really big board,0.6,Orda Chess,0.6,Xiangqi,0.5,Chessetto,0.5
191203,Commander Chess,Abstract Strategy,Meta Chess,1.0,Military Chess,1.0,Chieftain Chess,0.75,Fantasy Chess,0.75,DracoKrak Chess,0.75
21271,Commando Chess,Abstract Strategy,Commander Chess,0.6,Meta Chess,0.6,Military Chess,0.6,DracoKrak Chess,0.5,Chieftain Chess,0.5
107873,Corner Chess,Abstract Strategy,Capablanca Chess,1.0,3 Dimensional Chess,1.0,3Dimensional Chess,1.0,3D XYZ Chess,1.0,ChessQuito,1.0
21265,Courier Chess,Abstract Strategy,Capablanca Chess,1.0,3 Dimensional Chess,1.0,3Dimensional Chess,1.0,3D XYZ Chess,1.0,ChessQuito,1.0
477759,Covenant Chess,Abstract Strategy,Neo-Chess,0.429,Oriental Chess,0.429,Near Chess,0.429,Quantum Chess,0.429,Quest-Chess,0.429
96074,Crazyhouse,Abstract Strategy,Capablanca Chess,1.0,3 Dimensional Chess,1.0,3Dimensional Chess,1.0,3D XYZ Chess,1.0,ChessQuito,1.0
22310,Crescendo Chess,Abstract Strategy,Interdimensional Chess,1.0,Chess 2: The Sequel,0.75,ChessQuito,0.667,Chesseract,0.667,Chess on the Loose,0.667
337216,Cronk Chess,Abstract Strategy,Chess 2000,1.0,Square Routes,1.0,Root Down,1.0,ROOT\G: boardgame,1.0,Chess-kers,1.0
123447,Cross Chess,Abstract Strategy,Capablanca Chess,1.0,3 Dimensional Chess,1.0,3Dimensional Chess,1.0,3D XYZ Chess,1.0,ChessQuito,1.0
123820,Crown Chess,Abstract Strategy,Chess 2000,1.0,Square Routes,1.0,Root Down,1.0,ROOT\G: boardgame,1.0,Chess-kers,1.0
358829,DaG Eight Chess (ダグエイトチェス),Abstract Strategy,Gala,0.667,Jetan,0.667,Horseman's Chess,0.571,Faerie Chess,0.571,Arms Race Chess,0.571
356929,Dead Man's Chess,Abstract Strategy,Chessnuts,0.5,Chess Empire,0.4,Chessapeak Porta-Checkers,0.4,Gamma Chess,0.4,3 Man Chess,0.4
18962,Diamond Chess,Abstract Strategy,Capablanca Chess,1.0,3 Dimensional Chess,1.0,3Dimensional Chess,1.0,3D XYZ Chess,1.0,ChessQuito,1.0
18419,Three Pips,Abstract Strategy,Chessgammon,0.375,Zodiac,0.375,UNO Dice,0.375,Jääkiekkoshakki,0.333,Qwirkle Cubes,0.3
475438,Dicey Chess,Abstract Strategy,Sea Chess,0.667,Near Chess,0.6,Gamma Chess,0.6,Neo-Chess,0.6,Quantum Chess,0.6
19258,Diner Chess,Deduction,The Brass Age: Invasion,0.333,Detetive Júnior Turma da Mônica,0.333,Catan: First Adventure,0.333,How to Host a Murder: The Duke's Descent,0.25,Batman: Gotham City Mystery,0.25
6848,Dinosaur Chess,Abstract Strategy,Chess Unbound,0.4,Melting Chess,0.4,Chessington,0.333,Hex Hive: Skirmish,0.333,Gamma Chess,0.333
356540,Diplomat Chess,Abstract Strategy,Capablanca Chess,1.0,3 Dimensional Chess,1.0,3Dimensional Chess,1.0,3D XYZ Chess,1.0,ChessQuito,1.0
38003,Dipole Chess,Abstract Strategy,Capablanca Chess,1.0,3 Dimensional Chess,1.0,3Dimensional Chess,1.0,3D XYZ Chess,1.0,ChessQuito,1.0
12301,Doubles Chess,Abstract Strategy,Capablanca Chess,1.0,3 Dimensional Chess,1.0,3Dimensional Chess,1.0,3D XYZ Chess,1.0,ChessQuito,1.0
39494,DracoKrak Chess,Abstract Strategy,Fantasy Chess,0.75,Commander Chess,0.75,Military Chess,0.75,Meta Chess,0.75,Fantasy Chesslords,0.667
23724,Dragon Chess,Abstract Strategy,Fantasy Chess,0.75,Near Chess,0.75,Oriental Chess,0.75,Neo-Chess,0.75,Quantum Chess,0.75
411145,Dragon Chess,Children's Game,One In the Middle,1.0,The Ants Go Marching,0.5,Catan Junior Mitbringspiel,0.5,Ipse Dixit,0.4,Magnetism Intelligence Strategy Game,0.333
12776,Dragonchess,Abstract Strategy,Capablanca Chess,1.0,3 Dimensional Chess,1.0,3Dimensional Chess,1.0,3D XYZ Chess,1.0,ChessQuito,1.0
146763,Dragon Chess: Arcane Battles,Abstract Strategy,Dragon Dice game,0.444,King Arthur's Vortex Chess,0.333,Glyph Chess,0.308,Zodiac,0.3,DracoKrak Chess,0.3
35577,Duke of Rutland's Chess,Abstract Strategy,Capablanca Chess,1.0,3 Dimensional Chess,1.0,3Dimensional Chess,1.0,3D XYZ Chess,1.0,ChessQuito,1.0
124123,Dukes Chess,Abstract Strategy,Capablanca Chess,1.0,3 Dimensional Chess,1.0,3Dimensional Chess,1.0,3D XYZ Chess,1.0,ChessQuito,1.0
170976,Dunsany's Chess,Abstract Strategy,Capablanca Chess,1.0,3 Dimensional Chess,1.0,3Dimensional Chess,1.0,3D XYZ Chess,1.0,ChessQuito,1.0
426561,Dynamic Circular Chess,Abstract Strategy,Capablanca Chess,1.0,3 Dimensional Chess,1.0,3Dimensional Chess,1.0,3D XYZ Chess,1.0,ChessQuito,1.0
32914,East vs. West (Chess),Abstract Strategy,Byzantine Chess,0.667,Capablanca Chess,0.667,Ouk Chatrang,0.667,Sittuyin,0.667,HiveQueen,0.667
124456,Economy Chess,Abstract Strategy,Chesscalation,1.0,Cat Chess,0.75,Ouk Chatrang,0.667,Sittuyin,0.667,Carrera's chess,0.667
37753,Egg Chess,Abstract Strategy,Hex Hive: Syzygy,0.667,Chess 2000,0.5,Square Routes,0.5,Root Down,0.5,ROOT\G: boardgame,0.5
25913,Elemental Chess,Abstract Strategy,Fantasy Chess,0.6,Millennium 3D Chess,0.6,CardChess,0.6,DracoKrak Chess,0.5,Dragon Chess,0.5
36087,Elemental Chess,Abstract Strategy,Capablanca Chess,1.0,3 Dimensional Chess,1.0,3Dimensional Chess,1.0,3D XYZ Chess,1.0,ChessQuito,1.0
153791,En Prise Chess Cards,Card Game,BattleGoats,0.375,Icehouse: The Martian Chess Set,0.333,Scrabble Switch-Up,0.3,ChessCraft,0.3,Hanabi Deluxe II,0.3
128272,Enochian Chess,Abstract Strategy,3 Man Chess,0.75,Chessapeak Porta-Checkers,0.75,Chess Empire,0.75,Bughouse Chess,0.6,Chessapeak Challenge Chess,0.6
451436,Epic Battle Chess,Abstract Strategy,Galaxia Chess,0.333,Mediaeval Circular Chess,0.25,Operation Market Garden: Descent Into Hell,0.235,Hex Hive: Larvae,0.2,Hex Hive: Syzygy,0.2
36660,Eurasian Chess,Abstract Strategy,Capablanca Chess,1.0,3 Dimensional Chess,1.0,3Dimensional Chess,1.0,3D XYZ Chess,1.0,ChessQuito,1.0
2500,Express Chess,Abstract Strategy,Chessmate,1.0,Шахматы Хаоса,0.75,Dipole Chess,0.667,Diamond Chess,0.667,Doubles Chess,0.667
292103,Faerie Chess,Abstract Strategy,Arms Race Chess,1.0,Horseman's Chess,1.0,Chess960,0.833,Xiangqi,0.833,Manolo Chess,0.8
60305,Fantasy Chess,Abstract Strategy,DracoKrak Chess,0.75,Dragon Chess,0.75,Chesstique,0.667,ChessQuito,0.667,Chinese Chess,0.667
72282,Fantasy Chess,Abstract Strategy,Commander Chess,0.75,Gamma Chess,0.75,Military Chess,0.75,Meta Chess,0.75,DracoKrak Chess,0.6
223822,Fantasy Chesslords,Abstract Strategy,DracoKrak Chess,0.667,ChessHeads,0.571,Commander Chess,0.5,ChessCraft,0.5,Express Chess,0.5
22625,Gala,Abstract Strategy,Jetan,1.0,Arms Race Chess,0.8,Faerie Chess,0.8,Horseman's Chess,0.8,Near Chess,0.75
24291,Fidchell: Celtic Chess,Abstract Strategy,Fidhchell,0.6,Chessyball,0.5,Chinese Zodiac chess,0.5,Horseshoe,0.5,Grotesque Chess,0.5
33275,FIFA World Cup Chess,Abstract Strategy,Official Football Chess,1.0,Courier Chess,0.667,Circular Chess,0.667,Corner Chess,0.667,Chesseract,0.667
436755,Flip Chess,Abstract Strategy,Chessers,0.667,Near Chess,0.5,Quantum Chess,0.5,Quest-Chess,0.5,Neo-Chess,0.5
464929,Flip Chess,Abstract Strategy,Express Chess,0.6,Chessmate,0.6,Quantum Chess,0.6,Neo-Chess,0.6,Near Chess,0.6
14538,Fei Xing Qi,Dice,Chessgammon,0.6,Chinese Travel Chess,0.5,Monopoly of Three Kingdoms,0.5,Risky,0.5,Happy Double: No Risk No Run!,0.5
135218,Formations Chess,Abstract Strategy,Chess 2000,1.0,Square Routes,1.0,Root Down,1.0,ROOT\G: boardgame,1.0,Chess-kers,1.0
21270,Fortress Chess,Abstract Strategy,Capablanca Chess,1.0,3 Dimensional Chess,1.0,3Dimensional Chess,1.0,3D XYZ Chess,1.0,ChessQuito,1.0
104556,Four Seasons Chess,Abstract Strategy,Capablanca Chess,1.0,3 Dimensional Chess,1.0,3Dimensional Chess,1.0,3D XYZ Chess,1.0,ChessQuito,1.0
284634,Frog Chess,Abstract Strategy,Horseshoe,0.5,Ball's Chess,0.5,Grotesque Chess,0.5,Ladorean Chess,0.5,Chinese Zodiac chess,0.5
4462,FS Chess Football: A Thinking Fan's Game,Action / Dexterity,Jenga: Chicago Bears Collector's Edition,0.667,Jenga: Dallas Cowboys Collector's Edition,0.667,Jenga: Boston Red Sox Collector's Edition,0.667,Monopoly Free Parking Mini Game,0.667,Arnold Palmer's Table Golf,0.667
427099,Galaxia Chess,Abstract Strategy,Hex Hive: Larvae,0.5,Hex Hive: Pollinators,0.5,Hex Hive: Syzygy,0.5,Hex Hive: Buzzerker,0.4,Hex Hive: Bumbling Bees,0.4
8006,Galaxy Chess,Abstract Strategy,QUAD: Galactic Chess,0.667,Chess-kers,0.333,Crown Chess,0.333,Chess II,0.333,ROOT\G: boardgame,0.333
176195,Galaxy Zento: Chessmen,Adventure,Arkham Noir: Case #3 – Infinite Gulfs of Darkness,0.444,Anima: Beyond Good and Evil,0.429,Anima: Twilight of the Gods,0.429,Risk: The Lord of the Rings,0.364,War of the Ring,0.333
2136,Pachisi,Children's Game,The Kids of Catan,0.364,Bisnes,0.333,Monopoly Junior: Lemonade,0.3,Magical Athlete,0.267,Monopoly Junior: Peppa Pig,0.25
36059,Gamma Chess,Abstract Strategy,Fantasy Chess,0.75,Mutant Chess,0.667,Near vs Normal Chess,0.667,Nationalist Chess,0.667,No Stress Chess,0.667
146242,Geo Chess,Abstract Strategy,Capablanca Chess,1.0,3 Dimensional Chess,1.0,3Dimensional Chess,1.0,3D XYZ Chess,1.0,ChessQuito,1.0
416773,Giraffe Chess,Abstract Strategy,Orbital Chess,0.667,Chess 2000,0.5,Root Down,0.5,Square Routes,0.5,Cronk Chess,0.5
2501,Global Chess,Abstract Strategy,Capablanca Chess,1.0,3 Dimensional Chess,1.0,3Dimensional Chess,1.0,3D XYZ Chess,1.0,ChessQuito,1.0
260264,Glyph Chess,Abstract Strategy,Chezz Tactic Summoner Master,0.556,Dicey Chess,0.444,Cathedr'l: Fantasy Role Playing Chess,0.417,Roots of Mali,0.4,Batman: The Animated Series – Gotham City Under Siege,0.385
50806,Go Chess,Abstract Strategy,Capablanca Chess,1.0,3 Dimensional Chess,1.0,3Dimensional Chess,1.0,3D XYZ Chess,1.0,ChessQuito,1.0
14447,Trice's Chess,Abstract Strategy,Capablanca Chess,1.0,3 Dimensional Chess,1.0,3Dimensional Chess,1.0,3D XYZ Chess,1.0,ChessQuito,1.0
30596,Grand Chess,Abstract Strategy,Capablanca Chess,0.667,Ouk Chatrang,0.667,3rd Millennium Chess,0.667,Alice Chess,0.667,Angel Chess,0.667
373152,Graveyard Chess,Abstract Strategy,Faerie Chess,0.625,Horseman's Chess,0.625,Arms Race Chess,0.625,Xiangqi,0.556,Chess960,0.556
279585,Gravity Chess,Abstract Strategy,Capablanca Chess,1.0,3 Dimensional Chess,1.0,3Dimensional Chess,1.0,3D XYZ Chess,1.0,ChessQuito,1.0
131964,Grotesque Chess,Abstract Strategy,Chinese Zodiac chess,1.0,Chessyball,1.0,Horseshoe,1.0,Ball's Chess,1.0,Ladorean Chess,1.0
347916,Guess Chess,Abstract Strategy,Puzzle Board Chess,0.5,Othello,0.429,Patchwork Express,0.4,Stack'n Stuff: A Patchwork Game,0.4,Qwirkle Flex,0.375
19489,Half-board Chess,Abstract Strategy,Regimental Chess,1.0,Kamikaze Chess,0.75,3Dimensional Chess,0.667,Ultima,0.667,3rd Millennium Chess,0.667
23406,Kang Le Qi,Abstract Strategy,Chessgammon,0.5,Chess Race,0.5,Brandubh: Celtic Royal Chess,0.5,Guard the Hive's Golden Treasure!,0.5,Monopoly Junior: Party,0.5
107350,Henry VIII Chess,Abstract Strategy,Anti-King Chess,1.0,Capablanca Chess,1.0,Ouk Chatrang,1.0,Byzantine Chess,1.0,Sittuyin,1.0
431106,Hex Hive: Bee Chess,Abstract Strategy,Honeybee Brain Hexadoug Chess,0.714,Xiangqi,0.625,Manolo Chess,0.571,Chess,0.556,Chess Infinitum,0.556
19432,Hexagonal Chess,Abstract Strategy,Anti-King Chess,1.0,Capablanca Chess,1.0,Ouk Chatrang,1.0,Byzantine Chess,1.0,Sittuyin,1.0
34066,Hexagonal Chess for three,Abstract Strategy,Anti-King Chess,1.0,Capablanca Chess,1.0,Ouk Chatrang,1.0,Byzantine Chess,1.0,Sittuyin,1.0
21067,Hexes: Hexagonal Chess,Abstract Strategy,Anti-King Chess,1.0,Capablanca Chess,1.0,Ouk Chatrang,1.0,Byzantine Chess,1.0,Sittuyin,1.0
23012,A History of Board-Games Other Than Chess,Book,A History of Chess,0.5,The Classified Encyclopedia of Chess Variants,0.333,100 Other Games to Play on a Chessboard,0.25,"""An' go to your Gawd like a soldier"": Small Wars on the North-West Frontier",0.2,"Chess Variations  Ancient, Regional, and Modern",0.2
24455,A History of Chess,Book,The Classified Encyclopedia of Chess Variants,0.667,A History of Board-Games Other Than Chess,0.5,100 Other Games to Play on a Chessboard,0.5,"Chess Variations  Ancient, Regional, and Modern",0.4,ASEAN-Chess,0.333
2932,Hnefatafl,Abstract Strategy,Santorini,0.625,Interdimensional Chess,0.6,Neo-Chess,0.6,Crescendo Chess,0.6,Quantum Chess,0.6
354861,Hockey Chess,Maze,Cadi Golf,0.5,Box of Golf: A Classic Golf Board Game,0.5,CAGE's Open Invitation Golf Classic,0.4,Birdie!: Golf Nano Game,0.333,Big Time Golf,0.286
25847,Horseshoe,Abstract Strategy,Chinese Zodiac chess,1.0,Chessyball,1.0,Grotesque Chess,1.0,Ball's Chess,1.0,Ladorean Chess,1.0
341231,Honeybee Brain Hexadoug Chess,Abstract Strategy,Manolo Chess,0.8,Hex Hive: Bee Chess,0.714,Arms Race Chess,0.667,Abalone,0.667,Faerie Chess,0.667
328864,Horseman's Chess,Abstract Strategy,Arms Race Chess,1.0,Faerie Chess,1.0,Chess960,0.833,Xiangqi,0.833,Gala,0.8
189474,Hostage Chess,Abstract Strategy,Anti-King Chess,1.0,Capablanca Chess,1.0,Ouk Chatrang,1.0,Byzantine Chess,1.0,Sittuyin,1.0
40511,Hyperbolic Chess,Abstract Strategy,Anti-King Chess,1.0,Capablanca Chess,1.0,Ouk Chatrang,1.0,Byzantine Chess,1.0,Sittuyin,1.0
35433,IAGO Chess,Abstract Strategy,Anti-King Chess,1.0,Capablanca Chess,1.0,Ouk Chatrang,1.0,Byzantine Chess,1.0,Sittuyin,1.0
73296,Jääkiekkoshakki,Abstract Strategy,Chessgammon,0.8,Armchair Golf,0.6,Chessington,0.6,Americana Golf Game,0.6,UNO Dice,0.5
214162,Icehouse: The Martian Chess Set,Abstract Strategy,Flip Chess,0.4,Konkvest,0.4,Colour Chess + Lure,0.385,ChessCraft,0.364,Chess Dungeon,0.353
131168,Баттелі,Abstract Strategy,Quick Chess,1.0,Chess for Juniors,1.0,Omega Chess,0.667,One Ring Chess,0.667,No Stress Chess,0.667
274759,Imperial Chess,Abstract Strategy,Chess 2000,1.0,Square Routes,1.0,Root Down,1.0,ROOT\G: boardgame,1.0,Chess-kers,1.0
64831,Komikan,Abstract Strategy,Chess 2000,1.0,Square Routes,1.0,Root Down,1.0,ROOT\G: boardgame,1.0,Chess-kers,1.0
113899,Indo Persian chess,Abstract Strategy,Anti-King Chess,1.0,Capablanca Chess,1.0,Ouk Chatrang,1.0,Byzantine Chess,1.0,Sittuyin,1.0
32793,Infinite Chess,Abstract Strategy,Anti-King Chess,1.0,Capablanca Chess,1.0,Ouk Chatrang,1.0,Byzantine Chess,1.0,Sittuyin,1.0
25147,Integer Chess,Educational,Hive Alive,0.5,Ani-gram-it To Go,0.5,A-Math,0.333,Risky Business,0.333,The Sudoku Game,0.333
6060,Interdimensional Chess,Abstract Strategy,Crescendo Chess,1.0,Chess 2: The Sequel,0.75,ChessQuito,0.667,Chesseract,0.667,Chess on the Loose,0.667
122700,Isle of Eldermoor Chess,Abstract Strategy,Anti-King Chess,1.0,Capablanca Chess,1.0,Ouk Chatrang,1.0,Byzantine Chess,1.0,Sittuyin,1.0
132793,Janus Chess,Abstract Strategy,Anti-King Chess,1.0,Capablanca Chess,1.0,Ouk Chatrang,1.0,Byzantine Chess,1.0,Sittuyin,1.0
367484,Jim Henson's Labyrinth: Chess Set,Abstract Strategy,Frog Chess,0.429,Chinese Zodiac chess,0.333,Horseshoe,0.333,Ladorean Chess,0.333,Ball's Chess,0.333
80980,Jumping Chess,Abstract Strategy,Anti-King Chess,1.0,Capablanca Chess,1.0,Ouk Chatrang,1.0,Byzantine Chess,1.0,Sittuyin,1.0
256409,K-Chess,Abstract Strategy,Anti-King Chess,1.0,Capablanca Chess,1.0,Ouk Chatrang,1.0,Byzantine Chess,1.0,Sittuyin,1.0
251823,Kamikaze Chess,Abstract Strategy,Regimental Chess,0.75,Half-board Chess,0.75,Less: Like Chess but Less!,0.6,Schach Plus,0.6,3D XYZ Chess,0.5
287806,King Arthur's Vortex Chess,Fantasy,Nemesis: Skirmish Miniatures,0.333,Anima: Beyond Good and Evil,0.333,Anima: Twilight of the Gods,0.333,Galaxy Zento: Chessmen,0.333,Age of Gods,0.333
16866,Klin Zha,Abstract Strategy,Orbital Chess,0.429,3-D Chess,0.429,Jetan,0.375,Manolo Chess,0.375,Gala,0.375
178369,Knight-mare Chess,Abstract Strategy,American Chess,1.0,Quad Kingdom Chess,0.667,Lazer Chess,0.5,Level Chess,0.5,Formations Chess,0.5
5400,Changgi,Abstract Strategy,Anti-King Chess,1.0,Capablanca Chess,1.0,Ouk Chatrang,1.0,Byzantine Chess,1.0,Sittuyin,1.0
132364,Ladorean Chess,Abstract Strategy,Chessyball,1.0,Chinese Zodiac chess,1.0,Grotesque Chess,1.0,Horseshoe,1.0,Ball's Chess,1.0
91034,Laser Chess,Abstract Strategy,Near Chess,0.75,Neo-Chess,0.75,Quantum Chess,0.75,Oriental Chess,0.75,Quest-Chess,0.75
308938,Lazer Chess,Abstract Strategy,Chess 2000,1.0,Square Routes,1.0,Root Down,1.0,ROOT\G: boardgame,1.0,Chess-kers,1.0
381296,Less Chess,Abstract Strategy,Arms Race Chess,0.8,Faerie Chess,0.8,Horseman's Chess,0.8,Oriental Chess,0.75,Neo-Chess,0.75
191285,Less: Like Chess but Less!,Abstract Strategy,3 Man Chess,0.75,Chess Empire,0.75,Chessapeak Porta-Checkers,0.75,Schach Plus,0.6,Enochian Chess,0.6
56796,Let's Catch the Lion!,Abstract Strategy,Jungle,0.625,Quest-Chess,0.5,Quantum Chess,0.5,Quick Chess,0.5,4 Player Chess,0.5
173549,Letter Chess,Abstract Strategy,Chesscalation,0.5,Grand Chess,0.5,Scrabble Scoring Anagrams,0.5,Economy Chess,0.5,Cat Chess,0.429
350187,Level Chess,Abstract Strategy,Chess 2000,1.0,Square Routes,1.0,Root Down,1.0,ROOT\G: boardgame,1.0,Chess-kers,1.0
12701,Lewis Carroll's Chess Wordgame,Novel-based,Scrabble: Diary of a Wimpy Kid,0.75,Kham Khom,0.667,Scrabble: Chocolate Edition,0.667,Scrabble Speed,0.667,Scrabble Overturn,0.667
15323,Leyte Gulf Naval Chess Game,Print & Play,Red Descent: The Air and Ground Assault for Vyamza 1942,0.8,Black Gold (Texas Tea),0.6,The Battle of Changde: Operation Yo Go,0.6,Bloody Hell: Operations Goodwood and Spring,0.5,Pacific War Naval Chess Game,0.444
43712,Los Alamos Chess,Abstract Strategy,Anti-King Chess,1.0,Capablanca Chess,1.0,Ouk Chatrang,1.0,Byzantine Chess,1.0,Sittuyin,1.0
10745,Lucky Chess,Abstract Strategy,Anti-King Chess,1.0,Capablanca Chess,1.0,Ouk Chatrang,1.0,Byzantine Chess,1.0,Sittuyin,1.0
376144,Lunar Chess,Abstract Strategy,Carcassonne Big Box 7,0.444,Carcassonne: 20th Anniversary Edition,0.444,Carcassonne Demo,0.4,Carcassonne Big Box 5,0.4,Carcassonne Big Box 2,0.375
111322,Lurch! The Zombie Chess Game,Horror,Graveyard Chess,0.333,Altar of the Dead Gods,0.25,Risk: Call of Duty Zombies,0.222,Flick 'em Up!: Dead of Winter,0.222,Dominion of Rice and Napalm: NAM – Fight Battles of the Vietnam War: Solo Game,0.222
449945,Magnet Chess Board Game,Abstract Strategy,Chess 2000,0.5,Chess-kers,0.5,Square Routes,0.5,Root Down,0.5,Beyond Chess,0.5
188,Go,Abstract Strategy,Root Bound,0.625,Tanbo,0.625,Fairy Tale Inn,0.5,Othello,0.375,Qwirkle Trio,0.375
418478,Magnetism Intelligence Strategy Game,Action / Dexterity,Throw 'n Go Jenga,0.667,Oh Snap!,0.667,Bee Hive Game,0.667,Billy Goat,0.667,Beppo der Bock,0.667
2389,Othello,Abstract Strategy,Block Buster,0.75,Tanbo,0.667,Blokus Duo,0.667,Chessers,0.5,Branches and Twigs and Thorns,0.5
34317,Shatranj Diwana Shah,Abstract Strategy,Anti-King Chess,1.0,Capablanca Chess,1.0,Ouk Chatrang,1.0,Byzantine Chess,1.0,Sittuyin,1.0
39347,Makarenko Chess,Abstract Strategy,Anti-King Chess,1.0,Capablanca Chess,1.0,Ouk Chatrang,1.0,Byzantine Chess,1.0,Sittuyin,1.0
351248,Manolo Chess,Abstract Strategy,Faerie Chess,0.8,Honeybee Brain Hexadoug Chess,0.8,Horseman's Chess,0.8,Arms Race Chess,0.8,Orbital Chess,0.75
19803,Martian Chess,Abstract Strategy,Anti-King Chess,1.0,Capablanca Chess,1.0,Ouk Chatrang,1.0,Byzantine Chess,1.0,Sittuyin,1.0
16596,Jetan,Abstract Strategy,Gala,1.0,Arms Race Chess,0.8,Faerie Chess,0.8,Horseman's Chess,0.8,Quantum Chess,0.75
43487,Massacre Chess,Abstract Strategy,Anti-King Chess,1.0,Capablanca Chess,1.0,Ouk Chatrang,1.0,Byzantine Chess,1.0,Sittuyin,1.0
64126,Maya Chess,Abstract Strategy,Men Row Chess,1.0,3D Risk,1.0,Sea Chess,0.667,Beyond Chess,0.5,Lazer Chess,0.5
437319,Mediaeval Circular Chess,Abstract Strategy,Carolus Variant Chess,0.375,Chess of Qin Style,0.333,NI-SHI-KI: The Sliding Samurai Card Chess,0.3,Commander Chess,0.286,Castle Chess,0.286
192995,Melting Chess,Abstract Strategy,Chess Unbound,1.0,Chess 2000,0.5,ROOT\G: boardgame,0.5,Beyond Chess,0.5,Crown Chess,0.5
200024,Memory Chess,Children's Game,"Auf die Weide, fertig, los!",0.75,Patchwork Garden,0.667,Chess Kingdom Knight & Dragon,0.6,UNO Dice,0.5,Ziege mit Fliege,0.5
158817,Men Row Chess,Abstract Strategy,Maya Chess,1.0,3D Risk,1.0,Sea Chess,0.667,Beyond Chess,0.5,Komikan,0.5
172877,Meta Chess,Abstract Strategy,Military Chess,1.0,Commander Chess,1.0,DracoKrak Chess,0.75,Fantasy Chess,0.75,Chieftain Chess,0.75
97027,Metapontum Peace Chess,Abstract Strategy,Beyond Chess,0.5,Cronk Chess,0.5,Crown Chess,0.5,Formations Chess,0.5,ROOT\G: boardgame,0.5
93475,Mexican Chess,Abstract Strategy,Anti-King Chess,1.0,Capablanca Chess,1.0,Ouk Chatrang,1.0,Byzantine Chess,1.0,Sittuyin,1.0
98073,Micro chess,Abstract Strategy,Economy Chess,0.5,Chesscalation,0.5,Cat Chess,0.429,100 Other Games to Play on a Chessboard,0.429,Carolus Variant Chess,0.375
15296,Military Chess,Abstract Strategy,Meta Chess,1.0,Commander Chess,1.0,DracoKrak Chess,0.75,Fantasy Chess,0.75,Chieftain Chess,0.75
30660,Millennium 3D Chess,Abstract Strategy,CardChess,1.0,Chessapeak Challenge Chess,0.75,Bird's Chess,0.667,Chess In The Third Dimension,0.667,Sittuyin,0.667
19959,Millennium Chess,Abstract Strategy,Anti-King Chess,1.0,Capablanca Chess,1.0,Ouk Chatrang,1.0,Byzantine Chess,1.0,Sittuyin,1.0
27643,Ministers Chess,Abstract Strategy,Anti-King Chess,1.0,Capablanca Chess,1.0,Ouk Chatrang,1.0,Byzantine Chess,1.0,Sittuyin,1.0
29513,Modern Chess,Abstract Strategy,Anti-King Chess,1.0,Capablanca Chess,1.0,Ouk Chatrang,1.0,Byzantine Chess,1.0,Sittuyin,1.0
286850,Monkey King Chess,Mythology,Battle of the Gods,0.5,Enochian Chess,0.5,Capablanca Chess,0.333,HiveQueen,0.333,ASEAN-Chess,0.333
21074,Monochrome  Chess,Abstract Strategy,Anti-King Chess,1.0,Capablanca Chess,1.0,Ouk Chatrang,1.0,Byzantine Chess,1.0,Sittuyin,1.0
164954,Morph Chess,Abstract Strategy,Probability Magic Kingdom Chess,1.0,Square Routes,0.5,Zodiac,0.5,UNO Dice,0.5,Level Chess,0.5
144071,Mountain Pass Chess,Abstract Strategy,Anti-King Chess,1.0,Capablanca Chess,1.0,Ouk Chatrang,1.0,Byzantine Chess,1.0,Sittuyin,1.0
2772,Mutant Chess,Abstract Strategy,Anti-King Chess,1.0,Capablanca Chess,1.0,Ouk Chatrang,1.0,Byzantine Chess,1.0,Sittuyin,1.0
51417,Nationalist Chess,Abstract Strategy,Anti-King Chess,1.0,Capablanca Chess,1.0,Ouk Chatrang,1.0,Byzantine Chess,1.0,Sittuyin,1.0
153708,Blockade,Abstract Strategy,Ultima,0.667,Byzantine Chess,0.667,Ouk Chatrang,0.667,Capablanca Chess,0.667,3 Dimensional Chess,0.667
35616,Near Chess,Abstract Strategy,Neo-Chess,1.0,Oriental Chess,1.0,Quest-Chess,1.0,Quantum Chess,1.0,Schach Plus,0.75
35799,Near vs Normal Chess,Abstract Strategy,Anti-King Chess,1.0,Capablanca Chess,1.0,Ouk Chatrang,1.0,Byzantine Chess,1.0,Sittuyin,1.0
10500,Neo-Chess,Abstract Strategy,Near Chess,1.0,Oriental Chess,1.0,Quest-Chess,1.0,Quantum Chess,1.0,Schach Plus,0.75
31735,NI-SHI-KI: The Sliding Samurai Card Chess,Medieval,"Risk: Warhammer 40,000",0.444,Risk: The Battle for Medieval England,0.429,Risk: Marvel Cinematic Universe,0.4,Risk 2210 A.D.,0.364,Risk: Dune,0.364
130675,Ninja Chess,Abstract Strategy,Anti-King Chess,1.0,Capablanca Chess,1.0,Ouk Chatrang,1.0,Byzantine Chess,1.0,Sittuyin,1.0
19918,No Stress Chess,Abstract Strategy,Anti-King Chess,1.0,Capablanca Chess,1.0,Ouk Chatrang,1.0,Byzantine Chess,1.0,Sittuyin,1.0
149886,Noris Schach,Abstract Strategy,Anti-King Chess,1.0,Capablanca Chess,1.0,Ouk Chatrang,1.0,Byzantine Chess,1.0,Sittuyin,1.0
371216,Not Chess,Abstract Strategy,Chaos Chess,0.375,Apples to Apples to Go,0.333,Chessnuts,0.333,Time's Up! Edición Azul,0.3,Exploding Kittens: Recipes for Disaster,0.3
83413,Odin's Rune Chess,Abstract Strategy,Anti-King Chess,1.0,Capablanca Chess,1.0,Ouk Chatrang,1.0,Byzantine Chess,1.0,Sittuyin,1.0
49158,Official Football Chess,Abstract Strategy,FIFA World Cup Chess,1.0,Courier Chess,0.667,Circular Chess,0.667,Corner Chess,0.667,Chesseract,0.667
12040,Omega Chess,Abstract Strategy,Anti-King Chess,1.0,Capablanca Chess,1.0,Ouk Chatrang,1.0,Byzantine Chess,1.0,Sittuyin,1.0
427008,Omok Chess: Hundred Years' War,Abstract Strategy,Chess 2000,1.0,Square Routes,1.0,Root Down,1.0,ROOT\G: boardgame,1.0,Chess-kers,1.0
83411,One Ring Chess,Abstract Strategy,Anti-King Chess,1.0,Capablanca Chess,1.0,Ouk Chatrang,1.0,Byzantine Chess,1.0,Sittuyin,1.0
322734,One-Dimensional Chess,Abstract Strategy,Chess4,0.5,Manolo Chess,0.5,Honeybee Brain Hexadoug Chess,0.429,Horseman's Chess,0.429,Faerie Chess,0.429
37750,Opulent Chess,Abstract Strategy,3 Dimensional Chess,1.0,3D XYZ Chess,1.0,Centre Chess,1.0,Elemental Chess,1.0,Crazyhouse,1.0
7456,Orbital Chess,Abstract Strategy,Gala,0.75,Manolo Chess,0.75,Jetan,0.75,ASEAN-Chess,0.667,3D XYZ Chess,0.667
370260,Orda Chess,Abstract Strategy,Chess on a really big board,1.0,Chess Infinitum,1.0,Xiangqi,0.857,Chessetto,0.778,Raumschach,0.75
324863,Oriental Chess,Abstract Strategy,Quest-Chess,1.0,Quantum Chess,1.0,Neo-Chess,1.0,Near Chess,1.0,Gala,0.75
369427,The Original 3-D Chess Game,Abstract Strategy,Chess 2000,0.5,Square Routes,0.5,Root Down,0.5,ROOT\G: boardgame,0.5,Chess-kers,0.5
224064,Pacific War Naval Chess Game,Aviation / Flight,Red Descent: The Air and Ground Assault for Vyamza 1942,0.5,"Nemesis: The Battle of Abbey Ardenne, June 7 1944",0.444,Nemesis: Burma 1944,0.444,Leyte Gulf Naval Chess Game,0.444,Descent on Crete: May 1941,0.444
232974,Paco Ŝako,Abstract Strategy,Maya Chess,0.5,3D Risk,0.5,Men Row Chess,0.5,Flip Chess,0.5,Chessers,0.5
136220,Plum Chess,Abstract Strategy,Cat Chess,0.75,Doubles Chess,0.667,Diplomat Chess,0.667,Dipole Chess,0.667,Chesseract,0.667
60724,Pocket Knight Chess,Abstract Strategy,Anti-King Chess,1.0,Capablanca Chess,1.0,Ouk Chatrang,1.0,Byzantine Chess,1.0,Sittuyin,1.0
117491,Pokemon Battle Chess,Abstract Strategy,Pokémon Battle Chess,1.0,Баттелі,0.5,Quick Chess,0.5,Chess for Juniors,0.5,RooTile,0.5
470724,Pokémon Battle Chess,Abstract Strategy,Pokemon Battle Chess,1.0,Баттелі,0.5,Quick Chess,0.5,Chess for Juniors,0.5,RooTile,0.5
342083,Popit Chess,Children's Game,UNO Dice,0.75,Risk & Reward,0.6,Monopoly Junior: Shopkins,0.6,"Frühling, Sommer, Herbst und Winter",0.6,AC-Goose Story,0.5
374543,Probability Magic Kingdom Chess,Abstract Strategy,Morph Chess,1.0,Square Routes,0.5,Zodiac,0.5,UNO Dice,0.5,Level Chess,0.5
368542,Psycho Chess,Abstract Strategy,3 Dimensional Chess,0.667,3rd Millennium Chess,0.667,3Dimensional Chess,0.667,3D XYZ Chess,0.667,Alice Chess,0.667
319851,Puzzle Board Chess,Abstract Strategy,Azuleo,0.667,Branches and Twigs and Thorns,0.667,UNO Wild Tiles,0.667,Azul Kids,0.6,Block Buster,0.5
19950,Pyramid Chess,Abstract Strategy,3 Dimensional Chess,1.0,3D XYZ Chess,1.0,Centre Chess,1.0,Elemental Chess,1.0,Crazyhouse,1.0
152703,Quad Kingdom Chess,Abstract Strategy,One Ring Chess,0.667,Mountain Pass Chess,0.667,IAGO Chess,0.667,Indo Persian chess,0.667,Massacre Chess,0.667
29761,QUAD: Galactic Chess,Abstract Strategy,Galaxy Chess,0.667,Chess II,0.5,Beyond Chess,0.5,Chess 2000,0.5,Crown Chess,0.5
356577,Quadlevel 3D Chess,Abstract Strategy,3 Dimensional Chess,1.0,3D XYZ Chess,1.0,Centre Chess,1.0,Elemental Chess,1.0,Crazyhouse,1.0
333273,Quantum Chess,Abstract Strategy,Quest-Chess,1.0,Near Chess,1.0,Neo-Chess,1.0,Oriental Chess,1.0,Schach Plus,0.75
95026,Quest-Chess,Abstract Strategy,Quantum Chess,1.0,Near Chess,1.0,Neo-Chess,1.0,Oriental Chess,1.0,Schach Plus,0.75
10463,Quick Chess,Abstract Strategy,Chess for Juniors,1.0,Баттелі,1.0,Omega Chess,0.667,One Ring Chess,0.667,No Stress Chess,0.667
249419,Random Coping Chess,Abstract Strategy,Risk: Godstorm,0.353,War of the Ring Collector's Edition,0.286,Narnia Risk Junior,0.286,Risk: Black Ops,0.278,Risk: Battlefield Rogue,0.278
24832,Regimental Chess,Abstract Strategy,Half-board Chess,1.0,Kamikaze Chess,0.75,3Dimensional Chess,0.667,Ultima,0.667,3rd Millennium Chess,0.667
24806,Rennaissance Chess,Abstract Strategy,Anti-King Chess,0.667,Angel Chess,0.667,Ultima,0.667,3 Dimensional Chess,0.667,Ouk Chatrang,0.667
51647,Reserve Chess,Abstract Strategy,3 Dimensional Chess,1.0,3D XYZ Chess,1.0,Centre Chess,1.0,Elemental Chess,1.0,Crazyhouse,1.0
62207,Tavreli,Abstract Strategy,3 Dimensional Chess,1.0,3D XYZ Chess,1.0,Centre Chess,1.0,Elemental Chess,1.0,Crazyhouse,1.0
127819,Sea Chess,Abstract Strategy,Dicey Chess,0.667,Near Chess,0.6,Neo-Chess,0.6,Blockade,0.6,Gamma Chess,0.6
180377,Sea Chess,Abstract Strategy,3D Risk,0.667,Maya Chess,0.667,Men Row Chess,0.667,Blockade,0.5,Paco Ŝako,0.4
35574,Seirawan-Harper's Chess,Abstract Strategy,3 Dimensional Chess,1.0,3D XYZ Chess,1.0,Centre Chess,1.0,Elemental Chess,1.0,Crazyhouse,1.0
188909,Seizer's Chess,Abstract Strategy,3 Dimensional Chess,1.0,3D XYZ Chess,1.0,Centre Chess,1.0,Elemental Chess,1.0,Crazyhouse,1.0
6567,007 James Bond: Goldfinger,Adventure,Batman: The Chase Through Gotham City,0.333,Disney Pixar Cars 3: Risky Raceway Game,0.333,Monopoly Junior: Disney Pixar Cars 3 Edition,0.333,Monopoly Junior: Bakugan Battle Brawlers,0.3,"10-Four, Good Buddy",0.3
6809,007 James Bond: The Man with the Golden Gun,Adventure,Schach Plus,0.375,Klin Zha,0.273,Oriental Chess,0.25,Near Chess,0.25,3-D Chess,0.25
286541,1 2 3 Good Night,Action / Dexterity,"Boom, Bang, Gold",0.429,Jenga: Space Invaders Collector's Edition,0.4,Jenga Xtreme,0.4,Jenga: Harley-Davidson Collector's Edition,0.4,Jenga Max,0.4
2498,1-2-3 Go!,Action / Dexterity,Jenga: Disney Frozen,0.6,Magnetism Intelligence Strategy Game,0.5,Oh Snap!,0.4,UNO Dice,0.4,Beppo der Bock,0.4
67315,10-4 Good Buddy: The CB Game,Transportation,The Aussie Gold Rush Game,0.5,"10-Four, Good Buddy",0.4,Eldorado: La grande corsa all'oro,0.333,Arnold Palmer Golf Game,0.333,Monopoly Free Parking Mini Game,0.333
8477,"10-Four, Good Buddy",Humor,10-4 Good Buddy: The CB Game,0.4,007 James Bond: Goldfinger,0.3,Barney Google and Spark Plug Game,0.286,Batman: The Chase Through Gotham City,0.286,Monopoly Junior: Disney Pixar Cars 3 Edition,0.286
209773,100 Swords: The Gold King's Dungeon,Card Game,Ascension: Deckbuilding Game,0.8,Dominion: Big Box,0.667,Dungeon Keeper Unofficial Card Game,0.6,UNO: The Legend of Zelda,0.6,UNO: UNOcorns,0.6
459572,100vs1: Gorilla Clash,Card Game,Exploding Kittens: Recipes for Disaster,0.5,Exploding Kittens: 2-Player Edition,0.455,Exploding Kittens: Duels,0.417,Dixit Universe Access+,0.4,Hanabi & Ikebana,0.4
163482,15 Dias: The Spanish Golden Age,Card Game,UNO: New York City,0.333,UNO: National Parks,0.333,UNO: Texas,0.333,UNO: Limited Too It's A Girl's World,0.333,Uno: Super Bowl XL Steelers Special Edition,0.333
293145,15 Go!,Card Game,UNO Express,0.667,Monopoly Deal London,0.6,Splendor: AsmOPlay Kit,0.5,Rivals for Catan: Deluxe,0.429,Struggle for Catan,0.4
7217,1500 Gold,Racing,Auto-Go,0.75,Jenga: Chicago Cubs Collector's Edition,0.5,APBA Professional Golf,0.5,AGE: The Amazing Goal Era,0.429,1st & Goal,0.429
350481,1848: The Golden Spike,American West,1869: The Golden Spike,0.333,1878 Gotland: Railways in the Baltic Sea,0.3,Twin Play Classics: Monopoly and Scrabble,0.286,Riskkapitalist,0.273,Inflatable Monopoly,0.273
17014,1869: The Golden Spike,Trains,1878 Gotland: Railways in the Baltic Sea,0.571,18RoyalGorge: The Rails of Fremont County and the Royal Gorge Wars,0.5,Scrabble Upper Hand,0.333,1848: The Golden Spike,0.333,Ticket to Ride: First Journey (U.S.),0.25
461831,1878 Gotland: Railways in the Baltic Sea,Economic,1869: The Golden Spike,0.571,18RoyalGorge: The Rails of Fremont County and the Royal Gorge Wars,0.444,Argentina (fan expansion for Ticket to Ride),0.333,Ticket to Ride: Germany,0.333,Ticket to Ride: Märklin,0.3
381671,18RoyalGorge: The Rails of Fremont County and the Royal Gorge Wars,Trains,1869: The Golden Spike,0.5,1878 Gotland: Railways in the Baltic Sea,0.444,Энергосеть: Россия (Power Grid: Russia),0.308,Power Grid,0.308,Bullfrog Goldfield,0.3
380839,1930: The Golden Age of Airlines,Aviation / Flight,Monopoly: Super Electronic Banking,0.5,Brasfield & Gorrie Constructionopoly,0.333,Monopoly for Millennials,0.333,Monopoly for Sore Losers,0.333,The Game Of Roots,0.333
92389,The 19th Hole Classic Golf Card Game,Sports,UNO: Chicago White Sox,0.5,UNO: David Wright Special,0.5,UNO: David Ortiz Limited,0.5,UNO: Cricket,0.5,UNO: Alex Rodriguez Limited Edition,0.5
22536,19th Hole Golf,Dice,Boxing For Gold,1.0,Americana Golf Game,0.667,Armchair Golf,0.667,Arnold Palmer's Inside Golf,0.5,APBA Golf Game,0.5
126925,19th Hole Golf,Sports,Arnold Palmer's Inside Golf,0.5,APBA Golf Game,0.5,Jenga: Boston Red Sox Collector's Edition,0.333,Jenga: Chicago Bears Collector's Edition,0.333,UNO: WWE Card Game,0.333
95105,1st & Goal,Card Game,AC-Goose Story,0.571,UNO: Boston Celtics Legends,0.5,UNO: Brett Favre NFL Greatest Players Edition,0.5,UNO: Kobe Bryant Special Edition,0.5,UNO: Brian Urlacher Special Edition,0.5
111174,2012: Godswake,Adventure,City of Brass: a game of colonial exploration,0.4,Age of Gods,0.364,Risky Adventure,0.333,Dominion At Dawn,0.273,Dragon Chess: Arcane Battles,0.267
110345,21st Century Gold Rush,American West,Black Gold,0.5,Black Gold,0.5,Monopoly: Ultimate Banking,0.5,Monopoly Secret Vault,0.5,Power Grid: Factory Manager,0.5
217989,24 godziny,Adventure,Batman: Gotham City Crimes,0.333,Arkham Horror: Final Hour,0.286,Serenity: The Unofficial Board Game,0.273,Arkham Horror (Third Edition),0.25,Risky Adventure,0.222
440279,30 to Go,Card Game,Euchre,0.667,5 Gold Rings Card Game,0.5,UNO Power Grab,0.5,UNO: Chicaco Cubs,0.5,UNO MASTER,0.5
187104,4 Gods,Puzzle,Azuleo,0.5,Puzzle Board Chess,0.4,Carcassonne Limited Edition,0.4,Carcassonne Big Box,0.333,New World: A Carcassonne Game,0.333
17123,4: The After Dinner Golf Game with Attitude,Sports,CAGE's Open Invitation Golf Classic,0.667,Arnold Palmer's Inside Golf,0.5,APBA Golf Game,0.5,Jenga: Chicago Cubs Collector's Edition,0.333,UNO: WWE Card Game,0.333
267908,5 Gold Rings,Movies / TV / Radio theme,Blockbusters Gold Run Card Game,1.0,1 vs. 100 Board Game,0.667,WaveLength,0.5,Riskier Was,0.5,Babe Winkelman's Good Fishing,0.5
459760,5 Gold Rings Card Game,Card Game,WaveLength,0.6,30 to Go,0.5,Blockbusters Gold Run Card Game,0.5,UNO: Hairspray,0.4,UNO: Family Guy,0.4
308663,7 Gods,Dice,Arena: For the Gods!,0.333,Catan: Core + China Map,0.25,Scrabble: Texas Spell ‘Em,0.25,Risk: Star Wars Edition,0.25,Risk: Captain America – Civil War Edition,0.25
265674,72 (ななじゅうに) (72 Demons of Goetia),Card Game,Altar: Realms of the Gods,0.4,Anima: Beyond Good and Evil,0.375,UNO: Monster High,0.375,Ascension: Deckbuilding Game,0.375,Anima: Twilight of the Gods,0.375
392097,800 Pound Gorilla,Animals,Boo Boo (SUPER PIG) GO TO CITY,1.0,Billy Goat,0.667,Baby Shark Let's Go Hunt Game,0.667,Ziege mit Fliege,0.667,Bee Hive Game,0.667
27827,Bisnes,Children's Game,Monopoly Junior: Lemonade,0.8,Black Gold,0.6,Monopoly Junior: Super Mario,0.6,Monopoly Express,0.6,Monopoly Junior Game: Disney/Pixar Incredibles 2 Edition,0.6
526,Abalone,Abstract Strategy,Hex Hive: Swarm,0.667,Honeybee Brain Hexadoug Chess,0.667,Hex Hive: Pollinators,0.6,Hex Hive: Larvae,0.6,Orbital Chess,0.6
254926,AC-Goose Story,Card Game,UNO: Polly Pocket,0.6,UNO: Burger King Edition,0.6,UNO: Barbie California Girl,0.6,1st & Goal,0.571,UNO: Eye-Eye SpongeBob!,0.5
33776,Ace Handicap Golf,Sports,Just One Die Soccer,1.0,Birdie!: Golf Nano Game,0.75,Amateur Golf,0.667,Jenga: Chicago Cubs Collector's Edition,0.667,APBA Professional Golf,0.667
144861,Ace in the Chains: A Disc Golf Game,Memory,Rally: Risk and Evaluation on All Roads in the Worlds,0.429,Birdie!: Golf Nano Game,0.429,Big Time Golf,0.375,Amateur Golf,0.333,Ace Handicap Golf,0.286
130048,Activity: Gold Edition,Card Game,Sexopoly,0.5,30 to Go,0.333,The Root Beer Float Challenge,0.333,Codenames: Back to Hogwarts,0.3,Time's Up! Edición Azul,0.3
338478,Admirals:  A Game of Fleet Actions in the Golden Age of Fighting Sail,Age of Reason,Bloody Close Quarters: Rules for Fighting the Last Desperate Moments of a Naval Battle in the Golden Age of Piracy,0.385,Blood & Gold: Naval Warfare During The Age of Piracy,0.385,"Agricola, Master of Britain",0.333,Azul y Rojo,0.312,Blackbeard: The Golden Age of Piracy,0.294
98721,AdventureQuest Worlds: The ANYTHING-GOES BattleOn Battle Card Game,Card Game,UNO: The Legend of Zelda,0.8,UNO: Nintendo,0.6,All Hail The Goblin King,0.6,UNO: Pokémon,0.571,Dungeon Keeper Unofficial Card Game,0.5
93679,Aether Captains: Capek Golems,Card Game,Nemesis: TL;DR Version,0.455,Harry Potter Unofficial Magic Duel Card Game,0.444,ChessCraft,0.444,Decktet-Uno,0.429,Qwirkle Cards,0.429
230079,Against All Odds: Battle for the Golan Heights,Modern Warfare,1813: Napoleon's Nemesis,0.6,"Nemesis: The Battle of Abbey Ardenne, June 7 1944",0.5,Nemesis: Burma 1944,0.5,Descent on Crete: May 1941,0.5,War of the Ring,0.429
38573,Against the Scourge of God,Ancient,"Agricola: Roman Campaign in Britain, AD 82-84",0.4,Risk: Asterix – Collector's Edition,0.333,Attila: Scourge O'God,0.333,Dominion of the Spear,0.3,Nemesis: Skirmish Miniatures,0.286
349963,Age of Comics: The Golden Years,Card Game,Brass Empire,0.364,Wondrous Creatures,0.333,Everdell: Collector's Edition,0.312,Splendor: Marvel,0.308,UNO: Spider-Sense Spider-Man,0.3
13071,Age of Gods,Bluffing,ChessWar,0.375,2012: Godswake,0.364,Mortals: Descent of the Gods,0.333,King Arthur's Vortex Chess,0.333,City of Brass: a game of colonial exploration,0.333
47148,AGE: The Amazing Goal Era,Card Game,Anima: Beyond Good and Evil,0.571,Anima: Twilight of the Gods,0.571,UNO: Stars of the American League,0.5,UNO: Red Sox 07 World Series Champions,0.5,UNO: National Football League NFL Editions,0.5
6740,Alaric the Goth: Fall of the Western Roman Empire,Ancient,Attila: Scourge O'God,0.8,"Agricola: Roman Campaign in Britain, AD 82-84",0.6,Risk: The Battle for Medieval England,0.6,Risk: Asterix – Collector's Edition,0.5,Nemesis: Burma 1944,0.429
15849,Klondyke,Exploration,The Alaskan Gold Rush,0.5,The Aussie Gold Rush Game,0.5,På egen risk,0.333,Chess Race,0.333,Monopoly for Sore Losers,0.333
31700,The Alaskan Gold Rush,Card Game,Antillia and the Lost Cities of Gold,0.5,Klondyke,0.5,Liar's UNO,0.4,Scrabble Poker,0.333,World at Risk,0.286
57251,Dragon Dice game,Dice,Archers of Godfrey,0.5,Happy Double: No Risk No Run!,0.5,Risky,0.5,Dragon Chess: Arcane Battles,0.444,Chezz Tactic Summoner Master,0.429
20220,Alfons Godnatt-spel,Children's Game,Monopoly Junior: Party,0.667,Monopoly Junior: Gabby's Dollhouse,0.667,Guard the Hive's Golden Treasure!,0.667,Chess more than a game!,0.5,Barney Google an' Snuffy Smith Time's a Wastin'! Game,0.5
178282,All Gods Are Dying,Mythology,Battle of the Gods,0.333,Diner Chess,0.25,Monkey King Chess,0.25,Dan Qi,0.25,Catan: First Adventure,0.25
442081,All Hail The Goblin King,Card Game,Boba Goba,0.667,AdventureQuest Worlds: The ANYTHING-GOES BattleOn Battle Card Game,0.6,The Golden Compass,0.5,Behind Every Good Man,0.5,Black Stories Junior: Golden Stories,0.5
433424,Alpha Team Mechanized Battle Force Go!,Card Game,Aeon's End: The Descent,0.429,Power Rangers: Heroes of the Grid,0.357,Eternal Decks,0.357,7 Wonders (Second Edition),0.357,UNO: Star Trek,0.333
7682,Go Fish,Card Game,By Golly!,0.667,Hanabi Deluxe II,0.571,Hanabi & Ikebana,0.571,Scrabble People,0.5,Barbie: Go Shopping!,0.5
11003,Alphabet Squiggle,Children's Game,My First Scrabble,0.364,Scrabble People Letter-Matching Board Game,0.3,FlipOut,0.286,Animal Merry-Go-Round Motor Skill Game,0.273,Ancient Egypt Go Fish for Art,0.273
371402,Altar of the Dead Gods,Fantasy,Nemesis: Skirmish Miniatures,0.571,War of the Ring,0.444,Dominion of the Orc: Fight Fantasy Battles – Solo Game,0.4,Dominion of Sombreros and Dynamite: Fight Battles of the Mexican Revolution Solo Game,0.4,Dominion of the Trenches: Fight Battles of World War One – Solo Game,0.4
380844,Altar: Realms of the Gods,Card Game,Anima: Twilight of the Gods,0.444,Anima: Beyond Good and Evil,0.444,Ascension: Deckbuilding Game,0.444,72 (ななじゅうに) (72 Demons of Goetia),0.4,Dominion: Big Box,0.4
289175,Altar: the War of Gods – Celts,Fantasy,The Assault on Goblintown,0.5,Age of Gods,0.286,Risk II (fan adaptation of Risk),0.25,Monopoly Junior: Yo-kai Watch Edition,0.25,それでも勇者は行く (The Brave Still Go Around),0.25
399941,River of Gold,Economic,Monopoly Junior,0.294,San Juan,0.273,Monopoly: Branson Edition,0.263,Monopoly: A Court of Thorns and Roses,0.261,Monopoly W:O:A,0.25
13452,Amateur Golf,Sports,Ace Handicap Golf,0.667,Just One Die Soccer,0.667,Birdie!: Golf Nano Game,0.5,Arnold Palmer's Inside Golf,0.5,APBA Golf Game,0.5
3788,The American Goldrush 1849,American West,Black Gold,0.429,Bisnes,0.429,Monopoly Express,0.429,Hamleys Monopoly,0.375,Monopoly Express,0.375
9741,An American Tail: Fievel Goes West,American West,Bugs Bunny's: Who's Got The Carrot Game,0.8,Monopoly Junior: Finding Dory edition,0.667,Monopoly Junior: Benjamin Blümchen,0.571,Monopoly Junior Game: Disney/Pixar Incredibles 2 Edition,0.5,Monopoly Junior: Sofia the first,0.5
7544,Americana Golf Game,Dice,APBA Professional Golf,0.667,Boxing For Gold,0.667,Risky,0.667,19th Hole Golf,0.667,Jenga: Chicago Cubs Collector's Edition,0.667
386502,Amritsar: The Golden Temple,Territory Building,Banker of the Gods,0.25,Borobudur: The Golden Era,0.231,Great Western Trail: Argentina,0.231,Great Western Trail: El Paso,0.214,Viticulture Essential Edition,0.214
297335,"""An' go to your Gawd like a soldier"": Small Wars on the North-West Frontier",Book,Dominion of Otto von Bismarck: Fight Battles from the Crimea to Sedan – Solo Game,0.444,Dominion of the Spear and Bayonet: Fight Battles of the Colonial Era – Solo Game,0.444,"Dead of Winter: The Battle of Stones River – Murfreesboro, Tennessee",0.375,Dead of Winter: The Battle of Stones River (Second Edition),0.333,Dominion of the Red and White: Fight Battles of the Russian Civil War – Solo Game,0.333
308688,Anarcade Deck Building Game: Champion Gold,Humor,AdventureQuest Worlds: The ANYTHING-GOES BattleOn Battle Card Game,0.333,Jenga: Donkey Kong Collector's Edition,0.2,UNO: Nintendo,0.2,Risk: The Elder Scrolls V – Skyrim,0.2,Monopoly Gamer: Overwatch Collector's Edition,0.2
123917,Ancient Egypt Go Fish for Art,Card Game,By Golly!,0.667,FlipOut,0.556,Scrabble People,0.5,Barbie: Go Shopping!,0.5,More Roots,0.5
104582,Ancient Game of GOMI,Card Game,UNO MASTER,1.0,UNO Party!,1.0,UNO Bundle Collector Tin,1.0,UNO Power Grab,1.0,UNO & Skip-Bo Bonus Pak,1.0
337704,Angry Birds Go! Jenga: Pirate Pig Attack,Action / Dexterity,Bee Hive Game,0.75,Billy Goat,0.75,Tierisch auf Zack,0.6,Boo Boo (SUPER PIG) GO TO CITY,0.5,Animal Merry-Go-Round Motor Skill Game,0.5
204025,Angry Birds Go! Jenga: Trophy Cup Challenge,Action / Dexterity,Bee Hive Game,0.75,Billy Goat,0.75,Tierisch auf Zack,0.6,Boo Boo (SUPER PIG) GO TO CITY,0.5,Animal Merry-Go-Round Motor Skill Game,0.5
171556,Ani-gram-it To Go,Educational,Risky Business,0.5,Integer Chess,0.5,Riskland,0.333,Neuron Nemesis,0.333,Riskier Was,0.25
40483,Anima: Beyond Good and Evil,Card Game,Ascension: Deckbuilding Game,0.667,AGE: The Amazing Goal Era,0.571,Dominion: Big Box,0.571,UNO: UNOcorns,0.5,Rivals for Catan: Deluxe,0.5
63385,Anima: Twilight of the Gods,Card Game,Ascension: Deckbuilding Game,0.667,AGE: The Amazing Goal Era,0.571,Dominion: Big Box,0.571,UNO: UNOcorns,0.5,Rivals for Catan: Deluxe,0.5
183656,Animal Merry-Go-Round Motor Skill Game,Action / Dexterity,Bee Hive Game,0.6,Billy Goat,0.6,Ziege mit Fliege,0.6,Hive Alive,0.5,"Auf die Weide, fertig, los!",0.5
285967,Ankh: Gods of Egypt,Ancient,My Little Scythe,0.296,Fight in the Hive,0.263,Iron Scales: Sky Dominion,0.261,"Unmatched: Battle of Legends, Volume One",0.25,Anunnaki: Dawn of the Gods,0.25
146319,Antillia and the Lost Cities of Gold,Card Game,UNO Party!,0.5,UNO Power Grab,0.5,UNO MASTER,0.5,Top Brass,0.5,UNO: Jelly Belly Special Edition,0.5
191205,The Ants Go Marching,Children's Game,Catan Junior Mitbringspiel,1.0,Magnetism Intelligence Strategy Game,0.5,Catan: First Adventure,0.5,Boo Boo (SUPER PIG) GO TO CITY,0.5,Guard the Hive's Golden Treasure!,0.5
344105,Anunnaki: Dawn of the Gods,Ancient,Scythe,0.417,Duel of Meloch,0.333,Terraforming Mars,0.269,Gaia Project,0.25,Ankh: Gods of Egypt,0.25
87807,Anything Goes,Deduction,Dixit: Journey,0.444,Dixit Jinx,0.4,The Root Beer Float Challenge,0.4,Dixit: Demo Deck,0.375,Black Sheep Gone Wild,0.333
80484,APBA Golf Game,Sports,Arnold Palmer's Inside Golf,1.0,Jenga: Chicago Bears Collector's Edition,0.5,Jenga: Boston Red Sox Collector's Edition,0.5,Jenga: Chicago Cubs Collector's Edition,0.5,UNO: WWE Card Game,0.5
12369,APBA Professional Golf,Sports,Jenga: Chicago Cubs Collector's Edition,1.0,Ace Handicap Golf,0.667,Auto-Go,0.667,Americana Golf Game,0.667,ASG Golf,0.667
448723,Apex Golf,Sports,APBA Golf Game,0.5,Arnold Palmer's Inside Golf,0.5,Jenga: Boston Red Sox Collector's Edition,0.333,Jenga: Chicago Bears Collector's Edition,0.333,UNO: WWE Card Game,0.333
458535,Apocalypse: Earth – Wargaming in a World Gone Wrong,Book,Brassbound: Adamantine Dawn,0.6,Divine Descent,0.5,Dominion of the Blitzkrieg WWII: Fight Battles of the Early 2nd World War – Solo Game,0.417,Necromunda: Hive Secundus,0.4,Necromunda: Hive War,0.4
37612,Apples to Apples to Go,Card Game,Dixit: Demo Deck,0.5,Roots,0.5,Black Sheep Gone Wild,0.444,Exploding Kittens: Recipes for Disaster,0.444,Scrabble Twists & Turns,0.429
198522,Archer: Once You Go Blackmail...,Card Game,UNO: The Nightmare Before Christmas,0.5,5 Alive / Uno,0.5,UNO: Barbie The Movie,0.5,UNO: Glee,0.5,UNO: The Big Bang Theory,0.5
274437,Archers of Godfrey,Dice,Dominion of the Gods,0.5,ChessMage: Deck of the Myriad Shards,0.5,それでも勇者は行く (The Brave Still Go Around),0.5,Dragon Dice game,0.5,Monopoly of Three Kingdoms,0.333
472907,Ardennes Snow: A Roll & Go Wargame,Wargame,Dominion of the Sherman and T-34 WWII: Fight Battles of the late 2nd World War – Solo Game,0.714,Descent on Malta,0.6,Dominion of the Blitzkrieg WWII: Fight Battles of the Early 2nd World War – Solo Game,0.556,Dominion of Marlborough and Peter the Great,0.5,Dominion of Patriots and Redcoats: Fight Battles of the American War of Independence – Solo Game,0.5
245627,Are You Gonna Eat That?,Bluffing,UNO: All Wild!,0.6,UNO: Colors Rule,0.6,UNO Pocket,0.5,UNO Flex!,0.5,Mini UNO Bullseye,0.5
207753,Arena: For the Gods!,Dice,Chezz Tactic Summoner Master,0.364,7 Gods,0.333,Glyph Chess,0.308,Risk It All,0.286,Battle of Gods,0.278
232929,Arith Magica: Adventures in Gossamyr,Comic Book / Strip,それでも勇者は行く (The Brave Still Go Around),0.5,ChessMage: Deck of the Myriad Shards,0.5,Batman: Le sauveur de Gotham City,0.5,Batman: Le Sauveur de Gotham City,0.5,Dominion of the Gods,0.5
395627,The Arkham Asylum Files: Panic in Gotham City,City Building,Unlock!: Risky Adventures,0.385,Codenames: The Simpsons,0.267,Jenga: Transformers – Rise of the Fallen,0.25,Behind Gold,0.25,Mysterium im Kloster,0.25
337070,Arkham Noir: Case #3 – Infinite Gulfs of Darkness,Adventure,Monopoly Deal Wizarding World/Harry Potter Card Game,0.5,Everdell Silverfrost,0.455,Everdell Farshore,0.455,Everdell Emerland,0.455,Galaxy Zento: Chessmen,0.444
4511,Armchair Golf,Dice,Boxing For Gold,0.667,Arnold Palmer Golf Game,0.667,Monopoly of Three Kingdoms,0.667,19th Hole Golf,0.667,Jääkiekkoshakki,0.6
14766,Armor of God,Children's Game,Batman Gotham City In Danger!,0.5,Monopoly Junior: Trek Alaska,0.5,Prinzessin Mix-Max,0.5,Scrabble People Letter-Matching Board Game,0.5,Monopoly Junior: Super Zings,0.429
58927,The Armor of God,Card Game,Qwirkle Cards,0.75,Hanabi: Festival,0.75,Monopoly Millionaire Deal Card Game,0.6,Barbie: Go Shopping!,0.6,5211,0.6
42933,Arnold Palmer Golf Game,Sports,Campionato Mondiale Formula Uno,0.667,Armchair Golf,0.667,Il gioco della Formula Uno,0.667,FS Chess Football: A Thinking Fan's Game,0.667,Arnold Palmer's Inside Golf,0.5
30961,Arnold Palmer's Golf Card Game,Card Game,UNO: WWE Card Game,1.0,UNO: Alex Rodriguez Limited Edition,0.667,UNO: David Wright Special,0.667,UNO: Arsenal Highbury Legends,0.667,UNO: Brian Urlacher Special Edition,0.667
37304,Arnold Palmer's Inside Golf,Sports,APBA Golf Game,1.0,Jenga: Chicago Bears Collector's Edition,0.5,Jenga: Boston Red Sox Collector's Edition,0.5,Jenga: Chicago Cubs Collector's Edition,0.5,UNO: WWE Card Game,0.5
38660,Arnold Palmer's Pro Shot Golf,Action / Dexterity,Jenga: Chicago Bears Collector's Edition,1.0,Jenga: Dallas Cowboys Collector's Edition,1.0,Jenga: Boston Red Sox Collector's Edition,1.0,Bumper Golf,1.0,Arnold Palmer's Table Golf,1.0
285851,Arnold Palmer's Table Golf,Action / Dexterity,Jenga: Chicago Bears Collector's Edition,1.0,Jenga: Dallas Cowboys Collector's Edition,1.0,Jenga: Boston Red Sox Collector's Edition,1.0,Bumper Golf,1.0,Arnold Palmer's Pro Shot Golf,1.0
8314,Arthur Goes to the Library,Animals,Ziege mit Fliege,0.6,Bugs Bunny's: Who's Got The Carrot Game,0.5,"Auf die Weide, fertig, los!",0.5,The Game of Authors,0.455,UNO: Happy Feet,0.429
330020,As Good As It Gets,Party Game,Hit Send: The High Risk Game of Text Roulette,0.5,Big Orange: Good Luck,0.5,The Bee-Hive of Fun,0.5,Jenga: Truth or Dare,0.333,Jenga Pass Challenge,0.333
168915,As Tears Go By: Operation Starlite,Vietnam War,Ringmaster: War in Middle Earth,0.4,"Nemesis: The Battle of Abbey Ardenne, June 7 1944",0.333,Dominion of Rice and Napalm: NAM – Fight Battles of the Vietnam War: Solo Game,0.25,4: The After Dinner Golf Game with Attitude,0.25,UNO Express,0.25
69789,Ascension: Deckbuilding Game,Card Game,Dominion: Big Box,0.833,100 Swords: The Gold King's Dungeon,0.8,Anima: Beyond Good and Evil,0.667,Anima: Twilight of the Gods,0.667,Dominion (Second Edition) Big Box,0.667
312958,Ascension: Curse of the Golden Isles,Card Game,100 Swords: The Gold King's Dungeon,0.4,UNO: One Piece,0.4,Ancient Game of GOMI,0.333,UNO MASTER,0.333,UNO Party!,0.333
67421,ASG Golf,Sports,BIRDIE!: The Disc Golf Board Game,0.75,APBA Professional Golf,0.667,Jenga: Chicago Cubs Collector's Edition,0.667,Blackjack Golf,0.6,Auto-Go,0.5
189819,The Assault on Goblintown,Fantasy,それでも勇者は行く (The Brave Still Go Around),0.5,Dominion of the Gods,0.5,ChessMage: Deck of the Myriad Shards,0.5,Altar: the War of Gods – Celts,0.5,Archers of Godfrey,0.333
193985,Assembly of the Gods,Ancient,7 Wonders: Architects,0.333,Dino Dig: Risky Sites,0.25,Beim Jupiter: Göttliche Sticheleien,0.25,Raise the Risk,0.25,Monopoly Pizza Game,0.25
7316,Bingo,Children's Game,UNO: KPop Demon Hunters,0.333,My First UNO,0.333,UNO: Doraemon,0.308,UNO: Disney – Moana 2,0.3,UNO Junior,0.3
253766,Atlantis: Island of Gods,Ancient,King Arthur's Vortex Chess,0.333,Altar: Realms of the Gods,0.308,Anima: Beyond Good and Evil,0.273,Anima: Twilight of the Gods,0.273,Nemesis: Skirmish Miniatures,0.273
12455,Attila: Scourge O'God,Ancient,Alaric the Goth: Fall of the Western Roman Empire,0.8,"Agricola: Roman Campaign in Britain, AD 82-84",0.75,Risk: The Battle for Medieval England,0.4,Risk: Asterix – Collector's Edition,0.333,Against the Scourge of God,0.333
131478,"Auf die Weide, fertig, los!",Animals,Memory Chess,0.75,Ziege mit Fliege,0.75,Patchwork Garden,0.5,By Golly!,0.5,800 Pound Gorilla,0.5
312582,AURUXXX: The Golden 12,Bluffing,UNO: 50th Anniversary,0.571,UNO POP,0.571,UNO Dare!,0.5,Liar's UNO,0.5,UNO: WellieWishers,0.5
272389,The Aussie Gold Rush Game,,Arnold Palmer Golf Game,0.5,Eldorado: La grande corsa all'oro,0.5,Klondyke,0.5,Das UNO Spiel,0.5,Risk-O-Disk,0.5
25698,Auto-Go,Racing,1500 Gold,0.75,Jenga: Chicago Cubs Collector's Edition,0.667,APBA Professional Golf,0.667,Ace Handicap Golf,0.5,ASG Golf,0.5
143090,The Award Goes To,Card Game,UNO: Fraggle Rock,0.5,UNO: Frozen,0.5,UNO: Fat Albert,0.5,UNO: Disney Princess,0.5,UNO: Disney Princess,0.5
271836,Babblarna: Kan-du-göra-spelet,Children's Game,Mortals: Descent of the Gods,0.333,Memory Chess,0.333,Banana Man Goes to Work,0.333,UNO Dice,0.333,"Auf die Weide, fertig, los!",0.286
11999,Babe Winkelman's Good Fishing,Trivia,Risky ITZI,0.5,Blockbusters Gold Run Card Game,0.5,5 Gold Rings,0.5,Ball Busters: Golf,0.5,Brainbox: On The Go Cornwall,0.333
311462,Baby Shark Let's Go Hunt Game,Animals,Boo Boo (SUPER PIG) GO TO CITY,0.667,Dino Dig: Risky Sites,0.667,800 Pound Gorilla,0.667,Splendor Kids,0.667,By Golly!,0.6
13166,Let's Go Fishin',Action / Dexterity,Barn Buzzin' Goofy,0.667,Bee Hive Game,0.6,Billy Goat,0.6,Angry Birds: Star Wars – Jenga TIE Fighter Game,0.571,Angry Birds: Star Wars – Jenga Tatooine Battle Game,0.571
67432,Babylon: Gateway of the Gods,Ancient,Monopoly Hotels,0.333,Monopoly:  Builder,0.333,Banker of the Gods,0.3,Puerto Rico,0.286,7 Wonders (Second Edition),0.231
237426,Ball Busters: Golf,Sports,APBA Golf Game,0.5,Arnold Palmer's Inside Golf,0.5,Babe Winkelman's Good Fishing,0.5,Jenga: Boston Red Sox Collector's Edition,0.333,Risky ITZI,0.333
459006,Banana Governance,Card Game,Monopoly Bid,0.6,Qwirkle Cards,0.5,Splendor: AsmOPlay Kit,0.5,Hanabi: Festival,0.5,More Roots,0.4
288818,Banana Man Goes to Work,Children's Game,"Button, Button, who's got Bear's Button?",0.5,UNO H2O Splash,0.4,Catan Junior Mitbringspiel,0.333,The Ants Go Marching,0.333,Babblarna: Kan-du-göra-spelet,0.333
242575,Banker of the Gods,Ancient,Babylon: Gateway of the Gods,0.3,Amritsar: The Golden Temple,0.25,Anunnaki: Dawn of the Gods,0.235,Timespan,0.2,Catan Histories: Struggle for Rome,0.2
457930,Bantam West (2nd Edition): Graves of Gold,American West,Fall of Rome,0.312,Arkham Horror,0.3,Kellia: The Risk of the Desert,0.286,Arkham Horror: Final Hour,0.25,Arkham Horror: The Card Game,0.25
66698,Barbie: Go Shopping!,Card Game,UNO: Polly Pocket,0.75,Hanabi: Festival,0.75,UNO: Burger King Edition,0.75,Qwirkle Cards,0.75,UNO: Barbie California Girl,0.75
182796,Bardagi: The Claim for Gold,Adventure,Catan: New Energies,0.364,Cola Wars,0.3,Carcassonne: Winter Edition,0.286,New World: A Carcassonne Game,0.286,Carcassonne für 2,0.286
4410,Barn Buzzin' Goofy,Action / Dexterity,Let's Go Fishin',0.667,UNO Madness,0.5,Jenga: Disney Frozen,0.5,UNO: Disney Planes – Fire & Rescue!,0.429,UNO: Planes,0.429
43108,Barney Google an' Snuffy Smith Time's a Wastin'! Game,Children's Game,Blondie Goes to Leisureland,1.0,Batman Gotham City In Danger!,0.75,Barney Google and Spark Plug Game,0.75,Guard the Hive's Golden Treasure!,0.667,Monopoly Junior: Gabby's Dollhouse,0.667
29649,Barney Google and Spark Plug Game,Children's Game,Barney Google an' Snuffy Smith Time's a Wastin'! Game,0.75,Blondie Goes to Leisureland,0.75,Batman Gotham City In Danger!,0.6,Guard the Hive's Golden Treasure!,0.5,Monopoly Junior: Party,0.5
17298,Branches and Twigs and Thorns,Abstract Strategy,UNO Wild Tiles,1.0,RooTile,0.667,UNO Dominos,0.667,Puzzle Board Chess,0.667,Block Buster,0.667
144246,Batman Gotham City In Danger!,Children's Game,Blondie Goes to Leisureland,0.75,Barney Google an' Snuffy Smith Time's a Wastin'! Game,0.75,Scrabble People Letter-Matching Board Game,0.6,Monopoly Junior: Trek Alaska,0.6,Barney Google and Spark Plug Game,0.6
300420,Batman Miniature Game (Third Edition): Back to Gotham,Comic Book / Strip,Risk: Captain America – Civil War Edition,0.444,Marvel Contest of Champions: Battlerealm,0.375,Power Rangers: Heroes of the Grid,0.364,Risk: Asterix – Collector's Edition,0.333,Glyph Chess,0.333
380250,Batman: Escape From Arkham Asylum – Stretch Goals,Expansion for Base-game,UNO Flip!: Marvel Super Heroes or Villains,0.2,Glyph Chess,0.2,Arith Magica: Adventures in Gossamyr,0.2,Anachrony Chess,0.2,Risk: Captain America – Civil War Edition,0.182
222514,Batman: Gotham City Chronicles,Adventure,Mansions of Madness,0.364,Descent: Journeys in the Dark (Second Edition),0.36,Necromunda: Hive War,0.357,Necromunda: Hive Secundus,0.357,"Warhammer 40,000: Kill Team – Hivestorm",0.353
470753,Batman: Gotham City Crimes,Adventure,Arkham Horror: Final Hour,0.4,24 godziny,0.333,Mini Escapes: The Mystery of the Lost Cult,0.286,Arkham Horror,0.286,UNO Flip!: Marvel Super Heroes or Villains,0.25
6705,Batman: Gotham City Mystery,Comic Book / Strip,Detetive Júnior Turma da Mônica,0.667,Barney Google an' Snuffy Smith Time's a Wastin'! Game,0.5,Blondie Goes to Leisureland,0.5,The Battle for Gotham City,0.5,Monopoly: Attack on Titan,0.4
404283,Batman: Gotham City Sem Lei,Card Game,Monopoly: The Card Game,0.444,Monopoly: Batman Edition,0.364,American Pandemic: The Party Card Game,0.333,Monopoly: Batman,0.333,Bohnanza,0.333
130911,Batman: Gotham City Strategy Game,Comic Book / Strip,Risk: Captain America – Civil War Edition,0.5,Risk: Rick and Morty,0.375,Risk: Star Wars Edition,0.364,Power Rangers: Heroes of the Grid,0.308,Risk: Édition Napoléon,0.3
300867,Batman: Le sauveur de Gotham City,Comic Book / Strip,UNO Flip!: Marvel Super Heroes or Villains,0.5,Arith Magica: Adventures in Gossamyr,0.5,The Battle for Gotham City,0.333,Jenga: Spider-Man,0.333,Blondie Goes to Leisureland,0.333
435623,Batman: Le Sauveur de Gotham City,Comic Book / Strip,UNO Flip!: Marvel Super Heroes or Villains,0.5,Arith Magica: Adventures in Gossamyr,0.5,The Battle for Gotham City,0.333,Jenga: Spider-Man,0.333,Blondie Goes to Leisureland,0.333
336558,Batman: Perigo em Gotham,Comic Book / Strip,Risk: Asterix – Collector's Edition,0.5,Calvinball Unofficial  Mini-Game,0.4,Jenga: Chicago Cubs Collector's Edition,0.333,Risk & Castle Risk,0.333,Risky Business,0.333
208533,Batman: The Animated Series – Almost Got 'Im Card Game,Bluffing,Buster Brown and the Goat,0.333,Spiritual Dominion,0.333,World at Risk,0.308,Old Maid,0.294,Exploding Kittens: Party Pack,0.294
252693,Batman: The Animated Series – Gotham City Under Siege,Comic Book / Strip,Power Rangers: Heroes of the Grid,0.615,Risk: Captain America – Civil War Edition,0.462,Marvel Contest of Champions: Battlerealm,0.417,Glyph Chess,0.385,Dead of Winter: Tabletop Edition,0.357
21169,Batman: The Chase Through Gotham City,Comic Book / Strip,Disney Pixar Cars 3: Risky Raceway Game,0.6,Monopoly: Attack on Titan,0.6,Monopoly Junior: Disney Pixar Cars 3 Edition,0.6,Chinese Travel Chess,0.5,Monopoly: Black Panther,0.429
232346,The Battle for Gotham City,Comic Book / Strip,Monopoly of Three Kingdoms,0.667,Batman: Gotham City Mystery,0.5,Blondie Goes to Leisureland,0.5,Barney Google an' Snuffy Smith Time's a Wastin'! Game,0.5,Armchair Golf,0.5
202513,BattleGoats,Card Game,Brainwaves: The Brilliant Boar,0.5,Shuffle: Jurassic World Dominion,0.4,Brainwaves: The Astute Goose,0.4,Bear vs Gorilla vs CEO vs Hippie,0.4,5 Alive / Uno,0.4
478267,Battle Goomis,Card Game,UNO: DragonBall Z,0.5,El Luchador Fantastico Grande,0.5,UNO: Show 'Em No Mercy,0.444,1st & Goal,0.444,UNO: Colors Rule,0.429
434430,Battle Monsters: Godzilla vs. King Ghidorah,Fighting,"Warhammer 40,000: Kill Team – Hivestorm",0.467,Necromunda: Hive Secundus,0.385,Necromunda: Hive War,0.385,Power Rangers: Heroes of the Grid,0.353,Duel of Meloch,0.267
143847,The Battle of Changde: Operation Yo Go,Wargame,Black Gold (Texas Tea),1.0,Red Descent: The Air and Ground Assault for Vyamza 1942,0.75,Bloody Hell: Operations Goodwood and Spring,0.75,Descent on Crete: May 1941,0.6,Leyte Gulf Naval Chess Game,0.6
401795,Battle of Gods,Card Game,Risk the Abyss,0.3,Arena: For the Gods!,0.278,Risk It All,0.278,Random Coping Chess,0.261,Age of War,0.238
333570,Battle of GOG,Abstract Strategy,Paco Ŝako,0.375,Dragon Chess,0.375,Dicey Chess,0.333,Sea Chess,0.333,Flip Chess,0.333
167855,Battle of Golems: The Algorithmic Card Game,Card Game,Gloomhaven: Buttons & Bugs,0.273,ChessCraft,0.267,Bible Clash: Gospels,0.25,Voidfall,0.238,Wingspan,0.238
402123,The Battle of Khalkhin Gol,Wargame,Descent on Crete: May 1941,0.556,Nemesis: Burma 1944,0.556,Operation Market Garden: Descent Into Hell,0.5,Pacific War Naval Chess Game,0.417,Ardennes Snow: A Roll & Go Wargame,0.4
42118,Battle of the Gods,Mythology,Monkey King Chess,0.5,Mortals: Descent of the Gods,0.333,All Gods Are Dying,0.333,Mythos,0.25,Altar: the War of Gods – Celts,0.25
95661,Mythos,Bluffing,Giant UNO,0.5,UNO: New York City,0.5,UNO: Royal Revenge,0.5,Hot Death Uno,0.5,UNO House Rules,0.5
446850,"A Battle, Furious, Bloody, Repulsive, Crimson, Gory, Boisterous, Manly, Rough, Fierce, Unmerciful, and Hostile",Medieval,Castle Chess,0.5,The Battle of Changde: Operation Yo Go,0.5,Black Gold (Texas Tea),0.5,Azules y grises,0.5,Against All Odds: Battle for the Golan Heights,0.4
3967,Battlefleet Gothic,Miniatures,"Warhammer 40,000: Kill Team – Hivestorm",0.545,Star Trek: Into The Unknown – Federation vs. Dominion Core Set,0.455,War of the Ring,0.4,Brassbound: Adamantine Dawn,0.364,"""An' go to your Gawd like a soldier"": Small Wars on the North-West Frontier",0.333
307971,Fairy Tale Inn,Abstract Strategy,Tanbo,0.571,Go,0.5,Othello,0.5,Chessers,0.4,Blokus Duo,0.375
150198,Bear vs Gorilla vs CEO vs Hippie,Card Game,5 Alive / Uno,1.0,Boom-O,0.75,UNO MOD,0.667,UNO House Rules,0.667,Hot Death Uno,0.667
343052,Bee Good,Animals,Scrabble Junior: Wildlife,0.364,Fädelzoo,0.333,"Auf die Weide, fertig, los!",0.3,"Frühling, Sommer, Herbst und Winter",0.3,Hive Alive,0.3
452438,Beer Goggles Game,Action / Dexterity,Hit Send: The High Risk Game of Text Roulette,0.429,Jenga: Space Invaders Collector's Edition,0.333,Love Jenga,0.333,Jenga: Harley-Davidson Collector's Edition,0.333,Jenga Xtreme,0.333
17489,Behind Every Good Man,Card Game,All Hail The Goblin King,0.5,Hive Mind,0.5,Decktet-Uno,0.5,Shot in the Dark: The Ultimate Unorthodox Quiz Game,0.4,Ancient Game of GOMI,0.333
455173,Behind Gold,Deduction,Mysterium im Kloster,0.6,EXIT: The Game – The Forgotten Island,0.6,EXIT: The Game – Kidnapped in Fortune City,0.6,Mini Escapes: The Mystery of the Lost Cult,0.429,Escape Box: Risk,0.429
35961,Beim Jupiter: Göttliche Sticheleien,Card Game,Raise the Risk,1.0,Giog,1.0,UNO Hearts,0.667,Rage,0.667,Euchre,0.667
24735,Benny Goodman Swings into a Game of Musical Information,Music,Babe Winkelman's Good Fishing,0.25,Risky ITZI,0.2,Blockbusters Gold Run Card Game,0.2,Ball Busters: Golf,0.2,5 Gold Rings,0.2
27948,Beppo der Bock,Action / Dexterity,Magnetism Intelligence Strategy Game,0.667,Throw 'n Go Jenga,0.5,Oh Snap!,0.5,Bunker Golf,0.5,Bee Hive Game,0.5
467209,Bible Clash: Gospels,Card Game,The Armor of God,0.375,Chess & Balance,0.333,"Chess-a-tete, Classic Edition",0.333,The Old King's Crown,0.308,Rootword,0.3
222991,Big Boom... or Golden Age,Science Fiction,Monopoly Space,0.5,Monopoly: Avatar,0.4,The Aussie Gold Rush Game,0.333,Chess II,0.333,Monopoly: Star Wars Complete Saga Edition,0.333
426968,Big Orange: Good Luck,Party Game,The Bee-Hive of Fun,1.0,Jenga: Truth or Dare,0.5,Jenga Max,0.5,Jenga: Space Invaders Collector's Edition,0.5,Jenga Pass Challenge,0.5
288058,Big Time Golf,Card Game,Birdie!: Golf Nano Game,0.8,Just One Die Soccer,0.6,Ace Handicap Golf,0.6,APBA Professional Golf,0.4,UNO: WWE Card Game,0.4
18546,Billy Goat,Action / Dexterity,Bee Hive Game,1.0,Angry Birds Go! Jenga: Pirate Pig Attack,0.75,Angry Birds Go! Jenga: Trophy Cup Challenge,0.75,Tierisch auf Zack,0.75,Magnetism Intelligence Strategy Game,0.667
124638,Ziege mit Fliege,Animals,"Auf die Weide, fertig, los!",0.75,800 Pound Gorilla,0.667,Boo Boo (SUPER PIG) GO TO CITY,0.667,Patchwork Garden,0.667,Arthur Goes to the Library,0.6
362375,Birdie!: Golf Nano Game,Print & Play,Big Time Golf,0.8,Ace Handicap Golf,0.75,Just One Die Soccer,0.75,Amateur Golf,0.5,Jenga: Chicago Cubs Collector's Edition,0.5
302022,BIRDIE!: The Disc Golf Board Game,Sports,ASG Golf,0.75,APBA Professional Golf,0.5,Blackjack Golf,0.5,Jenga: Chicago Cubs Collector's Edition,0.5,El Luchador Fantastico Grande,0.5
370914,Black God's Gambit,Fantasy,それでも勇者は行く (The Brave Still Go Around),0.5,ChessMage: Deck of the Myriad Shards,0.5,Dominion of the Gods,0.5,The Assault on Goblintown,0.333,Arith Magica: Adventures in Gossamyr,0.333
22106,Black Gold,Economic,Monopoly Express,0.6,Monopoly Secret Vault,0.6,Bisnes,0.6,Das UNO Spiel,0.5,Monopoly Canadian Tire,0.5
35426,Black Gold,Economic,Power Grid: Factory Manager,0.6,21st Century Gold Rush,0.5,Risky Deals,0.4,Monopoly: Ultimate Banking,0.333,Rollout: The Game of the Risk-Takers,0.333
93724,Black Gold,Bluffing,Power Grid: Factory Manager,0.5,Rollout: The Game of the Risk-Takers,0.286,Monopoly: Ultimate Banking,0.286,Monopoly: Blackburn Rovers F.C. Edition,0.286,Monopoly $ycling,0.25
11399,Black Gold (Texas Tea),Wargame,The Battle of Changde: Operation Yo Go,1.0,Red Descent: The Air and Ground Assault for Vyamza 1942,0.75,Bloody Hell: Operations Goodwood and Spring,0.75,Descent on Crete: May 1941,0.6,Leyte Gulf Naval Chess Game,0.6
161957,Black Sheep Gone Wild,Card Game,Dixit: Demo Deck,0.625,Dixit: Journey,0.5,Dixit Jinx,0.455,Dixit,0.455,Apples to Apples to Go,0.444
142322,Black Stories Junior: Golden Stories,Card Game,Body Be Gone,0.571,All Hail The Goblin King,0.5,Dixit: Odyssey,0.5,Dixit: Demo Deck,0.5,Dixit Universe Access+,0.5
260988,Black Stories: Bloody Cases Edition,Card Game,Crime Zoom: A Deadly Writer,0.5,An Evening of Murder: Dead of Winter,0.429,Mysterium Park,0.4,Dixit: Disney Edition,0.375,Body Be Gone,0.375
25685,Blackbeard: The Golden Age of Piracy,Adventure,Bloody Close Quarters: Rules for Fighting the Last Desperate Moments of a Naval Battle in the Golden Age of Piracy,0.385,Blood & Gold: Naval Warfare During The Age of Piracy,0.385,Admirals:  A Game of Fleet Actions in the Golden Age of Fighting Sail,0.294,Pandemic: Rising Tide,0.25,"Warhammer 40,000: Kill Team – Hivestorm",0.235
439083,Blackjack Golf,Party Game,ASG Golf,0.6,BIRDIE!: The Disc Golf Board Game,0.5,Jenga: Chicago Cubs Collector's Edition,0.4,APBA Professional Golf,0.4,Auto-Go,0.333
39527,Block Buster,Abstract Strategy,Othello,0.75,Branches and Twigs and Thorns,0.667,UNO Wild Tiles,0.667,Tanbo,0.5,Puzzle Board Chess,0.5
12665,Blockbusters Gold Run Card Game,Movies / TV / Radio theme,5 Gold Rings,1.0,1 vs. 100 Board Game,0.667,Riskier Was,0.5,Risk: Stranger Things,0.5,WaveLength,0.5
16395,Blokus Duo,Abstract Strategy,Blokus Shuffle: UNO Edition,0.714,Othello,0.667,Tanbo,0.5,Block Buster,0.5,Chess Territorial,0.429
25896,Blondie Goes to Leisureland,Children's Game,Barney Google an' Snuffy Smith Time's a Wastin'! Game,1.0,Barney Google and Spark Plug Game,0.75,Batman Gotham City In Danger!,0.75,Guard the Hive's Golden Treasure!,0.667,Monopoly Junior: Gabby's Dollhouse,0.667
299523,Blood & Gold: Naval Warfare During The Age of Piracy,Adventure,Bloody Close Quarters: Rules for Fighting the Last Desperate Moments of a Naval Battle in the Golden Age of Piracy,0.4,Admirals:  A Game of Fleet Actions in the Golden Age of Fighting Sail,0.385,Blackbeard: The Golden Age of Piracy,0.385,Risk Junior,0.333,Risky Adventure,0.3
299564,Bloody Close Quarters: Rules for Fighting the Last Desperate Moments of a Naval Battle in the Golden Age of Piracy,Age of Reason,Blood & Gold: Naval Warfare During The Age of Piracy,0.4,Dominion of Marlborough and Peter the Great,0.4,Dominion of Frederick the Great: War of Austrian Succession & 7 Years War – Solo Game,0.4,Blackbeard: The Golden Age of Piracy,0.385,Admirals:  A Game of Fleet Actions in the Golden Age of Fighting Sail,0.385
107868,Bloody Hell: Operations Goodwood and Spring,Wargame,Black Gold (Texas Tea),0.75,The Battle of Changde: Operation Yo Go,0.75,Red Descent: The Air and Ground Assault for Vyamza 1942,0.6,Descent on Crete: May 1941,0.5,Nemesis: Burma 1944,0.5
478472,Bluey: Let’s Go Shopping Game,Animals,Monopoly Junior: Bluey,0.6,Monopoly Junior: Finding Dory edition,0.5,800 Pound Gorilla,0.5,Boo Boo (SUPER PIG) GO TO CITY,0.5,My First Monopoly Game,0.5
32340,The Golden Compass,Card Game,UNO Harry Potter Fandom Dark Arts,0.75,UNO Fandom Harry Potter Gryffindor Game Deck,0.75,UNO Fandom Harry Potter Slytherin Game Deck,0.75,UNO Fandom Harry Potter Ravenclaw Game Deck,0.75,UNO Fandom Harry Potter Hufflepuff Game Deck,0.75
381084,Boba Goba,Card Game,Dixit: Kids,0.667,The Golden Compass,0.667,All Hail The Goblin King,0.667,UNO: Chicaco Cubs,0.5,Hive Smashers,0.5
436956,Body Be Gone,Card Game,Black Stories Junior: Golden Stories,0.571,Dixit: Odyssey,0.571,Dixit Universe Access+,0.571,Dixit: Demo Deck,0.571,Dixit Cérémonie,0.5
1293,Boggle,Dice,Scrabble Dice,0.625,Scrabble Express,0.571,Scrabble Scramble,0.571,Scattergories,0.5,Scrabble and Yahtzee,0.444
469335,Boo Boo (SUPER PIG) GO TO CITY,Animals,800 Pound Gorilla,1.0,Ziege mit Fliege,0.667,Bee Hive Game,0.667,Baby Shark Let's Go Hunt Game,0.667,Billy Goat,0.667
392809,Boo to the Goose,Animals,"Ich glaub, mein Schwein pfeift",0.5,"No Risk, No Tower!",0.429,Bravo Gorilla,0.333,Risky Kittens,0.286,Lu Zhan Jun Qi,0.286
257225,Boom Goes the Dynamite,Card Game,Scrabble People,0.571,Risk It For A Biscuit,0.429,UNO: Burger King Edition,0.429,UNO: Barbie California Girl,0.429,UNO: Polly Pocket,0.429
235467,"Boom, Bang, Gold",Action / Dexterity,1 2 3 Good Night,0.429,Jenga Xtreme,0.4,Jenga: Harley-Davidson Collector's Edition,0.4,Jenga: Truth or Dare,0.4,Jenga Pass Challenge,0.4
440502,Borobudur: The Golden Era,Ancient,Amritsar: The Golden Temple,0.231,Viticulture: Complete Collector's Edition,0.214,Viticulture Essential Edition,0.188,Wondrous Creatures,0.188,Age of Comics: The Golden Years,0.188
12604,Box of Golf: A Classic Golf Board Game,Sports,Cadi Golf,1.0,CAGE's Open Invitation Golf Classic,0.667,Arnold Palmer's Inside Golf,0.5,APBA Golf Game,0.5,Hockey Chess,0.5
127427,Boxing For Gold,Dice,19th Hole Golf,1.0,Armchair Golf,0.667,Americana Golf Game,0.667,Arnold Palmer's Inside Golf,0.5,APBA Golf Game,0.5
319959,The Boys: This Is Going to Hurt,Comic Book / Strip,Batman: Perigo em Gotham,0.333,Risk: Asterix – Collector's Edition,0.25,Batman Miniature Game (Third Edition): Back to Gotham,0.25,Calvinball Unofficial  Mini-Game,0.222,Nemesis: Skirmish Miniatures,0.222
244911,Brainwaves: The Wise Whale,,Patchwork Garden,0.5,Chess Openings: Essential Pack,0.5,Bernini Mysterie,0.333,Brainbox: On The Go Cornwall,0.333,Ziege mit Fliege,0.333
244913,Brainwaves: The Brilliant Boar,Card Game,Shuffle: Jurassic World Dominion,0.667,BattleGoats,0.5,Scrabble People,0.5,UNO & Skip-Bo Bonus Pak,0.5,Top Brass,0.5
126679,Brainbox: On The Go Cornwall,Children's Game,Patchwork Garden,0.667,Memory Chess,0.5,Ziege mit Fliege,0.5,Chess more than a game!,0.5,"Auf die Weide, fertig, los!",0.4
126680,Brainbox: On The Go Devon,Children's Game,Patchwork Garden,0.667,Memory Chess,0.5,Ziege mit Fliege,0.5,Chess more than a game!,0.5,"Auf die Weide, fertig, los!",0.4
244910,Brainwaves: The Astute Goose,Card Game,Memory Chess,0.5,Shuffle: Jurassic World Dominion,0.5,"Auf die Weide, fertig, los!",0.4,Risk Strike,0.4,BattleGoats,0.4
57888,Brasfield & Gorrie Constructionopoly,Economic,Das UNO Spiel,1.0,Monopoly for Sore Losers,1.0,Monopoly for Millennials,1.0,Monopoly Canadian Tire,1.0,The Game Of Roots,1.0
187132,それでも勇者は行く (The Brave Still Go Around),Fantasy,ChessMage: Deck of the Myriad Shards,1.0,Dominion of the Gods,1.0,The Assault on Goblintown,0.5,Black God's Gambit,0.5,Boba Goba,0.5
71951,Bravo Gorilla,Animals,Boo to the Goose,0.333,"Ich glaub, mein Schwein pfeift",0.286,BS Chess (Bluffing Style Chess),0.286,Lu Zhan Jun Qi,0.286,"No Risk, No Tower!",0.25
314968,Break Par Golf Game,Sports,Arnold Palmer's Inside Golf,0.5,APBA Golf Game,0.5,Jenga: Chicago Bears Collector's Edition,0.333,Jenga: Chicago Cubs Collector's Edition,0.333,UNO: WWE Card Game,0.333
250449,"BriarMaze: A Solitaire Game of Cats, Briars, and Gothic Horror",Card Game,Black Stories: Bloody Cases Edition,0.333,How to Host a Murder: The Duke's Descent,0.286,Brainwaves: The Astute Goose,0.286,Patchwork Doodle,0.25,Catan Dice Game Deluxe Edition,0.25
254275,Brink: aim for the edge but don't go over!,Action / Dexterity,Monopoly Get Out of Jail Mini Game,0.667,Jenga: Tetris,0.5,Jenga Gold,0.5,Jenga: Holiday Edition,0.5,Jenga Halloween Edition,0.5
46723,Britain's Got Talent The Electronic Board Game,Movies / TV / Radio theme,Jenga: Harry Potter,0.5,WaveLength,0.4,UNO: High School Musical 3,0.4,UNO: High School Musical,0.4,UNO: High School Musical 2,0.4
26286,Bugs Bunny's: Who's Got The Carrot Game,Animals,Monopoly Junior: Finding Dory edition,0.8,An American Tail: Fievel Goes West,0.8,Monopoly Junior: Benjamin Blümchen,0.667,Monopoly Junior Game: Disney/Pixar Incredibles 2 Edition,0.6,Monopoly Junior: Sofia the first,0.6
107829,Building an Elder God,Card Game,Ring War,0.571,Harry Potter Unofficial Magic Duel Card Game,0.333,Decktet-Uno,0.286,Behind Every Good Man,0.286,SCRxBBLE: Print and Play Words Games using Scrabble Tiles,0.286
88559,Bullfrog Goldfield,Economic,18RoyalGorge: The Rails of Fremont County and the Royal Gorge Wars,0.3,Энергосеть: Россия (Power Grid: Russia),0.261,Power Grid,0.261,Brass: Pittsburgh,0.259,Brass: Birmingham,0.258
11850,Bumper Golf,Action / Dexterity,Jenga: Chicago Bears Collector's Edition,1.0,Jenga: Dallas Cowboys Collector's Edition,1.0,Jenga: Boston Red Sox Collector's Edition,1.0,Arnold Palmer's Table Golf,1.0,Arnold Palmer's Pro Shot Golf,1.0
365030,Bunker Golf,Action / Dexterity,Tierisch auf Zack,0.75,Jenga: Chicago Bears Collector's Edition,0.667,Jenga: Boston Red Sox Collector's Edition,0.667,Jenga: Dallas Cowboys Collector's Edition,0.667,Arnold Palmer's Table Golf,0.667
42373,Bunul gospodar,Economic,Anti-Monopoly: Luxus-Edition,0.8,Anti-Monopoly II,0.75,Monopoly: Barbie,0.667,Monopoly: Black Panther,0.667,Monopoly Junior: Toy Story,0.667
7679,Busine$$ GO,Economic,Das UNO Spiel,0.667,Brasfield & Gorrie Constructionopoly,0.667,Monopoly Canadian Tire,0.667,Monopoly for Millennials,0.667,Monopoly for Sore Losers,0.667
23607,Business Game Amersfoort,City Building,Costco Monopoly,0.455,Monopoly Express,0.444,3rd World Labour: Pandemic Edition,0.417,Monopoly Junior: Lemonade,0.4,Monopoly Express,0.4
21922,Buster Brown and the Goat,Bluffing,Old Maid,0.636,Scrabble People,0.5,Barbie: Go Shopping!,0.5,UNO: Marvel Heroes,0.5,UNO: Vintage Peanuts,0.444
28036,"Button, Button, who's got Bear's Button?",Animals,800 Pound Gorilla,0.667,Boo Boo (SUPER PIG) GO TO CITY,0.667,Ziege mit Fliege,0.5,All Queens Chess,0.5,Baby Shark Let's Go Hunt Game,0.5
3507,By Golly!,Animals,Go Fish,0.667,Ancient Egypt Go Fish for Art,0.667,Baby Shark Let's Go Hunt Game,0.6,Ziege mit Fliege,0.6,"Red Dog, Blue Dog",0.571
209285,"Ich glaub, mein Schwein pfeift",Animals,Boo to the Goose,0.5,800 Pound Gorilla,0.4,Boo Boo (SUPER PIG) GO TO CITY,0.4,Risk It For A Biscuit,0.333,Bee Hive Game,0.333
471538,Cada Gota Cuenta,Card Game,The Pandemic Wars,0.231,San Juan (Second Edition),0.214,Chess Joker,0.2,Struggle for Catan,0.2,A Dream of Splendor in Song Dynasty,0.2
151460,Cadi Golf,Sports,Box of Golf: A Classic Golf Board Game,1.0,CAGE's Open Invitation Golf Classic,0.667,Arnold Palmer's Inside Golf,0.5,APBA Golf Game,0.5,Hockey Chess,0.5
29217,CAGE's Open Invitation Golf Classic,Sports,4: The After Dinner Golf Game with Attitude,0.667,Cadi Golf,0.667,Box of Golf: A Classic Golf Board Game,0.667,Hockey Chess,0.4,Arnold Palmer's Inside Golf,0.333
406907,16 lueurs d'hiver,Animals,Catan Dice Game,0.571,Catan Dice Game Deluxe Edition,0.429,UNO Dice Game,0.429,"Frühling, Sommer, Herbst und Winter",0.429,Honey Hive,0.375
248101,Bee Hive Game,Action / Dexterity,Billy Goat,1.0,Angry Birds Go! Jenga: Pirate Pig Attack,0.75,Angry Birds Go! Jenga: Trophy Cup Challenge,0.75,Tierisch auf Zack,0.75,Magnetism Intelligence Strategy Game,0.667
310466,The Bee-Hive of Fun,Party Game,Big Orange: Good Luck,1.0,Jenga: Truth or Dare,0.5,Jenga Max,0.5,Jenga: Space Invaders Collector's Edition,0.5,Jenga Pass Challenge,0.5
302515,Bug Wars: Insect Armies Battle for Hive Domination on an 'Eat or be Eaten' world,Animals,800 Pound Gorilla,0.333,Boo Boo (SUPER PIG) GO TO CITY,0.333,Regimental Risk,0.333,Vikings Risk: The Conquest of Europe,0.333,Commander Chess,0.25
399956,Fight in the Hive,Fantasy,Ankh: Gods of Egypt,0.263,The Adventure Store,0.25,Dungeon Keeper Unofficial Card Game,0.222,Hive Smashers,0.222,Chessaga,0.2
174237,For Hive and Colony: The Great Insect War,Action / Dexterity,UNO: Horses,0.6,UNO: American Kennel Club,0.6,UNO: Shark Week,0.6,Jenga Jokers,0.6,UNO: The Dog,0.6
40568,Guard the Hive's Golden Treasure!,Children's Game,Monopoly Junior: Gabby's Dollhouse,1.0,Monopoly Junior: Party,1.0,Alfons Godnatt-spel,0.667,Blondie Goes to Leisureland,0.667,Barney Google an' Snuffy Smith Time's a Wastin'! Game,0.667
434655,Hex Hive: Bumbling Bees,Abstract Strategy,Caïssa Britannia,0.5,Angel Chess,0.5,Sittuyin,0.5,Ouk Chatrang,0.5,Anti-King Chess,0.5
432873,Hex Hive: Buzzerker,Abstract Strategy,Chesseract,0.5,Chess Mutation,0.5,Chess In The Third Dimension,0.5,HiveQueen,0.5,Chess on the Loose,0.5
434247,Hex Hive: Larvae,Abstract Strategy,Sittuyin,0.667,Centre Chess,0.667,Capablanca Chess,0.667,Ouk Chatrang,0.667,Byzantine Chess,0.667
431153,Hex Hive: Pollinators,Abstract Strategy,Sittuyin,0.667,Centre Chess,0.667,Capablanca Chess,0.667,Ouk Chatrang,0.667,Byzantine Chess,0.667
435488,Hex Hive: Skirmish,Abstract Strategy,Gamma Chess,0.429,Chessington,0.429,Plum Chess,0.429,Chessgammon,0.375,Fantasy Chess,0.375
433302,Hex Hive: Swarm,Abstract Strategy,Abalone,0.667,Honeybee Brain Hexadoug Chess,0.429,Dicey Chess,0.429,Duke of Rutland's Chess,0.4,Sittuyin,0.4
434484,Hex Hive: Syzygy,Abstract Strategy,Egg Chess,0.667,Galaxia Chess,0.5,Simply Ingenious,0.4,Hivernation,0.4,Abalone,0.333
2655,Hive,Abstract Strategy,Chex,0.444,Ostsee-Schach,0.417,Honeybee Brain Hexadoug Chess,0.4,Block Buster,0.333,Raumschach,0.333
21375,Hive Alive,Animals,Integer Chess,0.5,Animal Merry-Go-Round Motor Skill Game,0.5,800 Pound Gorilla,0.5,Boo Boo (SUPER PIG) GO TO CITY,0.5,Scrabble Junior: Wildlife,0.429
94667,Hive Mind,Adventure,Deckmatch: The Unofficial Quake 3 Card Game,0.4,Risk of Rain: The Board Game,0.308,Nemesis,0.286,Arkham Horror (Third Edition),0.286,Gloomhaven: Buttons & Bugs,0.278
187280,Hive Mind,Animals,All Hail The Goblin King,0.5,UNO: The Dog,0.5,UNO: Shark Week,0.5,UNO: American Kennel Club,0.5,Behind Every Good Man,0.5
201308,Hive Mind,Party Game,テーブル花火 (Table Hanabi),0.5,Just One,0.429,DOS! Twice the fun of UNO,0.4,Just One: New Version,0.4,The Bee-Hive of Fun,0.333
154597,Hive Pocket,Abstract Strategy,Hive Ultimate,0.9,Ostsee-Schach,0.5,Chex,0.4,Hex Hive: Swarm,0.364,Honeybee Brain Hexadoug Chess,0.364
247946,Hive Smashers,Card Game,Dungeon Keeper Unofficial Card Game,0.6,Ring War,0.5,Boba Goba,0.5,Dixit: Kids,0.4,The Golden Compass,0.4
427593,Hive Ultimate,Abstract Strategy,Hive Pocket,0.9,Chex,0.444,Ostsee-Schach,0.417,Honeybee Brain Hexadoug Chess,0.4,Hex Hive: Bee Chess,0.333
60075,Hive Wars!,Fighting,Dominions of Supremacy,0.5,"A Battle, Furious, Bloody, Repulsive, Crimson, Gory, Boisterous, Manly, Rough, Fierce, Unmerciful, and Hostile",0.4,The Battle of Changde: Operation Yo Go,0.4,Azules y grises,0.4,Black Gold (Texas Tea),0.4
357319,Hivemind,Real-time,Escape Box: Risk,0.429,Mysterium,0.333,EXIT: The Game – The Forgotten Island,0.333,EXIT: The Game – Kidnapped in Fortune City,0.333,Just One: New Version,0.333
84331,HiveQueen,Abstract Strategy,3 Dimensional Chess,1.0,3D XYZ Chess,1.0,Centre Chess,1.0,Bird's Chess,1.0,Caïssa Britannia,1.0
328855,Hivernation,Abstract Strategy,Branches and Twigs and Thorns,0.5,UNO Wild Tiles,0.5,Hex Hive: Larvae,0.4,RooTile,0.4,Hex Hive: Pollinators,0.4
459526,Honey Hive,Dice,Catan Dice Game,0.429,Agricola Express,0.429,Risky,0.4,The Brass Age: Invasion,0.4,Happy Double: No Risk No Run!,0.4
426095,Necromunda: Hive Secundus,Fighting,"Warhammer 40,000: Kill Team – Hivestorm",0.455,Power Rangers: Heroes of the Grid,0.417,Apocalypse: Earth – Wargaming in a World Gone Wrong,0.4,Brassbound: Adamantine Dawn,0.4,Battle Monsters: Godzilla vs. King Ghidorah,0.385
363009,Necromunda: Hive War,Fighting,"Warhammer 40,000: Kill Team – Hivestorm",0.455,Power Rangers: Heroes of the Grid,0.417,Apocalypse: Earth – Wargaming in a World Gone Wrong,0.4,Brassbound: Adamantine Dawn,0.4,Battle Monsters: Godzilla vs. King Ghidorah,0.385
5771,"Frühling, Sommer, Herbst und Winter",Children's Game,UNO Dice,0.75,Monopoly Junior: Shopkins,0.6,Risk & Reward,0.6,Popit Chess,0.6,Risky,0.5
3249,Rescue from the Hive,Science Fiction,Alien: Invasion Risk,0.389,Risk: Star Wars – Original Trilogy Edition,0.385,Operation Market Garden: Descent Into Hell,0.375,Alaric the Goth: Fall of the Western Roman Empire,0.364,The Battle of Khalkhin Gol,0.357
4709,An Evening of Murder: Dead of Winter,Deduction,How to Host a Murder: The Duke's Descent,0.75,Black Stories: Bloody Cases Edition,0.429,Mysterium Park,0.333,Mysterium im Kloster,0.333,SherBlock: Uno Scandalo in Boemia,0.286
429262,"Warhammer 40,000: Kill Team – Hivestorm",Fighting,Battlefleet Gothic,0.545,Battle Monsters: Godzilla vs. King Ghidorah,0.467,Star Trek: Into The Unknown – Federation vs. Dominion Core Set,0.462,Necromunda: Hive Secundus,0.455,Necromunda: Hive War,0.455
163412,Patchwork,Abstract Strategy,Stack'n Stuff: A Patchwork Game,0.667,Blokus Duo,0.286,Guess Chess,0.286,Azul,0.278,Azul: Master Chocolatier,0.267
41585,FlipOut,Abstract Strategy,Ancient Egypt Go Fish for Art,0.556,Scrabble People,0.444,Barbie: Go Shopping!,0.444,UNO H2O Splash,0.444,5211,0.444
242544,Prinzessin Mix-Max,Children's Game,Monopoly Junior: Lemonade,0.5,Armor of God,0.5,Monopoly Junior: Yo-kai Watch Edition,0.444,Monopoly Junior: Shrek 2,0.444,UNO Dice,0.429
264239,Patchwork Doodle,Puzzle,Catan Dice Game Deluxe Edition,0.333,UNO Dice Game,0.333,7 Wonders Dice,0.333,Catan Dice Game,0.286,Honey Hive,0.286
246639,Patchwork Express,Abstract Strategy,Stack'n Stuff: A Patchwork Game,1.0,Guess Chess,0.4,Blokus Duo,0.4,Puzzle Board Chess,0.375,Azul: Master Chocolatier,0.364
333051,Patchwork Garden,Children's Game,Memory Chess,0.667,Ziege mit Fliege,0.667,Brainbox: On The Go Devon,0.667,Brainbox: On The Go Cornwall,0.667,Catan Junior Mitbringspiel,0.5
362693,Stack'n Stuff: A Patchwork Game,Abstract Strategy,Patchwork Express,1.0,Patchwork,0.667,Guess Chess,0.4,Blokus Duo,0.4,Puzzle Board Chess,0.375
9963,Santorini,Abstract Strategy,Hnefatafl,0.625,Ostsee-Schach,0.455,Quantum Chess,0.375,Oriental Chess,0.375,Interdimensional Chess,0.375
146645,Santorini,Abstract Strategy,Beyond Chess,0.5,Chess 2000,0.5,Square Routes,0.5,Chess-kers,0.5,ROOT\G: boardgame,0.5
194655,Santorini,Abstract Strategy,Hnefatafl,0.5,Enochian Chess,0.4,Chinese Checkers,0.333,Coalition Chess,0.333,Raumschach,0.308
315631,Santorini: New York,Abstract Strategy,Hnefatafl,0.4,Interdimensional Chess,0.333,Near Chess,0.333,Raumschach,0.333,Neo-Chess,0.333
386166,Santorini: Pantheon Edition,Abstract Strategy,Hnefatafl,0.5,Enochian Chess,0.4,Chinese Checkers,0.333,Coalition Chess,0.333,Raumschach,0.308
439107,Santorini: Second Edition,Abstract Strategy,Hnefatafl,0.5,Enochian Chess,0.4,Chinese Checkers,0.333,Coalition Chess,0.333,Raumschach,0.308
25669,Qwirkle,Abstract Strategy,UNO Dominos,0.6,Othello,0.5,Schachen,0.5,UNO Rummy-Up,0.429,Chessers,0.4
171489,Qwirkle Cards,Card Game,Hanabi: Festival,1.0,Barbie: Go Shopping!,0.75,The Armor of God,0.75,5211,0.75,Monopoly Millionaire Deal Card Game,0.75
39813,Qwirkle Cubes,Abstract Strategy,UNO Dice Game,0.714,Qwirkle Trio,0.667,UNO Dice,0.667,UNO Dominos,0.5,UNO Bingo,0.5
448908,Qwirkle Flex,Abstract Strategy,Qwirkle Mega Pack,0.8,UNO Dominos,0.6,Othello,0.5,Qwirkle Trio,0.5,Schachen,0.5
197614,Qwirkle Mega Pack,Abstract Strategy,Qwirkle Flex,0.8,UNO Dominos,0.75,Schachen,0.6,Qwirkle Trio,0.6,UNO Wild Tiles,0.5
134824,Qwirkle Trio,Abstract Strategy,UNO Dominos,0.75,Qwirkle Cubes,0.667,Qwirkle Mega Pack,0.6,Branches and Twigs and Thorns,0.5,UNO Rummy-Up,0.5
398683,"A game about deciding which cards to use before the game, technically known as 'deck construction', designed basically just for one event.",Card Game,Boba Goba,0.5,All Hail The Goblin King,0.4,The Golden Compass,0.4,Dixit: Kids,0.4,Hive Smashers,0.333
254640,Just One,Deduction,Codenames: Singapore Edition,0.444,Hive Mind,0.429,Codenames: Back to Hogwarts,0.4,Codenames: Duet,0.4,Codenames: Harry Potter,0.364
54856,Just One Die Soccer,Sports,Ace Handicap Golf,1.0,Birdie!: Golf Nano Game,0.75,Amateur Golf,0.667,Jenga: Chicago Cubs Collector's Edition,0.667,APBA Professional Golf,0.667
450619,Just One: New Version,Party Game,Codenames: Singapore Edition,0.429,テーブル花火 (Table Hanabi),0.4,Hive Mind,0.4,Party Scrabble,0.4,Scrabble Interactivo,0.4
2745,WaveLength,Card Game,UNO: WWE Legends of Wrestling,0.5,UNO: X Games,0.5,Scrabble Word Play Poker,0.4,Scrabble Word Rummy,0.4,Arnold Palmer's Golf Card Game,0.4
23596,WaveLength,Movies / TV / Radio theme,Carrera de Mente,0.75,Jenga: Transformers – Rise of the Fallen,0.6,5 Gold Rings Card Game,0.6,5 Gold Rings,0.5,Blockbusters Gold Run Card Game,0.5
262543,Wavelength,Party Game,Stella: Dixit Universe,0.429,Carrera de Mente,0.4,Dixit Cérémonie,0.375,Jenga: Transformers – Rise of the Fallen,0.333,Dixit: Print & Play,0.333
178900,Codenames,Card Game,Stella: Dixit Universe,0.364,Hanabi Deluxe: What a Show!,0.333,Time's Up! Edición Azul,0.333,Just One,0.333,Hanabi,0.308
450782,Codenames: Back to Hogwarts,Card Game,Just One,0.4,Just One: New Version,0.375,WaveLength,0.333,Black Stories: Bloody Cases Edition,0.3,Archer: Once You Go Blackmail...,0.3
301628,Codenames: Blizzard Edition,Card Game,Just One,0.364,Hanabi Deluxe: What a Show!,0.364,Time's Up! Edición Azul,0.364,Just One: New Version,0.333,Hanabi,0.333
465849,Codenames: Critical Role Adventures,Adventure,Side Quest: Nemesis,0.385,Mini Escapes: The Mystery of the Lost Cult,0.364,Vantage,0.357,Slay the Spire: The Board Game,0.353,Arkham Horror: The Card Game (Revised Core Set),0.348
205158,Codenames: Deep Undercover,Card Game,Stella: Dixit Universe,0.333,Hanabi Deluxe: What a Show!,0.308,Just One,0.308,Time's Up! Edición Azul,0.308,Hanabi,0.286
220775,Codenames: Disney – Family Edition,Card Game,Time's Up! Edición Azul,0.417,WaveLength,0.364,Stella: Dixit Universe,0.333,Just One,0.308,Hanabi Deluxe: What a Show!,0.308
224037,Codenames: Duet,Card Game,Hanabi Deluxe: What a Show!,0.556,Hanabi,0.5,Hanabi Deluxe II,0.444,Hanabi & Ikebana,0.444,Just One,0.4
249821,Codenames: Harry Potter,Deduction,Just One,0.364,Behind Gold,0.333,Just One: New Version,0.333,Mysterium Park,0.333,Mysterium Kids: Captain Echo's Treasure,0.3
272910,Codenames: Malaysia Edition,Card Game,Stella: Dixit Universe,0.4,Go Fish,0.3,WaveLength,0.3,Activity: Gold Edition,0.273,Hanabi & Ikebana,0.273
220774,Codenames: Marvel,Card Game,Stella: Dixit Universe,0.364,Hanabi Deluxe: What a Show!,0.333,Time's Up! Edición Azul,0.333,Hanabi,0.308,Mysterium Park,0.308
198773,Codenames: Pictures,Card Game,Hanabi Deluxe: What a Show!,0.4,Time's Up! Edición Azul,0.4,Hanabi,0.364,Go Fish,0.333,Archer: Once You Go Blackmail...,0.3
366383,Codenames: Singapore Edition,Deduction,Just One,0.444,Just One: New Version,0.429,Stella: Dixit Universe,0.333,Time's Up! Edición Azul,0.3,Carrera de Mente,0.286
290028,Codenames: The Simpsons,Card Game,Stella: Dixit Universe,0.4,Shuffle: Jurassic World Dominion,0.375,Time's Up! Edición Azul,0.364,WaveLength,0.333,Jenga: Transformers – Rise of the Fallen,0.333
39856,Dixit,Card Game,Black Sheep Gone Wild,0.455,Risky Mgax,0.417,Body Be Gone,0.4,Stella: Dixit Universe,0.364,Apples to Apples to Go,0.364
415714,Dixit Cérémonie,Card Game,Dixit Universe Access+,0.625,Body Be Gone,0.5,Stella: Dixit Universe,0.444,Black Stories Junior: Golden Stories,0.444,Black Sheep Gone Wild,0.4
119407,Dixit Jinx,Bluffing,Black Sheep Gone Wild,0.455,Risky Mgax,0.417,Anything Goes,0.4,Apples to Apples to Go,0.364,Dixit Universe Access+,0.364
427810,Dixit Universe Access+,Card Game,Dixit Cérémonie,0.625,Body Be Gone,0.571,Black Stories Junior: Golden Stories,0.5,Black Sheep Gone Wild,0.444,Shot in the Dark: The Ultimate Unorthodox Quiz Game,0.429
284007,Dixit: Demo Deck,Card Game,Black Sheep Gone Wild,0.625,Body Be Gone,0.571,Apples to Apples to Go,0.5,Black Stories Junior: Golden Stories,0.5,Shot in the Dark: The Ultimate Unorthodox Quiz Game,0.429
381308,Dixit: Disney Edition,Card Game,Body Be Gone,0.429,Roots: A Game of Inventing Words,0.4,Black Stories Junior: Golden Stories,0.375,Stella: Dixit Universe,0.375,Black Stories: Bloody Cases Edition,0.375
121288,Dixit: Journey,Card Game,Black Sheep Gone Wild,0.5,Risky Mgax,0.455,Body Be Gone,0.444,Anything Goes,0.444,Apples to Apples to Go,0.4
457275,Dixit: Kids,Card Game,Boba Goba,0.667,The Golden Compass,0.5,All Hail The Goblin King,0.5,Rooticle,0.4,Hive Smashers,0.4
92828,Dixit: Odyssey,Card Game,Body Be Gone,0.571,Black Stories Junior: Golden Stories,0.5,Black Sheep Gone Wild,0.444,Shot in the Dark: The Ultimate Unorthodox Quiz Game,0.429,Risky Mgax,0.4
307090,Dixit: Print & Play,Card Game,Roots: A Game of Inventing Words,0.417,Stella: Dixit Universe,0.4,Black Sheep Gone Wild,0.364,Wavelength,0.333,Body Be Gone,0.3
22374,Dixit: The Dictionary Game,Word Game,Scrabble Speed,0.667,Scrabble: Chocolate Edition,0.667,Scrabble Overturn,0.667,Kham Khom,0.667,Scrabble: 2007 Boston Red Sox Worlds Series Championship Edition,0.5
340132,Ipse Dixit,Children's Game,Dragon Chess,0.4,Patchwork Garden,0.4,One In the Middle,0.4,Chess Openings: Essential Pack,0.4,"Red Dog, Blue Dog",0.375
329845,Stella: Dixit Universe,Card Game,Dixit Cérémonie,0.444,Wavelength,0.429,Dixit: Print & Play,0.4,Codenames: Malaysia Edition,0.4,Codenames: The Simpsons,0.4
98778,Hanabi,Card Game,Codenames: Duet,0.5,Nova's Ark,0.462,Ticket to Ride: The Card Game,0.444,Go Fish,0.444,Tajemnicze Domostwo,0.4
70918,Hanabi & Ikebana,Card Game,Hanabi Deluxe II,1.0,Hanabi Deluxe: What a Show!,0.857,Go Fish,0.571,Ticket to Ride: The Card Game,0.571,Nova's Ark,0.545
272743,Hanabi Deluxe II,Card Game,Hanabi & Ikebana,1.0,Go Fish,0.571,Ticket to Ride: The Card Game,0.571,Nova's Ark,0.545,Qwirkle Cards,0.5
290357,Hanabi Deluxe: What a Show!,Card Game,Hanabi & Ikebana,0.857,Codenames: Duet,0.556,Nova's Ark,0.5,Ticket to Ride: The Card Game,0.5,Go Fish,0.5
123712,Hanabi: Festival,Card Game,Qwirkle Cards,1.0,Monopoly Millionaire Deal Card Game,0.75,5211,0.75,The Armor of God,0.75,Barbie: Go Shopping!,0.75
239006,テーブル花火 (Table Hanabi),Action / Dexterity,Jenga: Space Invaders Collector's Edition,0.667,Jenga: Truth or Dare,0.667,Jenga Xtreme,0.667,Jenga Pass Challenge,0.667,Jenga Girl Talk,0.667
2740,Jumbo Jet,Aviation / Flight,Monopoly Junior: Planes,0.556,Monopoly: Branson Edition,0.455,Chocolate Monopoly,0.444,Anti-Monopoly,0.444,Monopoly Junior: Travel Edition,0.444
1931,Anti-Monopoly,Children's Game,Monopoly Junior: Dig 'n Dinos,0.75,Monopoly Junior: Deep Sea Adventure,0.714,Monopoly Junior: Travel Edition,0.714,Chocolate Monopoly,0.714,Monopoly L.O.L. Surprise!,0.667
1932,Anti-Monopoly II,Economic,Bunul gospodar,0.75,Monopoly Junior: Trek Alaska,0.75,Monopoly Canadian Tire,0.667,Brasfield & Gorrie Constructionopoly,0.667,Monopoly for Millennials,0.667
1930,Anti-Monopoly III: Washington-Moskau,Negotiation,Bunul gospodar,0.4,Monopoly Secret Vault,0.4,Risky Strategy,0.4,Monopoly & Clue: Deluxe Vintage 2-in-1 Game Collection,0.333,Hamleys Monopoly,0.333
261955,Anti-Monopoly: Luxus-Edition,Economic,Bunul gospodar,0.8,Chocolate Monopoly,0.571,Monopoly Junior: Travel Edition,0.571,Monopoly Junior: Toy Story,0.571,Heinz Monopoly Game,0.5
36487,Burmese Monopoly,Economic,Harley-Davidson Monopoly: Collector's Edition,1.0,Heinz Monopoly Game,1.0,Gay Monopoly,1.0,Hometown Monopoly: Bloomington,1.0,Hometown Monopoly: La Crosse,1.0
27322,Chocolate Monopoly,Economic,Monopoly Saalfeld: Rudolstadt – Bad Blankenburg,0.857,Burmese Monopoly,0.857,Gay Monopoly,0.857,Harley-Davidson Monopoly: Collector's Edition,0.857,Heinz Monopoly Game,0.857
402608,Costco Monopoly,Dice,Monopoly Millionaire,0.75,Hamleys Monopoly,0.714,Chocolate Monopoly,0.625,Monopoly Junior: Disney Channel,0.6,Monopoly City,0.6
5166,Express Monopoly Card Game,Card Game,Splendor: AsmOPlay Kit,0.6,Splendor Duel,0.5,Barbie: Go Shopping!,0.5,Monopoly Junior: Trek Alaska,0.5,Splendor,0.5
108230,Final Fantasy Monopoly,Economic,Hometown Monopoly: Bloomington,0.778,Heinz Monopoly Game,0.778,Monopoly Saalfeld: Rudolstadt – Bad Blankenburg,0.778,Hometown Monopoly: La Crosse,0.778,Hometown USA: Oshkosh,0.778
11862,Gay Monopoly,Economic,Harley-Davidson Monopoly: Collector's Edition,1.0,Heinz Monopoly Game,1.0,Burmese Monopoly,1.0,Hometown Monopoly: Bloomington,1.0,Hometown Monopoly: La Crosse,1.0
434437,Hamleys Monopoly,Economic,Riskkapitalist,0.714,Costco Monopoly,0.714,Chocolate Monopoly,0.571,Monopoly City,0.556,Monopoly Junior: Disney Channel,0.556
94416,Harley-Davidson Monopoly: Collector's Edition,Economic,Heinz Monopoly Game,1.0,Burmese Monopoly,1.0,Gay Monopoly,1.0,Hometown Monopoly: Bloomington,1.0,Hometown Monopoly: La Crosse,1.0
117935,Heinz Monopoly Game,Economic,Harley-Davidson Monopoly: Collector's Edition,1.0,Burmese Monopoly,1.0,Gay Monopoly,1.0,Hometown Monopoly: Bloomington,1.0,Hometown Monopoly: La Crosse,1.0
42372,Hellraiser Monopoly,Economic,Monopoly Saalfeld: Rudolstadt – Bad Blankenburg,0.778,Burmese Monopoly,0.778,Monopoly Jackpot,0.778,Hometown Monopoly: La Crosse,0.778,Hometown USA: Oshkosh,0.778
15884,Hometown Monopoly: Bloomington,Economic,Harley-Davidson Monopoly: Collector's Edition,1.0,Heinz Monopoly Game,1.0,Burmese Monopoly,1.0,Gay Monopoly,1.0,Hometown USA: Oshkosh,1.0
433862,Hometown Monopoly: Detroit,Economic,Monopoly Grab and Go,0.917,Monopoly W:O:A,0.909,Monopoly Technisches Hilfswerk,0.833,Monopoly Polska,0.615,Monopoly World,0.583
42169,Hometown Monopoly: La Crosse,Economic,Harley-Davidson Monopoly: Collector's Edition,1.0,Heinz Monopoly Game,1.0,Burmese Monopoly,1.0,Gay Monopoly,1.0,Hometown USA: Oshkosh,1.0
42204,Hometown USA: Oshkosh,Economic,Monopoly: Basse-Normandie,1.0,Monopoly: Bass Fishing,1.0,Monopoly: Basel,1.0,Monopoly: Barça,1.0,Harley-Davidson Monopoly: Collector's Edition,1.0
28374,Inflatable Monopoly,Economic,Hometown Monopoly: Bloomington,0.75,Hometown Monopoly: La Crosse,0.75,Monopoly Jackpot,0.75,Monopoly Peru,0.75,Monopoly Saalfeld: Rudolstadt – Bad Blankenburg,0.75
339705,Jigsaw Monopoly: Lancaster PA,Economic,Monopoly World,0.7,Chocolate Monopoly,0.667,Monopoly L.O.L. Surprise!,0.636,Harley-Davidson Monopoly: Collector's Edition,0.6,Gay Monopoly,0.6
202322,KISS Rock Band Monopoly,Economic,Monopoly Saalfeld: Rudolstadt – Bad Blankenburg,0.875,Heinz Monopoly Game,0.875,Harley-Davidson Monopoly: Collector's Edition,0.875,Gay Monopoly,0.875,Burmese Monopoly,0.875
2330,Medical Monopoly,Economic,Monopoly for Sore Losers,0.5,Monopoly for Millennials,0.5,Monopoly Canadian Tire,0.5,Monopoly Party,0.5,Monopoly Travel World Tour,0.5
364269,My First Monopoly Game,Animals,Monopoly Junior: Bluey,0.8,Monopoly Junior: Peppa Pig,0.714,Monopoly Junior: Finding Dory edition,0.667,Monopoly Junior: Benjamin Blümchen,0.571,Monopoly Junior: Unicorn Edition,0.571
289363,Ms. Monopoly,Economic,Monopoly Junior: Unicorn Edition,0.5,Monopoly Crooked Cash,0.5,My First Monopoly Game,0.333,Monopoly Brainrot Billionaire,0.333,Monopoly W:O:A,0.3
1406,Monopoly,Economic,Hometown USA: Oshkosh,0.462,Twin Play Classics: Monopoly and Scrabble,0.353,Jumbo Jet,0.267,Riskkapitalist,0.267,The Pandemic Wars,0.25
17250,Monopoly: London,Economic,Hometown USA: Oshkosh,1.0,Bunul gospodar,0.571,Riskkapitalist,0.556,Twin Play Classics: Monopoly and Scrabble,0.5,Jumbo Jet,0.4
36611,Monopoly: The Portable Property Trading Game,Economic,Hometown USA: Oshkosh,1.0,Bunul gospodar,0.571,Riskkapitalist,0.556,Twin Play Classics: Monopoly and Scrabble,0.5,Jumbo Jet,0.4
18901,Monopoly: Here and Now,Economic,Hometown USA: Oshkosh,1.0,Bunul gospodar,0.571,Riskkapitalist,0.556,Twin Play Classics: Monopoly and Scrabble,0.5,Jumbo Jet,0.4
203301,Monopoly $ycling,Economic,Monopoly KHL,0.714,Monopoly Prizm: NBA Edition,0.714,Monopoly Empire,0.667,Anti-Monopoly II,0.6,Chocolate Monopoly,0.571
452862,Monopoly & Clue: Deluxe Vintage 2-in-1 Game Collection,Deduction,Monopoly Secret Vault,0.5,Bunul gospodar,0.5,Anti-Monopoly: Luxus-Edition,0.429,Mystery Party in the Box: Bajo la Luna Azul,0.429,Hamleys Monopoly,0.429
24138,Monopoly: James Bond 007,Economic,Hometown USA: Oshkosh,0.7,Riskkapitalist,0.417,Bunul gospodar,0.4,Twin Play Classics: Monopoly and Scrabble,0.4,Jumbo Jet,0.308
13131,Monopoly: Sesame Street,Children's Game,Hometown USA: Oshkosh,0.778,Riskkapitalist,0.455,Bunul gospodar,0.444,Twin Play Classics: Monopoly and Scrabble,0.429,Theodore Tugboat Rootin' Tootin' Card Game,0.364
5472,Monopoly: Millennium,Economic,Hometown USA: Oshkosh,1.0,Bunul gospodar,0.571,Riskkapitalist,0.556,Twin Play Classics: Monopoly and Scrabble,0.5,Jumbo Jet,0.4
334,Advance to Boardwalk,Economic,Monopoly Empire Card Game,0.5,Monopoly Deal Pocket,0.429,Monopoly Deal: No Mercy,0.429,Monopoly Deal Card Game,0.429,Catan: Core + China Map,0.4
323910,Monopoly Arcade: Pac-Man,Economic,Monopoly Gamer,0.75,Monopoly Gamer: Mario Kart,0.75,Monopoly Gamer: Sonic The Hedgehog,0.667,Monopoly Empire,0.5,Monopoly Junior: Yo-kai Watch Edition,0.444
207167,Monopoly: Ultimate Banking,Economic,21st Century Gold Rush,0.5,The Game Of Roots,0.5,Das UNO Spiel,0.5,På egen risk,0.5,Brasfield & Gorrie Constructionopoly,0.5
433413,Monopoly Białystok,Economic,Monopoly Junior: Travel Edition,0.375,Chocolate Monopoly,0.375,Harley-Davidson Monopoly: Collector's Edition,0.333,Heinz Monopoly Game,0.333,Gay Monopoly,0.333
327797,Monopoly Bid,Card Game,Monopoly Millionaire Deal Card Game,0.8,Monopoly Deal: No Mercy,0.667,Monopoly Deal Card Game,0.667,Monopoly Deal Pocket,0.667,Qwirkle Cards,0.6
472428,Monopoly Brainrot Billionaire,Children's Game,Monopoly Technisches Hilfswerk,0.538,Monopoly Junior: Unicorn Edition,0.5,Monopoly Junior: Travel Edition,0.5,Monopoly L.O.L. Surprise!,0.5,Monopoly Junior: Deep Sea Adventure,0.5
3065,Monopoly: Stock Exchange,Economic,Hometown USA: Oshkosh,0.667,Riskkapitalist,0.667,Bunul gospodar,0.5,Twin Play Classics: Monopoly and Scrabble,0.462,Busine$$ GO,0.375
89620,Monopoly: Canada (Electronic Banking),Economic,Hometown USA: Oshkosh,0.875,Bunul gospodar,0.5,Riskkapitalist,0.5,Twin Play Classics: Monopoly and Scrabble,0.462,Jumbo Jet,0.364
7457,Monopoly: Canadian Edition,Economic,Hometown USA: Oshkosh,1.0,Bunul gospodar,0.571,Riskkapitalist,0.556,Twin Play Classics: Monopoly and Scrabble,0.5,Jumbo Jet,0.4
421946,Monopoly Canadian Tire,Economic,Das UNO Spiel,1.0,Brasfield & Gorrie Constructionopoly,1.0,Monopoly for Millennials,1.0,Monopoly for Sore Losers,1.0,The Game Of Roots,1.0
208701,Monopoly Card Games: Free Parking and Water Works,Card Game,Risk It For A Biscuit,0.6,UNO: Despicable Me,0.5,UNO: Emoji,0.5,UNO: Cinderella,0.429,UNO: Toy Story 4,0.429
266193,Monopoly Cash Grab,Economic,Big Orange: Good Luck,0.5,The Bee-Hive of Fun,0.5,Monopoly for Millennials,0.333,Monopoly for Sore Losers,0.333,Jenga: Truth or Dare,0.333
391742,Monopoly Chance,Economic,Monopoly Express,0.6,Anti-Monopoly II,0.5,Monopoly Get Out of Jail Mini Game,0.5,Simply Ingenious,0.4,Monopoly Junior: Trek Alaska,0.4
41186,Monopoly City,City Building,Monopoly Playmaster,0.778,Monopoly Revolution,0.7,Chocolate Monopoly,0.667,Monopoly Junior: Disney Channel,0.636,Hometown USA: Oshkosh,0.6
15665,Monopoly: Köln,Economic,Hometown USA: Oshkosh,1.0,Bunul gospodar,0.571,Riskkapitalist,0.556,Twin Play Classics: Monopoly and Scrabble,0.5,Jumbo Jet,0.4
356071,Monopoly Crooked Cash,Economic,Ms. Monopoly,0.5,Monopoly Junior: Unicorn Edition,0.5,Monopoly Secret Vault,0.429,Bunul gospodar,0.429,Monopoly World,0.4
7098,Monopoly: Deluxe Edition,Economic,Hometown USA: Oshkosh,1.0,Bunul gospodar,0.571,Riskkapitalist,0.556,Twin Play Classics: Monopoly and Scrabble,0.5,Jumbo Jet,0.4
40398,Monopoly Deal Card Game,Card Game,Monopoly Deal Pocket,1.0,Monopoly Empire Card Game,0.8,Monopoly Millionaire Deal Card Game,0.8,Monopoly Bid,0.667,Hanabi: Festival,0.6
265797,Monopoly Deal London,Card Game,Splendor: AsmOPlay Kit,0.6,15 Go!,0.6,Dominion: Big Box,0.429,Brass Empire,0.429,Dominion: Special Edition,0.429
164840,Monopoly Deal Pocket,Card Game,Monopoly Deal Card Game,1.0,Monopoly Empire Card Game,0.8,Monopoly Millionaire Deal Card Game,0.8,Monopoly Bid,0.667,Hanabi: Festival,0.6
469655,Monopoly Deal Wizarding World/Harry Potter Card Game,Card Game,UNO: Monster High,0.714,UNO: Harry Potter,0.625,Harry Potter Unofficial Magic Duel Card Game,0.625,UNO: Monster High,0.625,UNO: Monster High,0.625
469656,Monopoly Deal: Disney Stitch,Card Game,UNO: All Wild! Grogu!,0.714,UNO: Cinderella,0.714,UNO: Toy Story 4,0.714,Uno Flip!: Transformers,0.625,UNO: Monster High,0.625
469654,Monopoly Deal: KPop Demon Hunters,Card Game,UNO: Monster High,0.714,UNO: Monster High,0.625,UNO: Monster High,0.625,UNO: High School Musical 2,0.571,UNO: High School Musical 3,0.571
454634,Monopoly Deal: NFL Edition,Card Game,Monopoly Millionaire Deal Card Game,0.667,Monopoly Empire Card Game,0.667,UNO: WWE Card Game,0.667,Monopoly Bid,0.571,Hanabi: Festival,0.5
465961,Monopoly Deal: No Mercy,Card Game,Monopoly Empire Card Game,0.8,Monopoly Millionaire Deal Card Game,0.8,Monopoly Bid,0.667,Hanabi: Festival,0.6,UNO: All Wild!,0.6
35808,Monopoly: Flemish Edition,Economic,Hometown USA: Oshkosh,1.0,Bunul gospodar,0.571,Riskkapitalist,0.556,Twin Play Classics: Monopoly and Scrabble,0.5,Jumbo Jet,0.4
29676,Monopoly: Tropical Tycoon DVD Game,Economic,Hometown USA: Oshkosh,0.75,Bunul gospodar,0.571,Riskkapitalist,0.556,Jumbo Jet,0.4,Twin Play Classics: Monopoly and Scrabble,0.385
145842,Monopoly Empire,Economic,Monopoly $ycling,0.667,Monopoly GO!,0.6,Anti-Monopoly II,0.6,Chocolate Monopoly,0.571,Anti-Monopoly,0.571
333056,Monopoly Empire Card Game,Economic,Monopoly Deal Pocket,0.8,Monopoly Deal: No Mercy,0.8,Monopoly Deal Card Game,0.8,Monopoly Deal: NFL Edition,0.667,Monopoly Millionaire Deal Card Game,0.6
1420,Monopoly Express,Dice,Risky Dice,0.6,7s 11s: A Fast Paced Dice Game of Chance & Risk Taking,0.6,High Risk,0.6,Monopoly Chance,0.6,Risky Adventure,0.571
122548,Monopoly Express,Economic,Black Gold,0.6,Bisnes,0.6,Das UNO Spiel,0.5,Monopoly Junior: Lemonade,0.5,Monopoly Travel World Tour,0.5
265297,Monopoly for Millennials,Economic,På egen risk,1.0,Das UNO Spiel,1.0,Monopoly Canadian Tire,1.0,Brasfield & Gorrie Constructionopoly,1.0,Monopoly for Sore Losers,1.0
327299,Monopoly for Sore Losers,Economic,På egen risk,1.0,Das UNO Spiel,1.0,Monopoly Canadian Tire,1.0,Brasfield & Gorrie Constructionopoly,1.0,Monopoly for Millennials,1.0
64706,Monopoly Free Parking Mini Game,Action / Dexterity,Jenga: John Deere Collector's Edition,0.667,FS Chess Football: A Thinking Fan's Game,0.667,Jenga BOOM,0.5,Jenga: Holiday Edition,0.5,Jenga Halloween Edition,0.5
230408,Monopoly Gamer,Economic,Monopoly Arcade: Pac-Man,0.75,Monopoly Empire,0.5,Monopoly Junior: Yo-kai Watch Edition,0.444,Anti-Monopoly II,0.429,Monopoly GO!,0.429
249833,Monopoly Gamer: Mario Kart,Economic,Monopoly Arcade: Pac-Man,0.75,Monopoly Empire,0.5,Monopoly Junior: Yo-kai Watch Edition,0.444,Anti-Monopoly II,0.429,Monopoly GO!,0.429
272803,Monopoly Gamer: Overwatch Collector's Edition,Economic,Brasfield & Gorrie Constructionopoly,0.667,Monopoly Canadian Tire,0.667,Monopoly for Sore Losers,0.667,På egen risk,0.667,Das UNO Spiel,0.667
287863,Monopoly Gamer: Sonic The Hedgehog,Animals,Monopoly Arcade: Pac-Man,0.667,Monopoly Empire,0.444,Monopoly Junior: Benjamin Blümchen,0.4,Monopoly Junior: Deep Sea Adventure,0.4,Monopoly Junior: Yo-kai Watch Edition,0.4
476901,Monopoly Gamer: Super Mario,Children's Game,Monopoly Junior: Dragons,0.455,Costco Monopoly,0.444,Monopoly Millionaire,0.444,Monopoly Junior: Dig 'n Dinos,0.4,Hamleys Monopoly,0.375
64611,Monopoly Get Out of Jail Mini Game,Action / Dexterity,Brink: aim for the edge but don't go over!,0.667,Monopoly Chance,0.5,Simply Ingenious,0.4,Jenga: Tetris,0.4,A Risk Cat,0.333
428535,Monopoly GO!,Economic,På egen risk,0.667,Monopoly Travel World Tour,0.667,Monopoly for Millennials,0.667,Monopoly for Sore Losers,0.667,The Game Of Roots,0.667
449772,Monopoly Grab and Go,Economic,Hometown Monopoly: Detroit,0.917,Monopoly Technisches Hilfswerk,0.917,Monopoly W:O:A,0.833,Monopoly Polska,0.692,Monopoly World,0.538
35262,Monopoly: Here & Now Electronic Banking,Economic,Hometown USA: Oshkosh,0.875,Bunul gospodar,0.5,Riskkapitalist,0.5,Twin Play Classics: Monopoly and Scrabble,0.462,Jumbo Jet,0.364
137244,Monopoly Hotels,City Building,Monopoly GO!,0.5,Puerto Rico,0.4,Monopoly Empire Card Game,0.4,Monopoly Deal Card Game,0.333,Monopoly Deal Pocket,0.333
201890,Monopoly Jackpot,Economic,Harley-Davidson Monopoly: Collector's Edition,1.0,Heinz Monopoly Game,1.0,Burmese Monopoly,1.0,Hometown USA: Oshkosh,1.0,Hometown Monopoly: La Crosse,1.0
296341,Monopoly Jenga,Action / Dexterity,UNO Stacko Travel Size Bonus Pak,0.375,Jenga Maker,0.333,Monopoly Get Out of Jail Mini Game,0.333,Jenga Mini,0.286,Monopoly Empire Card Game,0.286
5339,Monopoly Junior,Children's Game,Bisnes,0.571,My First Monopoly Game,0.5,Monopoly Brainrot Billionaire,0.455,Monopoly Town,0.444,Anti-Monopoly,0.444
104770,Monopoly: Crazy Cash,Children's Game,Bisnes,0.571,Catan Junior,0.5,Riskkapitalist,0.4,The Kids of Catan,0.4,Prinzessin Mix-Max,0.4
263733,Monopoly Junior Game: Disney/Pixar Incredibles 2 Edition,Children's Game,Disney Pixar Cars 3: Risky Raceway Game,0.6,Bugs Bunny's: Who's Got The Carrot Game,0.6,Monopoly Junior KOSMOS,0.6,Bisnes,0.6,På egen risk,0.5
462996,Monopoly Junior KOSMOS,Children's Game,Bisnes,0.6,Monopoly Junior Game: Disney/Pixar Incredibles 2 Edition,0.6,My First Monopoly Game,0.5,Monopoly Travel World Tour,0.5,På egen risk,0.5
147112,Monopoly: My Little Pony,Animals,Hometown USA: Oshkosh,0.6,Riskkapitalist,0.455,Bugs Bunny's: Who's Got The Carrot Game,0.444,Bunul gospodar,0.444,An American Tail: Fievel Goes West,0.4
235638,Monopoly Junior: Bakugan Battle Brawlers,Children's Game,Disney Pixar Cars 3: Risky Raceway Game,0.5,Bisnes,0.5,Bugs Bunny's: Who's Got The Carrot Game,0.5,An American Tail: Fievel Goes West,0.429,My First Monopoly Game,0.429
456850,Monopoly Junior: Benjamin Blümchen,Animals,Bugs Bunny's: Who's Got The Carrot Game,0.667,An American Tail: Fievel Goes West,0.571,My First Monopoly Game,0.571,Baby Shark Let's Go Hunt Game,0.5,Monopoly Town,0.5
415715,Monopoly Junior: Bluey,Animals,My First Monopoly Game,0.8,Bisnes,0.6,Bluey: Let’s Go Shopping Game,0.6,Bugs Bunny's: Who's Got The Carrot Game,0.6,Monopoly for Millennials,0.5
6962,Monopoly Junior: Deep Sea Adventure,Animals,Anti-Monopoly,0.714,My First Monopoly Game,0.571,Monopoly Town,0.5,Anti-Monopoly II,0.5,Monopoly Brainrot Billionaire,0.5
13132,Monopoly Junior: Dig 'n Dinos,Children's Game,Chocolate Monopoly,0.75,Anti-Monopoly,0.75,Monopoly L.O.L. Surprise!,0.7,Heinz Monopoly Game,0.667,Hometown Monopoly: Bloomington,0.667
33147,Monopoly Junior: Disney Channel,Children's Game,Anti-Monopoly,0.667,Chocolate Monopoly,0.667,Monopoly Speed,0.667,Monopoly L.O.L. Surprise!,0.636,Monopoly City,0.636
171090,Monopoly Junior: Disney Frozen,Children's Game,Bisnes,0.5,Disney Pixar Cars 3: Risky Raceway Game,0.5,Bugs Bunny's: Who's Got The Carrot Game,0.5,UNO: Shrek,0.429,Scrabble The Shrek Edition,0.429
231018,Monopoly Junior: Disney Pixar Cars 3 Edition,Children's Game,Disney Pixar Cars 3: Risky Raceway Game,1.0,Batman: The Chase Through Gotham City,0.6,Bugs Bunny's: Who's Got The Carrot Game,0.6,Chinese Travel Chess,0.5,UNO: Cars 3,0.5
20419,Monopoly Junior: Disney Princess,Children's Game,Anti-Monopoly II,0.6,Monopoly Town,0.571,Anti-Monopoly,0.571,Bisnes,0.5,Scrabble People Letter-Matching Board Game,0.5
202323,Monopoly Junior: Dragons,Children's Game,Monopoly Speed,0.615,Monopoly L.O.L. Surprise!,0.583,Burmese Monopoly,0.545,Costco Monopoly,0.545,Monopoly Jackpot,0.545
221019,Monopoly Junior: Eloise's Rawther Exciting Globetrotting Adventure,Children's Game,Anti-Monopoly,0.625,Bisnes,0.571,Monopoly Speed,0.5,Catan Junior,0.5,Monopoly L.O.L. Surprise!,0.455
226490,Monopoly Junior: Finding Dory edition,Animals,Bugs Bunny's: Who's Got The Carrot Game,0.8,An American Tail: Fievel Goes West,0.667,My First Monopoly Game,0.667,Bluey: Let’s Go Shopping Game,0.5,Disney Pixar Cars 3: Risky Raceway Game,0.5
469850,Monopoly Junior: Gabby's Dollhouse,Children's Game,Guard the Hive's Golden Treasure!,1.0,Barney Google an' Snuffy Smith Time's a Wastin'! Game,0.667,Alfons Godnatt-spel,0.667,Chess more than a game!,0.667,Blondie Goes to Leisureland,0.667
242739,Monopoly Junior: Kung Fu Panda 3,Dice,Happy Double: No Risk No Run!,0.667,Risky,0.667,Americana Golf Game,0.5,UNO Dice,0.5,7s 11s: A Fast Paced Dice Game of Chance & Risk Taking,0.5
23986,Monopoly Junior: Lemonade,Children's Game,Bisnes,0.8,Anti-Monopoly II,0.6,Anti-Monopoly,0.571,Monopoly Town,0.571,Monopoly Express,0.5
122524,Monopoly Junior: Party,Children's Game,Guard the Hive's Golden Treasure!,1.0,Barney Google an' Snuffy Smith Time's a Wastin'! Game,0.667,Alfons Godnatt-spel,0.667,Chess more than a game!,0.667,Blondie Goes to Leisureland,0.667
343682,Monopoly Junior: Peppa Pig,Animals,My First Monopoly Game,0.714,Bisnes,0.571,西安繁华录 (Splendor of Xi'an),0.444,UNO Dice,0.429,Prinzessin Mix-Max,0.4
156751,Monopoly Junior: Planes,Aviation / Flight,Anti-Monopoly,0.625,Jumbo Jet,0.556,Hellraiser Monopoly,0.455,Monopoly L.O.L. Surprise!,0.455,Monopoly Brainrot Billionaire,0.455
231224,Monopoly Junior: Shopkins,Children's Game,UNO Dice,0.75,Popit Chess,0.6,Bisnes,0.6,"Frühling, Sommer, Herbst und Winter",0.6,Risk & Reward,0.6
31137,Monopoly Junior: Shrek 2,Children's Game,Monopoly Town,0.5,Anti-Monopoly II,0.5,Anti-Monopoly,0.5,Prinzessin Mix-Max,0.444,Bunul gospodar,0.429
183294,Monopoly Junior: Sofia the first,Children's Game,Disney Pixar Cars 3: Risky Raceway Game,0.6,Bugs Bunny's: Who's Got The Carrot Game,0.6,Scrabble The Shrek Edition,0.5,Guard the Hive's Golden Treasure!,0.5,UNO: Shrek,0.5
380655,Monopoly Junior: Super Mario,Children's Game,Bisnes,0.6,Catan Junior,0.5,Catan: Junior,0.429,Risky Deals,0.4,Pokemon Battle Chess,0.4
334045,Monopoly Junior: Super Zings,Children's Game,Anti-Monopoly II,0.6,Anti-Monopoly,0.571,Monopoly Town,0.571,Bisnes,0.5,Batman Gotham City In Danger!,0.5
6981,Monopoly Junior: Toy Story,Children's Game,Bunul gospodar,0.667,Monopoly La casa de Papel,0.571,Anti-Monopoly: Luxus-Edition,0.571,Monopoly Town,0.5,Anti-Monopoly II,0.5
8638,Monopoly Junior: Travel Edition,Children's Game,Anti-Monopoly,0.714,Chocolate Monopoly,0.714,Monopoly L.O.L. Surprise!,0.667,Bunul gospodar,0.667,Monopoly Peru,0.625
124092,Monopoly Junior: Trek Alaska,Children's Game,Anti-Monopoly II,0.75,Monopoly Town,0.667,Anti-Monopoly,0.667,Bisnes,0.6,Scrabble People Letter-Matching Board Game,0.6
357739,Monopoly Junior: Unicorn Edition,Children's Game,My First Monopoly Game,0.571,Monopoly Crooked Cash,0.5,Monopoly Brainrot Billionaire,0.5,Ms. Monopoly,0.5,Bisnes,0.429
206062,Monopoly Junior: Yo-kai Watch Edition,Children's Game,Monopoly Town,0.5,Final Fantasy Monopoly,0.5,Monopoly Gamer: Overwatch Collector's Edition,0.5,Anti-Monopoly,0.5,Anti-Monopoly II,0.5
340447,Monopoly KHL,Economic,Monopoly Jackpot,0.75,Monopoly Saalfeld: Rudolstadt – Bad Blankenburg,0.75,Monopoly Peru,0.75,Monopoly Prizm: NBA Edition,0.75,Burmese Monopoly,0.75
404983,Monopoly Knockout,Action / Dexterity,Jenga Ocean,0.667,Jenga Maker,0.5,Flick 'em Up!: Dead of Winter,0.429,Jenga: Transformers – Rise of the Fallen,0.4,Jenga BOOM,0.333
684,Monopoly: The Card Game,Card Game,Hometown USA: Oshkosh,0.5,Bunul gospodar,0.5,Batman: Gotham City Sem Lei,0.444,Bohnanza,0.444,Riskkapitalist,0.333
295391,Monopoly L.O.L. Surprise!,Children's Game,Monopoly World,0.889,Monopoly Speed,0.818,Hometown Monopoly: La Crosse,0.778,Hometown USA: Oshkosh,0.778,Hometown Monopoly: Bloomington,0.778
451617,Monopoly La casa de Papel,Economic,Monopoly Junior: Toy Story,0.571,Monopoly Junior: Disney Channel,0.556,Costco Monopoly,0.5,Bunul gospodar,0.5,Monopoly Junior: Lemonade,0.429
121050,Monopoly Live,Electronic,Scrabble Sensor,0.5,Jenga Quake,0.333,Scrabble Turbo Slam,0.333,Scrabble Twist,0.333,Scrabble Interactivo,0.333
130240,Monopoly Millionaire,Dice,Chocolate Monopoly,0.857,Hometown Monopoly: Bloomington,0.75,Hometown Monopoly: La Crosse,0.75,Heinz Monopoly Game,0.75,Harley-Davidson Monopoly: Collector's Edition,0.75
129395,Monopoly Millionaire Deal Card Game,Card Game,Monopoly Deal Card Game,0.8,Monopoly Deal Pocket,0.8,Monopoly Bid,0.8,Monopoly Deal: No Mercy,0.8,Hanabi: Festival,0.75
119537,Monopoly Movers,Collectible Components,Harley-Davidson Monopoly: Collector's Edition,0.875,Heinz Monopoly Game,0.875,Monopoly Peru,0.875,Hometown Monopoly: Bloomington,0.875,Hometown Monopoly: La Crosse,0.875
55888,Monopoly of Three Kingdoms,Dice,Armchair Golf,0.667,The Battle for Gotham City,0.667,The Aussie Gold Rush Game,0.5,Risky Strategy,0.5,Fei Xing Qi,0.5
454060,Monopoly Party,Economic,Monopoly Canadian Tire,1.0,Das UNO Spiel,1.0,Monopoly for Sore Losers,1.0,Monopoly for Millennials,1.0,The Game Of Roots,1.0
174380,Monopoly Peru,Economic,Heinz Monopoly Game,1.0,Hometown Monopoly: Bloomington,1.0,Hometown Monopoly: La Crosse,1.0,Gay Monopoly,1.0,Harley-Davidson Monopoly: Collector's Edition,1.0
267400,Monopoly Pizza Game,,Anti-Monopoly II,0.667,Monopoly Junior: Trek Alaska,0.5,Batman Gotham City In Danger!,0.5,Bunul gospodar,0.5,Scrabble People Letter-Matching Board Game,0.5
5638,Monopoly Playmaster,Economic,Monopoly Revolution,0.875,Chocolate Monopoly,0.857,Monopoly City,0.778,Monopoly Jackpot,0.75,Burmese Monopoly,0.75
186905,Monopoly: Pokémon Kanto Edition,Children's Game,Hometown USA: Oshkosh,0.7,Riskkapitalist,0.417,Twin Play Classics: Monopoly and Scrabble,0.4,Bunul gospodar,0.4,Theodore Tugboat Rootin' Tootin' Card Game,0.333
356059,Monopoly Polska,Economic,Monopoly World,0.8,Monopoly Technisches Hilfswerk,0.75,Monopoly L.O.L. Surprise!,0.727,Heinz Monopoly Game,0.7,Hometown USA: Oshkosh,0.7
386105,Monopoly Prizm: NBA Edition,Economic,Monopoly Jackpot,0.75,Burmese Monopoly,0.75,Monopoly KHL,0.75,Monopoly Peru,0.75,Hometown Monopoly: La Crosse,0.75
268948,Monopoly: Friends – The TV Series,Economic,Hometown USA: Oshkosh,0.875,Riskkapitalist,0.5,Bunul gospodar,0.5,Twin Play Classics: Monopoly and Scrabble,0.462,Jumbo Jet,0.364
66213,Monopoly Revolution,Economic,Gay Monopoly,0.875,Heinz Monopoly Game,0.875,Harley-Davidson Monopoly: Collector's Edition,0.875,Burmese Monopoly,0.875,Hometown Monopoly: La Crosse,0.875
451614,Monopoly Saalfeld: Rudolstadt – Bad Blankenburg,Economic,Heinz Monopoly Game,1.0,Hometown Monopoly: Bloomington,1.0,Hometown Monopoly: La Crosse,1.0,Gay Monopoly,1.0,Harley-Davidson Monopoly: Collector's Edition,1.0
391992,Monopoly Scrabble,Economic,Monopoly Technisches Hilfswerk,0.471,Monopoly Grab and Go,0.444,Scrabble Plus Scrabble Junior,0.429,Monopoly W:O:A,0.412,Scrabble BINGO,0.4
374792,Monopoly Secret Vault,Economic,Bunul gospodar,0.6,Black Gold,0.6,21st Century Gold Rush,0.5,På egen risk,0.5,The Game Of Roots,0.5
18828,Monopoly: Singapore,Economic,Hometown USA: Oshkosh,1.0,Bunul gospodar,0.571,Riskkapitalist,0.556,Twin Play Classics: Monopoly and Scrabble,0.5,Jumbo Jet,0.4
327301,Monopoly Space,Economic,Monopoly for Sore Losers,0.667,Das UNO Spiel,0.667,Monopoly for Millennials,0.667,The Game Of Roots,0.667,Monopoly Canadian Tire,0.667
295824,Monopoly Speed,Children's Game,Monopoly L.O.L. Surprise!,0.818,Monopoly World,0.727,Monopoly Junior: Disney Channel,0.667,Monopoly Saalfeld: Rudolstadt – Bad Blankenburg,0.636,Monopoly Jackpot,0.636
31100,Monopoly: Spider-Man,Economic,Hometown USA: Oshkosh,0.875,Riskkapitalist,0.5,Bunul gospodar,0.5,Twin Play Classics: Monopoly and Scrabble,0.462,Jumbo Jet,0.364
241205,Monopoly: Star Wars 40th Anniversary Special Edition,Economic,Hometown USA: Oshkosh,0.778,Riskkapitalist,0.455,Bunul gospodar,0.444,Twin Play Classics: Monopoly and Scrabble,0.429,Jumbo Jet,0.333
298723,Monopoly: Star Wars Complete Saga Edition,Economic,Bunul gospodar,0.5,Marvel Root for Groot,0.429,På egen risk,0.4,Das UNO Spiel,0.4,The Game Of Roots,0.4
448013,Monopoly Technisches Hilfswerk,Economic,Monopoly Grab and Go,0.917,Monopoly W:O:A,0.909,Hometown Monopoly: Detroit,0.833,Monopoly Polska,0.75,Monopoly World,0.583
34933,Monopoly Town,Children's Game,Monopoly Junior: Trek Alaska,0.667,Monopoly Junior: Lemonade,0.571,Monopoly Junior: Super Zings,0.571,Monopoly Junior: Disney Princess,0.571,Monopoly Junior: Yo-kai Watch Edition,0.5
385660,Monopoly Travel World Tour,Economic,Monopoly Canadian Tire,1.0,Das UNO Spiel,1.0,Monopoly for Sore Losers,1.0,Monopoly for Millennials,1.0,The Game Of Roots,1.0
436170,Monopoly W:O:A,Economic,Monopoly Technisches Hilfswerk,0.909,Hometown Monopoly: Detroit,0.909,Monopoly Grab and Go,0.833,Monopoly Polska,0.667,Monopoly L.O.L. Surprise!,0.583
295051,Monopoly World,Economic,Monopoly L.O.L. Surprise!,0.889,Harley-Davidson Monopoly: Collector's Edition,0.875,Heinz Monopoly Game,0.875,Monopoly Saalfeld: Rudolstadt – Bad Blankenburg,0.875,Hometown Monopoly: Bloomington,0.875
8104,Monopoly: European Edition,Economic,Hometown USA: Oshkosh,1.0,Bunul gospodar,0.571,Riskkapitalist,0.556,Twin Play Classics: Monopoly and Scrabble,0.5,Jumbo Jet,0.4
173637,Monopoly:  80th Anniversary Edition,Economic,Hometown USA: Oshkosh,1.0,Bunul gospodar,0.571,Riskkapitalist,0.556,Twin Play Classics: Monopoly and Scrabble,0.5,Jumbo Jet,0.4
341308,Monopoly:  Builder,City Building,Das UNO Spiel,0.667,Brasfield & Gorrie Constructionopoly,0.667,The Game Of Roots,0.667,På egen risk,0.667,Busine$$ GO,0.5
32032,Monopoly: Electronic Banking,Economic,Hometown USA: Oshkosh,0.75,Bunul gospodar,0.571,Riskkapitalist,0.556,Jumbo Jet,0.4,Twin Play Classics: Monopoly and Scrabble,0.385
28405,Monopoly: '84 L.A. Games,Economic,Hometown USA: Oshkosh,1.0,Bunul gospodar,0.571,Riskkapitalist,0.556,Twin Play Classics: Monopoly and Scrabble,0.5,Jumbo Jet,0.4
130442,Monopoly: 1. FC Köln,Economic,Hometown USA: Oshkosh,1.0,Bunul gospodar,0.571,Riskkapitalist,0.556,Twin Play Classics: Monopoly and Scrabble,0.5,Jumbo Jet,0.4
246068,Monopoly: 1. FSV Mainz 05,Economic,Hometown USA: Oshkosh,1.0,Bunul gospodar,0.571,Riskkapitalist,0.556,Twin Play Classics: Monopoly and Scrabble,0.5,Jumbo Jet,0.4
323356,Monopoly: 1.FC Kaiserslautern,Economic,Hometown USA: Oshkosh,0.7,Riskkapitalist,0.417,Bunul gospodar,0.4,Twin Play Classics: Monopoly and Scrabble,0.4,Jumbo Jet,0.308
397265,Monopoly: 1880 Saigon,Economic,Hometown USA: Oshkosh,0.778,Riskkapitalist,0.455,Bunul gospodar,0.444,Twin Play Classics: Monopoly and Scrabble,0.429,Jumbo Jet,0.333
130338,Monopoly: 1899 Hoffenheim,Economic,Hometown USA: Oshkosh,1.0,Bunul gospodar,0.571,Riskkapitalist,0.556,Twin Play Classics: Monopoly and Scrabble,0.5,Jumbo Jet,0.4
13817,Monopoly: 1935 Commemorative Edition,Economic,Hometown USA: Oshkosh,1.0,Bunul gospodar,0.571,Riskkapitalist,0.556,Twin Play Classics: Monopoly and Scrabble,0.5,Jumbo Jet,0.4
19196,Monopoly: 1999 NFL Gridiron,Economic,Hometown USA: Oshkosh,0.875,Riskkapitalist,0.5,Bunul gospodar,0.5,Twin Play Classics: Monopoly and Scrabble,0.462,Jumbo Jet,0.364
160573,Monopoly: 20 Years of Adelaide Crows,Economic,Hometown USA: Oshkosh,1.0,Bunul gospodar,0.571,Riskkapitalist,0.556,Twin Play Classics: Monopoly and Scrabble,0.5,Jumbo Jet,0.4
92593,Monopoly: 2010 Fifa World Cup South Africa Edition,Economic,Hometown USA: Oshkosh,1.0,Bunul gospodar,0.571,Riskkapitalist,0.556,Twin Play Classics: Monopoly and Scrabble,0.5,Jumbo Jet,0.4
282849,Monopoly: 2018 FIFA World Cup Russia,Economic,Hometown USA: Oshkosh,0.778,Riskkapitalist,0.455,Bunul gospodar,0.444,Twin Play Classics: Monopoly and Scrabble,0.429,Jumbo Jet,0.333
296572,Monopoly: A Belgian Rail Odyssey,Economic,Hometown USA: Oshkosh,0.7,Riskkapitalist,0.417,Twin Play Classics: Monopoly and Scrabble,0.4,Bunul gospodar,0.4,Jumbo Jet,0.308
33789,Monopoly: A Christmas Story,Economic,Hometown USA: Oshkosh,0.875,Riskkapitalist,0.5,Bunul gospodar,0.5,Twin Play Classics: Monopoly and Scrabble,0.462,Jumbo Jet,0.364
477887,Monopoly: A Court of Thorns and Roses,Economic,Hometown USA: Oshkosh,0.4,Twin Play Classics: Monopoly and Scrabble,0.316,River of Gold,0.261,Riskkapitalist,0.235,Jumbo Jet,0.235
37382,Monopoly: Wonder of The World,Economic,Hometown USA: Oshkosh,1.0,Bunul gospodar,0.571,Riskkapitalist,0.556,Twin Play Classics: Monopoly and Scrabble,0.5,Jumbo Jet,0.4
176006,Monopoly: A.S.S.E. Édition des légendes,Economic,Hometown USA: Oshkosh,1.0,Bunul gospodar,0.571,Riskkapitalist,0.556,Twin Play Classics: Monopoly and Scrabble,0.5,Jumbo Jet,0.4
29518,Monopoly: Aachen,Economic,Hometown USA: Oshkosh,1.0,Bunul gospodar,0.571,Riskkapitalist,0.556,Twin Play Classics: Monopoly and Scrabble,0.5,Jumbo Jet,0.4
179687,Monopoly: ABBA,Economic,Hometown USA: Oshkosh,0.875,Riskkapitalist,0.5,Bunul gospodar,0.5,Twin Play Classics: Monopoly and Scrabble,0.462,Jumbo Jet,0.364
28372,Monopoly: Aberdeen Edition,Economic,Hometown USA: Oshkosh,1.0,Bunul gospodar,0.571,Riskkapitalist,0.556,Twin Play Classics: Monopoly and Scrabble,0.5,Jumbo Jet,0.4
114287,Monopoly: AC/DC Collector's Edition,Economic,Hometown USA: Oshkosh,0.875,Riskkapitalist,0.5,Bunul gospodar,0.5,Twin Play Classics: Monopoly and Scrabble,0.462,Jumbo Jet,0.364
282847,Monopoly: Accra Edition,Economic,Hometown USA: Oshkosh,1.0,Bunul gospodar,0.571,Riskkapitalist,0.556,Twin Play Classics: Monopoly and Scrabble,0.5,Jumbo Jet,0.4
176176,Monopoly: Adelaide,Economic,Hometown USA: Oshkosh,1.0,Bunul gospodar,0.571,Riskkapitalist,0.556,Twin Play Classics: Monopoly and Scrabble,0.5,Jumbo Jet,0.4
153429,Monopoly: Adelaide Crows,Economic,Hometown USA: Oshkosh,1.0,Bunul gospodar,0.571,Riskkapitalist,0.556,Twin Play Classics: Monopoly and Scrabble,0.5,Jumbo Jet,0.4
140317,Monopoly: Adventure Time Collector's Edition,Economic,Hometown USA: Oshkosh,0.875,Riskkapitalist,0.5,Bunul gospodar,0.5,Twin Play Classics: Monopoly and Scrabble,0.462,Jumbo Jet,0.364
321100,Monopoly: Airborne Museum,Economic,Hometown USA: Oshkosh,0.778,Riskkapitalist,0.455,Bunul gospodar,0.444,Twin Play Classics: Monopoly and Scrabble,0.429,Jumbo Jet,0.333
139833,Monopoly: Aix-en-Provence,Economic,Hometown USA: Oshkosh,1.0,Bunul gospodar,0.571,Riskkapitalist,0.556,Twin Play Classics: Monopoly and Scrabble,0.5,Jumbo Jet,0.4
130641,Monopoly: Alan Turing Edition,Economic,Hometown USA: Oshkosh,1.0,Bunul gospodar,0.571,Riskkapitalist,0.556,Twin Play Classics: Monopoly and Scrabble,0.5,Jumbo Jet,0.4
13107,Monopoly: Alaska,Economic,Hometown USA: Oshkosh,1.0,Bunul gospodar,0.571,Riskkapitalist,0.556,Twin Play Classics: Monopoly and Scrabble,0.5,Jumbo Jet,0.4
13348,Monopoly: Alaska's Iditarod,Economic,Hometown USA: Oshkosh,1.0,Bunul gospodar,0.571,Riskkapitalist,0.556,Twin Play Classics: Monopoly and Scrabble,0.5,Jumbo Jet,0.4
162907,Monopoly: Aldeburgh,Economic,Hometown USA: Oshkosh,1.0,Bunul gospodar,0.571,Riskkapitalist,0.556,Twin Play Classics: Monopoly and Scrabble,0.5,Jumbo Jet,0.4
226323,Monopoly: Alice in Wonderland Collector's Edition,Children's Game,Hometown USA: Oshkosh,0.7,Riskkapitalist,0.417,Bunul gospodar,0.4,Twin Play Classics: Monopoly and Scrabble,0.4,Theodore Tugboat Rootin' Tootin' Card Game,0.333
176341,Monopoly: Alkmaar,Economic,Hometown USA: Oshkosh,1.0,Bunul gospodar,0.571,Riskkapitalist,0.556,Twin Play Classics: Monopoly and Scrabble,0.5,Jumbo Jet,0.4
160802,Monopoly: All Blacks Charity Edition,Economic,Hometown USA: Oshkosh,1.0,Bunul gospodar,0.571,Riskkapitalist,0.556,Twin Play Classics: Monopoly and Scrabble,0.5,Jumbo Jet,0.4
130088,Monopoly: Allgäu,Economic,Hometown USA: Oshkosh,1.0,Bunul gospodar,0.571,Riskkapitalist,0.556,Twin Play Classics: Monopoly and Scrabble,0.5,Jumbo Jet,0.4
40313,Monopoly: Alsace,Economic,Hometown USA: Oshkosh,1.0,Bunul gospodar,0.571,Riskkapitalist,0.556,Twin Play Classics: Monopoly and Scrabble,0.5,Jumbo Jet,0.4
94622,Monopoly: Alton Towers Resort Edition,Economic,Hometown USA: Oshkosh,1.0,Bunul gospodar,0.571,Riskkapitalist,0.556,Twin Play Classics: Monopoly and Scrabble,0.5,Jumbo Jet,0.4
161011,Monopoly: Alton Towers – The Smiler,Economic,Hometown USA: Oshkosh,1.0,Bunul gospodar,0.571,Riskkapitalist,0.556,Twin Play Classics: Monopoly and Scrabble,0.5,Jumbo Jet,0.4
140105,Monopoly: Alès,Economic,Hometown USA: Oshkosh,1.0,Bunul gospodar,0.571,Riskkapitalist,0.556,Twin Play Classics: Monopoly and Scrabble,0.5,Jumbo Jet,0.4
10673,Monopoly: America Special Edition,Economic,Hometown USA: Oshkosh,1.0,Bunul gospodar,0.571,Riskkapitalist,0.556,Twin Play Classics: Monopoly and Scrabble,0.5,Jumbo Jet,0.4
9725,Monopoly: National Parks Edition,Economic,Hometown USA: Oshkosh,1.0,Bunul gospodar,0.571,Riskkapitalist,0.556,Twin Play Classics: Monopoly and Scrabble,0.5,Jumbo Jet,0.4
35095,Monopoly: America's National Parks Edition,Economic,Hometown USA: Oshkosh,1.0,Bunul gospodar,0.571,Riskkapitalist,0.556,Twin Play Classics: Monopoly and Scrabble,0.5,Jumbo Jet,0.4
139758,Monopoly: America's World War II,Economic,Hometown USA: Oshkosh,0.875,Bunul gospodar,0.5,Riskkapitalist,0.5,Twin Play Classics: Monopoly and Scrabble,0.462,Jumbo Jet,0.364
25525,Monopoly: American Chopper,Economic,Hometown USA: Oshkosh,0.875,Bunul gospodar,0.5,Riskkapitalist,0.5,Twin Play Classics: Monopoly and Scrabble,0.462,Jumbo Jet,0.364
162898,Monopoly: Amersfoort,Economic,Hometown USA: Oshkosh,1.0,Bunul gospodar,0.571,Riskkapitalist,0.556,Twin Play Classics: Monopoly and Scrabble,0.5,Jumbo Jet,0.4
40277,Monopoly: Amiens,Economic,Hometown USA: Oshkosh,1.0,Bunul gospodar,0.571,Riskkapitalist,0.556,Twin Play Classics: Monopoly and Scrabble,0.5,Jumbo Jet,0.4
57674,Monopoly: Amsterdam,Economic,Hometown USA: Oshkosh,1.0,Bunul gospodar,0.571,Riskkapitalist,0.556,Twin Play Classics: Monopoly and Scrabble,0.5,Jumbo Jet,0.4
40278,Monopoly: Angers,Economic,Hometown USA: Oshkosh,1.0,Bunul gospodar,0.571,Riskkapitalist,0.556,Twin Play Classics: Monopoly and Scrabble,0.5,Jumbo Jet,0.4
376559,Monopoly: Angry Birds,Animals,Hometown USA: Oshkosh,0.417,Bunul gospodar,0.4,Jumbo Jet,0.308,Riskkapitalist,0.308,스플렌더: Pokémon (Splendor: Pokémon),0.286
279822,Monopoly: Animaccord Edition,Economic,Hometown USA: Oshkosh,1.0,Bunul gospodar,0.571,Riskkapitalist,0.556,Twin Play Classics: Monopoly and Scrabble,0.5,Jumbo Jet,0.4
348250,Monopoly: Animal Crossing – New Horizons,Animals,Baby Shark Let's Go Hunt Game,0.5,Bunul gospodar,0.429,Bisnes,0.429,Bugs Bunny's: Who's Got The Carrot Game,0.429,Batman Gotham City In Danger!,0.429
318917,Monopoly: Animaniacs,Children's Game,Hometown USA: Oshkosh,0.778,Riskkapitalist,0.455,Bunul gospodar,0.444,Twin Play Classics: Monopoly and Scrabble,0.429,Theodore Tugboat Rootin' Tootin' Card Game,0.364
57676,Monopoly: Antwerpen,Economic,Hometown USA: Oshkosh,1.0,Bunul gospodar,0.571,Riskkapitalist,0.556,Twin Play Classics: Monopoly and Scrabble,0.5,Jumbo Jet,0.4
163744,Monopoly: AON,Economic,Hometown USA: Oshkosh,1.0,Bunul gospodar,0.571,Riskkapitalist,0.556,Twin Play Classics: Monopoly and Scrabble,0.5,Jumbo Jet,0.4
179939,Monopoly: Apeldoorn,Economic,Hometown USA: Oshkosh,1.0,Bunul gospodar,0.571,Riskkapitalist,0.556,Twin Play Classics: Monopoly and Scrabble,0.5,Jumbo Jet,0.4
40333,Monopoly: Argentina,Economic,Hometown USA: Oshkosh,1.0,Bunul gospodar,0.571,Riskkapitalist,0.556,Twin Play Classics: Monopoly and Scrabble,0.5,Jumbo Jet,0.4
281720,Monopoly: Ariel Edition,Economic,Hometown USA: Oshkosh,1.0,Bunul gospodar,0.571,Riskkapitalist,0.556,Twin Play Classics: Monopoly and Scrabble,0.5,Jumbo Jet,0.4
188984,Monopoly: Arizona edition,Economic,Hometown USA: Oshkosh,1.0,Bunul gospodar,0.571,Riskkapitalist,0.556,Twin Play Classics: Monopoly and Scrabble,0.5,Jumbo Jet,0.4
322139,Monopoly: Ariège – Libres comme l'Air,Economic,Hometown USA: Oshkosh,0.778,Riskkapitalist,0.455,Bunul gospodar,0.444,Twin Play Classics: Monopoly and Scrabble,0.429,Jumbo Jet,0.333
338071,Monopoly: Arlon,Economic,Hometown USA: Oshkosh,0.75,Bunul gospodar,0.571,Riskkapitalist,0.4,Twin Play Classics: Monopoly and Scrabble,0.385,Project Risk,0.3
440669,Monopoly: Armenia,Economic,Hometown USA: Oshkosh,1.0,Bunul gospodar,0.571,Riskkapitalist,0.556,Twin Play Classics: Monopoly and Scrabble,0.5,Jumbo Jet,0.4
12913,Monopoly: Arsenal,Economic,Hometown USA: Oshkosh,1.0,Bunul gospodar,0.571,Riskkapitalist,0.556,Twin Play Classics: Monopoly and Scrabble,0.5,Jumbo Jet,0.4
178950,Monopoly: Aruba,Economic,Hometown USA: Oshkosh,1.0,Bunul gospodar,0.571,Riskkapitalist,0.556,Twin Play Classics: Monopoly and Scrabble,0.5,Jumbo Jet,0.4
120169,Monopoly: Aschaffenburg,Economic,Hometown USA: Oshkosh,1.0,Bunul gospodar,0.571,Riskkapitalist,0.556,Twin Play Classics: Monopoly and Scrabble,0.5,Jumbo Jet,0.4
66747,Monopoly: ASML Special Edition,Economic,Hometown USA: Oshkosh,1.0,Bunul gospodar,0.571,Riskkapitalist,0.556,Twin Play Classics: Monopoly and Scrabble,0.5,Jumbo Jet,0.4
171589,Monopoly: Assassin's Creed,Economic,Hometown USA: Oshkosh,0.875,Riskkapitalist,0.5,Bunul gospodar,0.5,Twin Play Classics: Monopoly and Scrabble,0.462,Jumbo Jet,0.364
307736,Monopoly: Assassin's Creed Syndicate,Economic,Hometown USA: Oshkosh,0.875,Riskkapitalist,0.5,Bunul gospodar,0.5,Twin Play Classics: Monopoly and Scrabble,0.462,Jumbo Jet,0.364
355484,Monopoly: Asterix,Comic Book / Strip,Hometown USA: Oshkosh,0.5,Riskkapitalist,0.4,Twin Play Classics: Monopoly and Scrabble,0.389,Bunul gospodar,0.286,Jumbo Jet,0.235
93631,Monopoly: Aston Villa FC Edition,Economic,Hometown USA: Oshkosh,1.0,Bunul gospodar,0.571,Riskkapitalist,0.556,Twin Play Classics: Monopoly and Scrabble,0.5,Jumbo Jet,0.4
25395,Monopoly: Astronomy,Economic,Hometown USA: Oshkosh,1.0,Bunul gospodar,0.571,Riskkapitalist,0.556,Twin Play Classics: Monopoly and Scrabble,0.5,Jumbo Jet,0.4
353283,Monopoly: At Home Reality,Economic,Hometown USA: Oshkosh,0.75,Bunul gospodar,0.571,Riskkapitalist,0.4,Twin Play Classics: Monopoly and Scrabble,0.385,Project Risk,0.3
323240,Monopoly: Atalanta,Economic,Hometown USA: Oshkosh,0.778,Riskkapitalist,0.455,Bunul gospodar,0.444,Twin Play Classics: Monopoly and Scrabble,0.429,Jumbo Jet,0.333
318138,Monopoly: Ath – Cité des Géants,Economic,Hometown USA: Oshkosh,0.778,Riskkapitalist,0.455,Bunul gospodar,0.444,Twin Play Classics: Monopoly and Scrabble,0.429,Jumbo Jet,0.333
319681,Monopoly: Athletic Club Bilbao,Economic,Hometown USA: Oshkosh,0.6,Riskkapitalist,0.333,Twin Play Classics: Monopoly and Scrabble,0.333,Bunul gospodar,0.3,Catan: 3D Edition,0.267
25688,Monopoly: Atlanta Braves,Economic,Hometown USA: Oshkosh,1.0,Bunul gospodar,0.571,Riskkapitalist,0.556,Twin Play Classics: Monopoly and Scrabble,0.5,Jumbo Jet,0.4
319898,Monopoly: Atletico Madrid,Economic,Hometown USA: Oshkosh,0.6,Bunul gospodar,0.444,Twin Play Classics: Monopoly and Scrabble,0.333,Riskkapitalist,0.333,Project Risk,0.25
301026,Monopoly: Attack on Titan,Comic Book / Strip,Batman: The Chase Through Gotham City,0.6,Brasfield & Gorrie Constructionopoly,0.5,På egen risk,0.5,Das UNO Spiel,0.5,The Game Of Roots,0.5
160437,Monopoly: Auckland Edition,Economic,Hometown USA: Oshkosh,1.0,Bunul gospodar,0.571,Riskkapitalist,0.556,Twin Play Classics: Monopoly and Scrabble,0.5,Jumbo Jet,0.4
35802,Monopoly: Augsburg,Economic,Hometown USA: Oshkosh,1.0,Bunul gospodar,0.571,Riskkapitalist,0.556,Twin Play Classics: Monopoly and Scrabble,0.5,Jumbo Jet,0.4
6532,Monopoly: Australian Edition,Economic,Hometown USA: Oshkosh,1.0,Bunul gospodar,0.571,Riskkapitalist,0.556,Twin Play Classics: Monopoly and Scrabble,0.5,Jumbo Jet,0.4
54829,Monopoly: Australian Football League,Economic,Hometown USA: Oshkosh,1.0,Bunul gospodar,0.571,Riskkapitalist,0.556,Twin Play Classics: Monopoly and Scrabble,0.5,Jumbo Jet,0.4
29969,Monopoly: Australian Here and Now,Economic,Hometown USA: Oshkosh,1.0,Bunul gospodar,0.571,Riskkapitalist,0.556,Twin Play Classics: Monopoly and Scrabble,0.5,Jumbo Jet,0.4
40314,Monopoly: Auvergne,Economic,Hometown USA: Oshkosh,1.0,Bunul gospodar,0.571,Riskkapitalist,0.556,Twin Play Classics: Monopoly and Scrabble,0.5,Jumbo Jet,0.4
460667,Monopoly: Avatar,Economic,På egen risk,0.5,The Game Of Roots,0.5,Das UNO Spiel,0.5,Brasfield & Gorrie Constructionopoly,0.5,Big Boom... or Golden Age,0.4
377837,Monopoly: Avatar – Nickelodeon The Last Airbender Edition,Economic,Riskkapitalist,0.5,Hometown USA: Oshkosh,0.5,Bunul gospodar,0.5,The Game Of Roots,0.4,Brasfield & Gorrie Constructionopoly,0.4
139839,Monopoly: Aveyron,Economic,Hometown USA: Oshkosh,1.0,Bunul gospodar,0.571,Riskkapitalist,0.556,Twin Play Classics: Monopoly and Scrabble,0.5,Jumbo Jet,0.4
40279,Monopoly: Avignon,Economic,Hometown USA: Oshkosh,1.0,Bunul gospodar,0.571,Riskkapitalist,0.556,Twin Play Classics: Monopoly and Scrabble,0.5,Jumbo Jet,0.4
187127,Monopoly: Back to the Future,Economic,Hometown USA: Oshkosh,0.875,Bunul gospodar,0.5,Riskkapitalist,0.5,Twin Play Classics: Monopoly and Scrabble,0.462,Jumbo Jet,0.364
130434,Monopoly: Bad Homburg,Economic,Hometown USA: Oshkosh,1.0,Bunul gospodar,0.571,Riskkapitalist,0.556,Twin Play Classics: Monopoly and Scrabble,0.5,Jumbo Jet,0.4
130089,Monopoly: Baden-Baden,Economic,Hometown USA: Oshkosh,1.0,Bunul gospodar,0.571,Riskkapitalist,0.556,Twin Play Classics: Monopoly and Scrabble,0.5,Jumbo Jet,0.4
15656,Monopoly: Baden-Württemberg,Economic,Hometown USA: Oshkosh,1.0,Bunul gospodar,0.571,Riskkapitalist,0.556,Twin Play Classics: Monopoly and Scrabble,0.5,Jumbo Jet,0.4
155834,Monopoly: Bailiwick of Guernsey,Economic,Hometown USA: Oshkosh,1.0,Bunul gospodar,0.571,Riskkapitalist,0.556,Twin Play Classics: Monopoly and Scrabble,0.5,Jumbo Jet,0.4
440670,Monopoly: Baku City,Economic,Hometown USA: Oshkosh,1.0,Bunul gospodar,0.571,Riskkapitalist,0.556,Twin Play Classics: Monopoly and Scrabble,0.5,Jumbo Jet,0.4
326665,Monopoly: Baltimore Edition,Economic,Hometown USA: Oshkosh,0.714,Riskkapitalist,0.5,Bunul gospodar,0.5,På egen risk,0.4,Das UNO Spiel,0.4
120166,Monopoly: Bamberg,Economic,Hometown USA: Oshkosh,1.0,Bunul gospodar,0.571,Riskkapitalist,0.556,Twin Play Classics: Monopoly and Scrabble,0.5,Jumbo Jet,0.4
23409,Monopoly: Bank Elhaz Elsaed,Economic,Hometown USA: Oshkosh,1.0,Bunul gospodar,0.571,Riskkapitalist,0.556,Twin Play Classics: Monopoly and Scrabble,0.5,Jumbo Jet,0.4
64575,Monopoly: Bank of America Baseball,Economic,Hometown USA: Oshkosh,1.0,Bunul gospodar,0.571,Riskkapitalist,0.556,Twin Play Classics: Monopoly and Scrabble,0.5,Jumbo Jet,0.4
341121,Monopoly: Bank of America Toy Bank Edition,Economic,Hometown USA: Oshkosh,0.538,Riskkapitalist,0.429,Twin Play Classics: Monopoly and Scrabble,0.412,Bunul gospodar,0.308,Jumbo Jet,0.25
156135,Monopoly: Bankhaus Wölbern,Economic,Hometown USA: Oshkosh,1.0,Bunul gospodar,0.571,Riskkapitalist,0.556,Twin Play Classics: Monopoly and Scrabble,0.5,Jumbo Jet,0.4
29505,Monopoly: Banking,Economic,Hometown USA: Oshkosh,0.875,Bunul gospodar,0.5,Riskkapitalist,0.5,Twin Play Classics: Monopoly and Scrabble,0.462,Jumbo Jet,0.364
327297,Monopoly: Super Electronic Banking,Economic,1930: The Golden Age of Airlines,0.5,The Game Of Roots,0.5,På egen risk,0.5,Brasfield & Gorrie Constructionopoly,0.5,Das UNO Spiel,0.5
403399,Monopoly: Barbie,Dice,Bunul gospodar,0.667,Hometown USA: Oshkosh,0.625,Riskkapitalist,0.444,Armor of God,0.375,Business Game Amersfoort,0.364
76717,Monopoly: Barça,Economic,Hometown USA: Oshkosh,1.0,Bunul gospodar,0.571,Riskkapitalist,0.556,Twin Play Classics: Monopoly and Scrabble,0.5,Jumbo Jet,0.4
137875,Monopoly: Basel,Economic,Hometown USA: Oshkosh,1.0,Bunul gospodar,0.571,Riskkapitalist,0.556,Twin Play Classics: Monopoly and Scrabble,0.5,Jumbo Jet,0.4
11994,Monopoly: Bass Fishing,Economic,Hometown USA: Oshkosh,1.0,Bunul gospodar,0.571,Riskkapitalist,0.556,Twin Play Classics: Monopoly and Scrabble,0.5,Jumbo Jet,0.4
40315,Monopoly: Basse-Normandie,Economic,Hometown USA: Oshkosh,1.0,Bunul gospodar,0.571,Riskkapitalist,0.556,Twin Play Classics: Monopoly and Scrabble,0.5,Jumbo Jet,0.4
40316,Monopoly: Bassin d'Arcachon,Economic,Hometown USA: Oshkosh,1.0,Bunul gospodar,0.571,Riskkapitalist,0.556,Twin Play Classics: Monopoly and Scrabble,0.5,Jumbo Jet,0.4
28198,Monopoly: Bath Edition,Economic,Hometown USA: Oshkosh,1.0,Bunul gospodar,0.571,Riskkapitalist,0.556,Twin Play Classics: Monopoly and Scrabble,0.5,Jumbo Jet,0.4
25526,Monopoly: Batman,Comic Book / Strip,Hometown USA: Oshkosh,0.875,Bunul gospodar,0.5,Riskkapitalist,0.5,Twin Play Classics: Monopoly and Scrabble,0.462,Jumbo Jet,0.364
6713,Monopoly: Batman & Robin,Comic Book / Strip,Hometown USA: Oshkosh,0.778,Riskkapitalist,0.455,Bunul gospodar,0.444,Twin Play Classics: Monopoly and Scrabble,0.429,Jumbo Jet,0.333
446389,Monopoly: Batman Edition,Comic Book / Strip,Hometown USA: Oshkosh,0.75,Bunul gospodar,0.571,Riskkapitalist,0.556,Jumbo Jet,0.4,Twin Play Classics: Monopoly and Scrabble,0.385
15658,Monopoly: Bayern,Economic,Hometown USA: Oshkosh,1.0,Bunul gospodar,0.571,Riskkapitalist,0.556,Twin Play Classics: Monopoly and Scrabble,0.5,Jumbo Jet,0.4
35834,Monopoly: Bayreuth,Economic,Hometown USA: Oshkosh,1.0,Bunul gospodar,0.571,Riskkapitalist,0.556,Twin Play Classics: Monopoly and Scrabble,0.5,Jumbo Jet,0.4
105575,Monopoly: BBK Worldwide Clinical Research & Development Edition,Economic,Hometown USA: Oshkosh,1.0,Bunul gospodar,0.571,Riskkapitalist,0.556,Twin Play Classics: Monopoly and Scrabble,0.5,Jumbo Jet,0.4
380840,Monopoly: Beast Wars Transformers,Movies / TV / Radio theme,Star Trek: Alliance – Dominion War Campaign,0.667,UNO: Star Wars – The Mandalorian,0.667,Star Trek: Alliance – The Dominion War Campaign Part I – Essentials Edition,0.5,UNO: Star Trek,0.5,Chess II,0.5
140146,Monopoly: Beaujolais,Economic,Hometown USA: Oshkosh,1.0,Bunul gospodar,0.571,Riskkapitalist,0.556,Twin Play Classics: Monopoly and Scrabble,0.5,Jumbo Jet,0.4
40280,Monopoly: Beauvais,Economic,Hometown USA: Oshkosh,1.0,Bunul gospodar,0.571,Riskkapitalist,0.556,Twin Play Classics: Monopoly and Scrabble,0.5,Jumbo Jet,0.4
321039,Monopoly: Beetlejuice,Economic,Bunul gospodar,0.6,The Game Of Roots,0.5,Brasfield & Gorrie Constructionopoly,0.5,På egen risk,0.5,Das UNO Spiel,0.5
80444,Monopoly: Belfast Edition,Economic,Hometown USA: Oshkosh,1.0,Bunul gospodar,0.571,Riskkapitalist,0.556,Twin Play Classics: Monopoly and Scrabble,0.5,Jumbo Jet,0.4
337816,Monopoly: Belgian Red Devils,Economic,Hometown USA: Oshkosh,0.6,Bunul gospodar,0.444,Twin Play Classics: Monopoly and Scrabble,0.333,Riskkapitalist,0.333,Project Risk,0.25
118586,Monopoly: België-Belgique,Economic,Hometown USA: Oshkosh,1.0,Bunul gospodar,0.571,Riskkapitalist,0.556,Twin Play Classics: Monopoly and Scrabble,0.5,Jumbo Jet,0.4
235693,Monopoly: Belkin,Economic,Hometown USA: Oshkosh,1.0,Bunul gospodar,0.571,Riskkapitalist,0.556,Twin Play Classics: Monopoly and Scrabble,0.5,Jumbo Jet,0.4
321094,Monopoly: Benevento Calcio,Economic,Hometown USA: Oshkosh,0.778,Riskkapitalist,0.455,Bunul gospodar,0.444,Twin Play Classics: Monopoly and Scrabble,0.429,Jumbo Jet,0.333
28830,Monopoly: Berkshire Hathaway Diamond Edition,Economic,Hometown USA: Oshkosh,1.0,Bunul gospodar,0.571,Riskkapitalist,0.556,Twin Play Classics: Monopoly and Scrabble,0.5,Jumbo Jet,0.4
15659,Monopoly: Berlin,Economic,Hometown USA: Oshkosh,1.0,Bunul gospodar,0.571,Riskkapitalist,0.556,Twin Play Classics: Monopoly and Scrabble,0.5,Jumbo Jet,0.4
137877,Monopoly: Bern,Economic,Hometown USA: Oshkosh,1.0,Bunul gospodar,0.571,Riskkapitalist,0.556,Twin Play Classics: Monopoly and Scrabble,0.5,Jumbo Jet,0.4
467050,Monopoly: Berăria H,Economic,Das UNO Spiel,1.0,The Game Of Roots,1.0,Brasfield & Gorrie Constructionopoly,1.0,På egen risk,1.0,Busine$$ GO,0.667
40281,Monopoly: Besançon,Economic,Hometown USA: Oshkosh,1.0,Bunul gospodar,0.571,Riskkapitalist,0.556,Twin Play Classics: Monopoly and Scrabble,0.5,Jumbo Jet,0.4
126236,Monopoly: Best Buy Edition,Economic,Hometown USA: Oshkosh,1.0,Bunul gospodar,0.571,Riskkapitalist,0.556,Twin Play Classics: Monopoly and Scrabble,0.5,Jumbo Jet,0.4
7747,Monopoly: Betty Boop,Economic,Hometown USA: Oshkosh,0.875,Riskkapitalist,0.5,Bunul gospodar,0.5,Twin Play Classics: Monopoly and Scrabble,0.462,Jumbo Jet,0.364
331244,Monopoly: Biel/Bienne,Economic,Hometown USA: Oshkosh,1.0,Bunul gospodar,0.571,Riskkapitalist,0.556,Twin Play Classics: Monopoly and Scrabble,0.5,Jumbo Jet,0.4
35835,Monopoly: Bielefeld,Economic,Hometown USA: Oshkosh,1.0,Bunul gospodar,0.571,Riskkapitalist,0.556,Twin Play Classics: Monopoly and Scrabble,0.5,Jumbo Jet,0.4
140202,Monopoly: Bietigheimer Wohnbau,Economic,Hometown USA: Oshkosh,1.0,Bunul gospodar,0.571,Riskkapitalist,0.556,Twin Play Classics: Monopoly and Scrabble,0.5,Jumbo Jet,0.4
322584,Monopoly: Bilbao,Economic,Hometown USA: Oshkosh,0.875,Riskkapitalist,0.5,Bunul gospodar,0.5,Twin Play Classics: Monopoly and Scrabble,0.462,Jumbo Jet,0.364
318239,Monopoly: Binche – Cité du Gille,Economic,Hometown USA: Oshkosh,0.778,Riskkapitalist,0.455,Bunul gospodar,0.444,Twin Play Classics: Monopoly and Scrabble,0.429,Jumbo Jet,0.333
28197,Monopoly: Birmingham,Economic,Hometown USA: Oshkosh,1.0,Bunul gospodar,0.571,Riskkapitalist,0.556,Twin Play Classics: Monopoly and Scrabble,0.5,Jumbo Jet,0.4
322086,Monopoly: Black Panther,Comic Book / Strip,Bunul gospodar,0.667,Hometown USA: Oshkosh,0.444,Batman Gotham City In Danger!,0.429,Batman: The Chase Through Gotham City,0.429,Marvel Root for Groot,0.375
416834,Monopoly: Blackburn Rovers F.C. Edition,Economic,Bunul gospodar,0.6,Hometown USA: Oshkosh,0.571,Das UNO Spiel,0.5,The Game Of Roots,0.5,Brasfield & Gorrie Constructionopoly,0.5
382629,Monopoly: Blackpink,Economic,Bunul gospodar,0.333,Rollout: The Game of the Risk-Takers,0.333,Power Grid: The Card Game,0.286,Riskkapitalist,0.222,1848: The Golden Spike,0.222
92561,Monopoly: Blackpool & the Fylde Coast Edition,Economic,Hometown USA: Oshkosh,1.0,Bunul gospodar,0.571,Riskkapitalist,0.556,Twin Play Classics: Monopoly and Scrabble,0.5,Jumbo Jet,0.4
429844,Monopoly: Board Crawl,Economic,The Pandemic Wars,0.455,Hometown USA: Oshkosh,0.364,Bunul gospodar,0.333,Twin Play Classics: Monopoly and Scrabble,0.267,Brasfield & Gorrie Constructionopoly,0.25
321037,Monopoly: Bob Ross Edition,Economic,Bunul gospodar,0.6,The Game Of Roots,0.5,Brasfield & Gorrie Constructionopoly,0.5,På egen risk,0.5,Das UNO Spiel,0.5
310042,Monopoly: Bob's Burgers,Economic,Hometown USA: Oshkosh,0.875,Riskkapitalist,0.5,Bunul gospodar,0.5,Twin Play Classics: Monopoly and Scrabble,0.462,Jumbo Jet,0.364
120167,Monopoly: Bochum,Economic,Hometown USA: Oshkosh,1.0,Bunul gospodar,0.571,Riskkapitalist,0.556,Twin Play Classics: Monopoly and Scrabble,0.5,Jumbo Jet,0.4
120168,Monopoly: Bodensee,Economic,Hometown USA: Oshkosh,1.0,Bunul gospodar,0.571,Riskkapitalist,0.556,Twin Play Classics: Monopoly and Scrabble,0.5,Jumbo Jet,0.4
268265,Monopoly: Bojack Horseman Edition,Economic,Hometown USA: Oshkosh,0.778,Riskkapitalist,0.455,Bunul gospodar,0.444,Twin Play Classics: Monopoly and Scrabble,0.429,Jumbo Jet,0.333
120231,Monopoly: Bonn,Economic,Hometown USA: Oshkosh,1.0,Bunul gospodar,0.571,Riskkapitalist,0.556,Twin Play Classics: Monopoly and Scrabble,0.5,Jumbo Jet,0.4
40297,Monopoly: Bordeaux,Economic,Hometown USA: Oshkosh,1.0,Bunul gospodar,0.571,Riskkapitalist,0.556,Twin Play Classics: Monopoly and Scrabble,0.5,Jumbo Jet,0.4
120232,Monopoly: Borussia Dortmund,Economic,Hometown USA: Oshkosh,1.0,Bunul gospodar,0.571,Riskkapitalist,0.556,Twin Play Classics: Monopoly and Scrabble,0.5,Jumbo Jet,0.4
156132,Monopoly: Borussia Mönchengladbach,Economic,Hometown USA: Oshkosh,1.0,Bunul gospodar,0.571,Riskkapitalist,0.556,Twin Play Classics: Monopoly and Scrabble,0.5,Jumbo Jet,0.4
25747,Monopoly: Boston Celtics Collector's Edition,Economic,Hometown USA: Oshkosh,1.0,Bunul gospodar,0.571,Riskkapitalist,0.556,Twin Play Classics: Monopoly and Scrabble,0.5,Jumbo Jet,0.4
157746,Monopoly: Boston Edition,Economic,Hometown USA: Oshkosh,1.0,Bunul gospodar,0.571,Riskkapitalist,0.556,Twin Play Classics: Monopoly and Scrabble,0.5,Jumbo Jet,0.4
25689,Monopoly: Boston Red Sox,Economic,Hometown USA: Oshkosh,1.0,Bunul gospodar,0.571,Riskkapitalist,0.556,Twin Play Classics: Monopoly and Scrabble,0.5,Jumbo Jet,0.4
15184,Monopoly: Boston Red Sox 2004 World Series Champions,Economic,Hometown USA: Oshkosh,1.0,Bunul gospodar,0.571,Riskkapitalist,0.556,Twin Play Classics: Monopoly and Scrabble,0.5,Jumbo Jet,0.4
64505,Monopoly: Boston Red Sox Collector's Edition,Economic,Hometown USA: Oshkosh,1.0,Bunul gospodar,0.571,Riskkapitalist,0.556,Twin Play Classics: Monopoly and Scrabble,0.5,Jumbo Jet,0.4
175952,Monopoly: Bottrop,Economic,Hometown USA: Oshkosh,1.0,Bunul gospodar,0.571,Riskkapitalist,0.556,Twin Play Classics: Monopoly and Scrabble,0.5,Jumbo Jet,0.4
40282,Monopoly: Bourges,Economic,Hometown USA: Oshkosh,1.0,Bunul gospodar,0.571,Riskkapitalist,0.556,Twin Play Classics: Monopoly and Scrabble,0.5,Jumbo Jet,0.4
140108,Monopoly: Bourgogne,Economic,Hometown USA: Oshkosh,1.0,Bunul gospodar,0.571,Riskkapitalist,0.556,Twin Play Classics: Monopoly and Scrabble,0.5,Jumbo Jet,0.4
33828,Monopoly: Bournemouth & Poole Edition,Economic,Hometown USA: Oshkosh,1.0,Bunul gospodar,0.571,Riskkapitalist,0.556,Twin Play Classics: Monopoly and Scrabble,0.5,Jumbo Jet,0.4
33025,Monopoly: Boutique Edition,Economic,Hometown USA: Oshkosh,1.0,Bunul gospodar,0.571,Riskkapitalist,0.556,Twin Play Classics: Monopoly and Scrabble,0.5,Jumbo Jet,0.4
20917,Monopoly: Boy Scouts of America,Economic,Hometown USA: Oshkosh,1.0,Bunul gospodar,0.571,Riskkapitalist,0.556,Twin Play Classics: Monopoly and Scrabble,0.5,Jumbo Jet,0.4
140034,Monopoly: Bradford,Economic,Hometown USA: Oshkosh,1.0,Bunul gospodar,0.571,Riskkapitalist,0.556,Twin Play Classics: Monopoly and Scrabble,0.5,Jumbo Jet,0.4
402502,Monopoly: Branson Edition,Dice,Riskkapitalist,0.6,Hometown USA: Oshkosh,0.6,Jumbo Jet,0.455,Bunul gospodar,0.444,Business Game Amersfoort,0.385
411597,Monopoly: Brasil,Economic,Hometown USA: Oshkosh,0.5,Riskkapitalist,0.4,Twin Play Classics: Monopoly and Scrabble,0.389,Bunul gospodar,0.286,Jumbo Jet,0.235
160804,Monopoly: Brasilien,Economic,Hometown USA: Oshkosh,1.0,Bunul gospodar,0.571,Riskkapitalist,0.556,Twin Play Classics: Monopoly and Scrabble,0.5,Jumbo Jet,0.4
35837,Monopoly: Braunschweig,Economic,Hometown USA: Oshkosh,1.0,Bunul gospodar,0.571,Riskkapitalist,0.556,Twin Play Classics: Monopoly and Scrabble,0.5,Jumbo Jet,0.4
142077,Monopoly: Brave Collector's Edition,Economic,Hometown USA: Oshkosh,0.875,Bunul gospodar,0.5,Riskkapitalist,0.5,Twin Play Classics: Monopoly and Scrabble,0.462,Jumbo Jet,0.364
321030,Monopoly: Breaking Bad,Economic,Bunul gospodar,0.6,The Game Of Roots,0.5,Brasfield & Gorrie Constructionopoly,0.5,På egen risk,0.5,Das UNO Spiel,0.5
57603,Monopoly: Breda,Economic,Hometown USA: Oshkosh,1.0,Bunul gospodar,0.571,Riskkapitalist,0.556,Twin Play Classics: Monopoly and Scrabble,0.5,Jumbo Jet,0.4
15660,Monopoly: Bremen,Economic,Hometown USA: Oshkosh,1.0,Bunul gospodar,0.571,Riskkapitalist,0.556,Twin Play Classics: Monopoly and Scrabble,0.5,Jumbo Jet,0.4
130430,Monopoly: Bremerhaven,Economic,Hometown USA: Oshkosh,1.0,Bunul gospodar,0.571,Riskkapitalist,0.556,Twin Play Classics: Monopoly and Scrabble,0.5,Jumbo Jet,0.4
40284,Monopoly: Brest,Economic,Hometown USA: Oshkosh,1.0,Bunul gospodar,0.571,Riskkapitalist,0.556,Twin Play Classics: Monopoly and Scrabble,0.5,Jumbo Jet,0.4
40317,Monopoly: Bretagne,Economic,Hometown USA: Oshkosh,1.0,Bunul gospodar,0.571,Riskkapitalist,0.556,Twin Play Classics: Monopoly and Scrabble,0.5,Jumbo Jet,0.4
420553,Monopoly: Bridgerton,Economic,Hometown USA: Oshkosh,0.429,Twin Play Classics: Monopoly and Scrabble,0.333,Jumbo Jet,0.25,Riskkapitalist,0.25,The Pandemic Wars,0.235
28196,Monopoly: Brighton & Hove Edition,Economic,Hometown USA: Oshkosh,1.0,Bunul gospodar,0.571,Riskkapitalist,0.556,Twin Play Classics: Monopoly and Scrabble,0.5,Jumbo Jet,0.4
217373,Monopoly: Brisbane Edition,Economic,Hometown USA: Oshkosh,1.0,Bunul gospodar,0.571,Riskkapitalist,0.556,Twin Play Classics: Monopoly and Scrabble,0.5,Jumbo Jet,0.4
28235,Monopoly: Bristol Edition,Economic,Hometown USA: Oshkosh,1.0,Bunul gospodar,0.571,Riskkapitalist,0.556,Twin Play Classics: Monopoly and Scrabble,0.5,Jumbo Jet,0.4
410244,Monopoly: Britney Spears,Economic,Hometown USA: Oshkosh,0.467,Riskkapitalist,0.375,Twin Play Classics: Monopoly and Scrabble,0.3,The Pandemic Wars,0.278,Bunul gospodar,0.267
325505,Monopoly: Brugge,Economic,Hometown USA: Oshkosh,1.0,Bunul gospodar,0.571,Riskkapitalist,0.556,Twin Play Classics: Monopoly and Scrabble,0.5,Jumbo Jet,0.4
320805,Monopoly: Bundeswehr,Economic,Hometown USA: Oshkosh,1.0,Bunul gospodar,0.571,Riskkapitalist,0.556,Twin Play Classics: Monopoly and Scrabble,0.5,Jumbo Jet,0.4
160544,Monopoly: Bunnings Warehouse 2007 Edition,Economic,Hometown USA: Oshkosh,1.0,Bunul gospodar,0.571,Riskkapitalist,0.556,Twin Play Classics: Monopoly and Scrabble,0.5,Jumbo Jet,0.4
130069,Monopoly: Burghausen,Economic,Hometown USA: Oshkosh,1.0,Bunul gospodar,0.571,Riskkapitalist,0.556,Twin Play Classics: Monopoly and Scrabble,0.5,Jumbo Jet,0.4
120228,Monopoly: Buxtehude,Economic,Hometown USA: Oshkosh,1.0,Bunul gospodar,0.571,Riskkapitalist,0.556,Twin Play Classics: Monopoly and Scrabble,0.5,Jumbo Jet,0.4
176337,MONOPOLY: Béziers,Economic,Hometown USA: Oshkosh,1.0,Bunul gospodar,0.571,Riskkapitalist,0.556,Twin Play Classics: Monopoly and Scrabble,0.5,Jumbo Jet,0.4
40285,Monopoly: Caen,Economic,Hometown USA: Oshkosh,1.0,Bunul gospodar,0.571,Riskkapitalist,0.556,Twin Play Classics: Monopoly and Scrabble,0.5,Jumbo Jet,0.4
94626,Monopoly: California Centers Magazine Collector's Edition,Economic,Hometown USA: Oshkosh,1.0,Bunul gospodar,0.571,Riskkapitalist,0.556,Twin Play Classics: Monopoly and Scrabble,0.5,Jumbo Jet,0.4
475138,Monopoly: California Dreaming Edition,Economic,Hometown USA: Oshkosh,0.462,Twin Play Classics: Monopoly and Scrabble,0.353,Riskkapitalist,0.267,Jumbo Jet,0.267,The Pandemic Wars,0.25
339673,Monopoly: Call of Duty Black Ops,Economic,Hometown USA: Oshkosh,0.636,Riskkapitalist,0.385,Twin Play Classics: Monopoly and Scrabble,0.375,Bunul gospodar,0.364,Jumbo Jet,0.286
314892,5 Alive / Uno,Card Game,Bear vs Gorilla vs CEO vs Hippie,1.0,Boom-O,0.75,UNO Blast,0.667,UNO MOD,0.667,Giant UNO,0.667
342097,Blokus Shuffle: UNO Edition,Abstract Strategy,Blokus Duo,0.714,Block Buster,0.5,Schachen,0.429,Othello,0.429,Qwirkle Mega Pack,0.429
111741,Calvinball Unofficial  Mini-Game,Children's Game,Barney Google and Spark Plug Game,0.5,Jenga: Chicago Cubs Collector's Edition,0.4,APBA Professional Golf,0.4,Batman: Perigo em Gotham,0.4,Barney Google an' Snuffy Smith Time's a Wastin'! Game,0.333
68153,Campionato Mondiale Formula Uno,Racing,Il gioco della Formula Uno,1.0,Arnold Palmer Golf Game,0.667,Chinese Travel Chess,0.667,Auto-Go,0.5,FS Chess Football: A Thinking Fan's Game,0.5
321306,Crime Zoom: A Deadly Writer,Card Game,Black Stories: Bloody Cases Edition,0.5,Mysterium im Kloster,0.429,Mysterium Park,0.4,SherBlock: Uno Scandalo in Boemia,0.375,Side Quest: Nemesis,0.364
10944,Deckmatch: The Unofficial Quake 3 Card Game,Card Game,UNO: Nintendo,0.5,Dungeon Keeper Unofficial Card Game,0.429,UNO: Minecraft,0.429,UNO: Doctor Who,0.429,UNO: Star Trek,0.429
151840,Decktet-Uno,Card Game,Giant UNO,0.667,UNO House Rules,0.667,UNO Spin,0.667,UNO MOD,0.667,Hot Death Uno,0.667
11104,Who's the Ass?,Card Game,UNO Blast,0.667,Hot Death Uno,0.667,Giant UNO,0.667,UNO MOD,0.667,UNO Spin,0.667
222960,DOS! Twice the fun of UNO,Card Game,UNO Tippo,0.6,UNO Roboto,0.6,Giant UNO,0.5,Hot Death Uno,0.5,UNO MOD,0.5
64986,Dungeon Keeper Unofficial Card Game,Card Game,100 Swords: The Gold King's Dungeon,0.6,Hive Smashers,0.6,Ascension: Deckbuilding Game,0.5,Giant UNO,0.5,The Adventure Store,0.5
104777,Tierisch auf Zack,Action / Dexterity,Bee Hive Game,0.75,Billy Goat,0.75,Bunker Golf,0.75,Angry Birds Go! Jenga: Pirate Pig Attack,0.6,Angry Birds Go! Jenga: Trophy Cup Challenge,0.6
215841,EXIT: The Game – The Forgotten Island,Deduction,Escape Box: Risk,0.667,Mysterium im Kloster,0.6,Behind Gold,0.6,Unlock!: Risky Adventures,0.571,Unlock!: Game Adventures – Mysterium,0.444
324853,EXIT: The Game – Kidnapped in Fortune City,Deduction,Escape Box: Risk,0.667,Mysterium im Kloster,0.6,Behind Gold,0.6,Unlock!: Risky Adventures,0.571,Unlock!: Game Adventures – Mysterium,0.444
218460,Giant UNO,Card Game,UNO Blast,1.0,Hot Death Uno,1.0,UNO Spin,1.0,UNO MOD,1.0,UNO House Rules,1.0
3498,Il gioco della Formula Uno,Racing,Campionato Mondiale Formula Uno,1.0,Arnold Palmer Golf Game,0.667,Chinese Travel Chess,0.667,Auto-Go,0.5,FS Chess Football: A Thinking Fan's Game,0.5
343952,GUATAFAC 'Unos Vicios',Mature / Adult,Love Jenga,0.5,Hit Send: The High Risk Game of Text Roulette,0.25,Purple Ronnie's Risks and Rhymes,0.25,Sexopoly,0.167,Beer Goggles Game,0.167
403176,Harry Potter Unofficial Magic Duel Card Game,Card Game,UNO Fandom Harry Potter Slytherin Game Deck,0.667,UNO Harry Potter Fandom Dark Arts,0.667,UNO Fandom Harry Potter Ravenclaw Game Deck,0.667,UNO Fandom Harry Potter Gryffindor Game Deck,0.667,UNO Fandom Harry Potter Hufflepuff Game Deck,0.667
15228,Hot Death Uno,Card Game,Giant UNO,1.0,UNO Blast,1.0,UNO Spin,1.0,UNO MOD,1.0,UNO House Rules,1.0
375865,Karate Kid: All Valley Tournament Unofficial Game,Movies / TV / Radio theme,Harry Potter Unofficial Magic Duel Card Game,0.375,Decktet-Uno,0.333,UNO: Family Guy,0.333,UNO: Eragon,0.333,UNO: Cars 2,0.333
42146,King Size UNO,Animals,UNO Moo!,0.8,UNO Junior,0.667,UNO Choo-Choo,0.667,Wingspan Pocket,0.6,Scrabble People,0.6
455524,Liar's UNO,Card Game,UNO Marvel Captain Marvel,0.667,Unoriginal,0.667,AURUXXX: The Golden 12,0.5,UNO Friends Card Game,0.5,UNO Triple Play,0.4
435910,Mini UNO Bullseye,Card Game,UNO Flex!,1.0,UNO Attack!,0.8,UNO Flip!: My Hero Academia (McDonald's Happy Meal Edition),0.8,UNO Flip Attack,0.8,UNO Flip!: Naruto (McDonald's Happy Meal Edition),0.8
9090,My First UNO,Card Game,UNO H2O Splash,0.8,UNO Junior,0.571,5211,0.5,Monopoly Deal: Disney Stitch,0.5,Barbie: Go Shopping!,0.5
24629,Serenity: The Unofficial Board Game,Adventure,Risk: Star Trek 50th Anniversary Edition,0.455,Risk: Transformers – Cybertron Battle Edition,0.385,Risk: Star Wars – Clone Wars Edition,0.364,Risk: Marvel Cinematic Universe,0.333,Monopoly Junior: Kung Fu Panda 3,0.333
436486,SherBlock: Uno Scandalo in Boemia,Deduction,Crime Zoom: A Deadly Writer,0.375,How to Host a Murder: The Duke's Descent,0.333,An Evening of Murder: Dead of Winter,0.286,Mysterium im Kloster,0.286,Horror on the Orient Express: The Board Game,0.263
297386,Shot in the Dark: The Ultimate Unorthodox Quiz Game,Card Game,Risky ITZI,0.5,Body Be Gone,0.5,Black Stories Junior: Golden Stories,0.429,Apples to Apples to Go,0.429,Dixit: Demo Deck,0.429
141517,A Study in Emerald,Bluffing,Arkham Noir: Case #3 – Infinite Gulfs of Darkness,0.263,Ascension: Deckbuilding Game,0.235,Dominion: Big Box,0.222,War of the Ring: The Card Game,0.211,"Unmatched: Battle of Legends, Volume One",0.208
178054,A Study in Emerald (Second Edition),Horror,Rex: Final Days of an Empire,0.286,Arkham Noir: Case #3 – Infinite Gulfs of Darkness,0.222,El Grande Big Box,0.222,Dead of Winter: Tabletop Edition,0.211,Reign of Cthulhu,0.211
329293,Loading,Card Game,Alpha Team Mechanized Battle Force Go!,0.25,Scrabble Slam! (2-6p),0.25,Dixit: Print & Play,0.25,Dixit Jinx,0.231,Dixit,0.231
274637,"Unmatched: Battle of Legends, Volume One",Card Game,War of the Ring: The Card Game,0.429,War of the Ring: Second Edition,0.318,Altar: Realms of the Gods,0.312,Hive Smashers,0.308,Dungeon Keeper Unofficial Card Game,0.308
2223,UNO,Card Game,Monopoly Deal: Disney Stitch,0.455,AURUXXX: The Golden 12,0.364,Monopoly Deal Wizarding World/Harry Potter Card Game,0.333,Monopoly Deal: KPop Demon Hunters,0.333,Buster Brown and the Goat,0.308
452164,UNO & Skip-Bo Bonus Pak,Card Game,Ancient Game of GOMI,1.0,UNO Power Grab,1.0,UNO MASTER,1.0,UNO Bundle Collector Tin,1.0,UNO Party!,1.0
477506,UNO 7-Eleven,Card Game,UNO Dare!,0.857,UNO Remix,0.75,UNO Slam,0.75,UNO Dare: Adults Only,0.75,UNO Truth: Adults Only,0.75
475042,UNO All Wild!: My Hero Academia (McDonald's Happy Meal Edition),Card Game,UNO Flip!: SPY x FAMILY (McDonald's Happy Meal Edition),1.0,UNO Flip!: Naruto (McDonald's Happy Meal Edition),1.0,UNO Flip!: My Hero Academia (McDonald's Happy Meal Edition),1.0,UNO Flip!: Boruto – Naruto Next Generations (McDonald's Happy Meal Edition),1.0,UNO Flex!,0.8
475039,UNO All Wild!: SPY x FAMILY,Card Game,UNO Flip!: SPY x FAMILY (McDonald's Happy Meal Edition),1.0,UNO Flip!: Naruto (McDonald's Happy Meal Edition),1.0,UNO Flip!: My Hero Academia (McDonald's Happy Meal Edition),1.0,UNO Flip!: Boruto – Naruto Next Generations (McDonald's Happy Meal Edition),1.0,UNO Flex!,0.8
2818,UNO Attack!,Card Game,UNO Flip Attack,1.0,UNO Flex!,0.8,Mini UNO Bullseye,0.8,UNO Slam,0.714,UNO Flip!: SPY x FAMILY (McDonald's Happy Meal Edition),0.667
9465,UNO Bingo,,Qwirkle Cubes,0.5,Qwirkle Trio,0.4,Monopoly Express,0.4,Scrabble Slots,0.333,Scrabble and Yahtzee,0.286
147647,UNO Blast,Card Game,Giant UNO,1.0,Hot Death Uno,1.0,UNO Spin,1.0,UNO MOD,1.0,UNO House Rules,1.0
12162,UNO Blitzo,Action / Dexterity,Scrabble Twist,0.5,Jenga Quake,0.5,UNO Madness,0.4,UNO Reflex,0.4,UNO Flip,0.4
1333,Boom-O,Card Game,5 Alive / Uno,0.75,Bear vs Gorilla vs CEO vs Hippie,0.75,UNO H2O,0.75,UNO Wild Jackpot,0.75,UNO: Jean-Michel Basquiat,0.6
337824,UNO Bundle Collector Tin,Card Game,Ancient Game of GOMI,1.0,UNO Power Grab,1.0,UNO MASTER,1.0,UNO & Skip-Bo Bonus Pak,1.0,UNO Party!,1.0
172009,UNO Choo-Choo,Animals,King Size UNO,0.667,UNO Moo!,0.571,UNO Junior Move!,0.571,UNO Hello Kitty & Friends,0.556,"Red Dog, Blue Dog",0.5
31136,1 vs. 100 Board Game,Abstract Strategy,5 Gold Rings,0.667,Blockbusters Gold Run Card Game,0.667,3-D Chess,0.5,Riskier Was,0.4,WaveLength,0.4
172237,UNO Dare!,Card Game,UNO Truth: Adults Only,0.857,UNO 7-Eleven,0.857,UNO Slam,0.857,UNO Remix,0.857,UNO POP,0.833
400760,UNO Dare: Adults Only,Card Game,UNO Truth: Adults Only,1.0,UNO Remix,0.75,UNO 7-Eleven,0.75,UNO Slam,0.75,UNO POP,0.714
3004,UNO Dice,Abstract Strategy,Qwirkle Cubes,0.667,Chessgammon,0.6,Morph Chess,0.5,Dicey Chess,0.5,Risky,0.5
157945,UNO Dice,Children's Game,Monopoly Junior: Shopkins,0.75,"Frühling, Sommer, Herbst und Winter",0.75,Risk & Reward,0.75,Popit Chess,0.75,Risky,0.667
116593,UNO Dice Game,Abstract Strategy,Qwirkle Cubes,0.714,Chessgammon,0.429,Qwirkle Trio,0.429,Jääkiekkoshakki,0.375,Dicey Chess,0.375
286309,UNO Dice Game,Dice,Catan Dice Game Deluxe Edition,0.6,Catan Dice Game,0.5,Risky,0.5,Happy Double: No Risk No Run!,0.5,Scrabble Dice,0.429
3839,UNO Dominos,Abstract Strategy,Qwirkle Trio,0.75,Qwirkle Mega Pack,0.75,UNO Wild Tiles,0.667,Branches and Twigs and Thorns,0.667,Qwirkle Flex,0.6
460867,UNO Elite Formula 1: 2025 Core Edition,Card Game,UNO Elite NFL: 2025 Core Edition,0.889,UNO Elite NFL: 2025 All-Rookie Starter Pack,0.889,UNO Elite NFL: 2024 Core Edition,0.8,UNO Dare!,0.667,UNO Slam,0.6
427570,UNO Elite NFL: 2024 Core Edition,Card Game,UNO Elite Formula 1: 2025 Core Edition,0.8,UNO Dare!,0.667,UNO Truth: Adults Only,0.6,UNO Slam,0.6,UNO Remix,0.6
460871,UNO Elite NFL: 2025 All-Rookie Starter Pack,Card Game,UNO Elite Formula 1: 2025 Core Edition,0.889,UNO Dare!,0.75,UNO Dare: Adults Only,0.667,UNO Truth: Adults Only,0.667,UNO Remix,0.667
460859,UNO Elite NFL: 2025 Core Edition,Card Game,UNO Elite Formula 1: 2025 Core Edition,0.889,UNO Dare!,0.75,UNO Dare: Adults Only,0.667,UNO Truth: Adults Only,0.667,UNO Remix,0.667
327216,One In the Middle,Children's Game,Dragon Chess,1.0,Catan Junior Mitbringspiel,0.5,The Ants Go Marching,0.5,Ipse Dixit,0.4,Chessers,0.333
293522,UNO Express,Card Game,15 Go!,0.667,Splendor: AsmOPlay Kit,0.667,Ancient Game of GOMI,0.5,Wingspan Pocket,0.5,UNO Party!,0.5
467515,UNO Fandom Harry Potter Gryffindor Game Deck,Card Game,UNO Fandom Harry Potter Slytherin Game Deck,1.0,UNO Harry Potter Fandom Dark Arts,1.0,UNO Fandom Harry Potter Ravenclaw Game Deck,1.0,UNO Fandom Harry Potter Hufflepuff Game Deck,1.0,The Golden Compass,0.75
467517,UNO Fandom Harry Potter Hufflepuff Game Deck,Card Game,UNO Fandom Harry Potter Slytherin Game Deck,1.0,UNO Harry Potter Fandom Dark Arts,1.0,UNO Fandom Harry Potter Ravenclaw Game Deck,1.0,UNO Fandom Harry Potter Gryffindor Game Deck,1.0,The Golden Compass,0.75
467514,UNO Fandom Harry Potter Ravenclaw Game Deck,Card Game,UNO Fandom Harry Potter Slytherin Game Deck,1.0,UNO Harry Potter Fandom Dark Arts,1.0,UNO Fandom Harry Potter Hufflepuff Game Deck,1.0,UNO Fandom Harry Potter Gryffindor Game Deck,1.0,The Golden Compass,0.75
467516,UNO Fandom Harry Potter Slytherin Game Deck,Card Game,UNO Fandom Harry Potter Ravenclaw Game Deck,1.0,UNO Harry Potter Fandom Dark Arts,1.0,UNO Fandom Harry Potter Hufflepuff Game Deck,1.0,UNO Fandom Harry Potter Gryffindor Game Deck,1.0,The Golden Compass,0.75
38038,UNO Flash,Card Game,UNO Roboto,0.75,UNO Flip,0.75,UNO Spin,0.667,UNO MOD,0.667,UNO House Rules,0.667
380300,UNO Flex!,Card Game,Mini UNO Bullseye,1.0,UNO POP,0.8,UNO Flip!: My Hero Academia (McDonald's Happy Meal Edition),0.8,UNO Flip Attack,0.8,UNO Flip!: Naruto (McDonald's Happy Meal Edition),0.8
64447,UNO Flip,Action / Dexterity,Jenga Jokers,0.75,UNO Flash,0.75,UNO Reflex,0.6,UNO Roboto,0.6,UNO Tippo,0.6
423154,UNO Flip Attack,Card Game,UNO Attack!,1.0,UNO Flex!,0.8,Mini UNO Bullseye,0.8,UNO Slam,0.714,UNO Flip!: SPY x FAMILY (McDonald's Happy Meal Edition),0.667
271460,UNO Flip!,Card Game,UNO Triple Play,1.0,UNO Pocket,1.0,UNO Tiki Twist,0.8,UNO Wild Jackpot,0.75,UNO H2O,0.75
475032,UNO Flip!: Boruto – Naruto Next Generations (McDonald's Happy Meal Edition),Card Game,UNO All Wild!: SPY x FAMILY,1.0,UNO All Wild!: My Hero Academia (McDonald's Happy Meal Edition),1.0,UNO Flex!,0.8,Mini UNO Bullseye,0.8,UNO Attack: Jurassic World,0.667
380156,UNO Flip!: Marvel Super Heroes or Villains,Card Game,UNO Bundle Collector Tin,0.5,Top Brass,0.5,Ancient Game of GOMI,0.5,Batman: Le Sauveur de Gotham City,0.5,Batman: Le sauveur de Gotham City,0.5
475044,UNO Flip!: My Hero Academia (McDonald's Happy Meal Edition),Card Game,UNO All Wild!: SPY x FAMILY,1.0,UNO All Wild!: My Hero Academia (McDonald's Happy Meal Edition),1.0,UNO Flex!,0.8,Mini UNO Bullseye,0.8,UNO Attack: Jurassic World,0.667
475036,UNO Flip!: Naruto (McDonald's Happy Meal Edition),Card Game,UNO All Wild!: SPY x FAMILY,1.0,UNO All Wild!: My Hero Academia (McDonald's Happy Meal Edition),1.0,UNO Flex!,0.8,Mini UNO Bullseye,0.8,UNO Attack: Jurassic World,0.667
475038,UNO Flip!: SPY x FAMILY (McDonald's Happy Meal Edition),Card Game,UNO All Wild!: SPY x FAMILY,1.0,UNO All Wild!: My Hero Academia (McDonald's Happy Meal Edition),1.0,UNO Flex!,0.8,Mini UNO Bullseye,0.8,UNO Attack: Jurassic World,0.667
419698,UNO Flip!: Stranger Things,Card Game,UNO Triple Play,1.0,UNO Pocket,1.0,UNO Tiki Twist,0.8,UNO Wild Jackpot,0.75,UNO H2O,0.75
419968,Uno Flip!: Transformers,Card Game,UNO Triple Play,0.667,UNO Pocket,0.667,Monopoly Deal: Disney Stitch,0.625,UNO All Wild!: SPY x FAMILY,0.571,UNO Tiki Twist,0.571
413271,UNO Friends Card Game,Card Game,UNO Marvel Captain Marvel,0.667,Unoriginal,0.667,UNO Flip!: Naruto (McDonald's Happy Meal Edition),0.6,UNO Flip!: My Hero Academia (McDonald's Happy Meal Edition),0.6,UNO All Wild!: My Hero Academia (McDonald's Happy Meal Edition),0.6
16693,UNO H2O,Card Game,UNO Wild Jackpot,1.0,UNO Flip!: Stranger Things,0.75,Boom-O,0.75,UNO Pocket,0.75,UNO Flip!,0.75
21849,UNO H2O Splash,Card Game,My First UNO,0.8,UNO Junior,0.667,Scrabble People,0.6,Barbie: Go Shopping!,0.6,King Size UNO,0.6
467513,UNO Harry Potter Fandom Dark Arts,Card Game,UNO Fandom Harry Potter Ravenclaw Game Deck,1.0,UNO Fandom Harry Potter Slytherin Game Deck,1.0,UNO Fandom Harry Potter Hufflepuff Game Deck,1.0,UNO Fandom Harry Potter Gryffindor Game Deck,1.0,The Golden Compass,0.75
2143,UNO Hearts,Card Game,Rage,1.0,ChessBriscola card game,0.75,Giant UNO,0.667,Hot Death Uno,0.667,Beim Jupiter: Göttliche Sticheleien,0.667
366540,UNO Hello Kitty & Friends,Animals,UNO 7-Eleven,0.667,UNO POP,0.625,UNO Choo-Choo,0.556,UNO Dare!,0.556,UNO Flex!,0.5
24779,UNO House Rules,Card Game,Hot Death Uno,1.0,Giant UNO,1.0,UNO Blast,1.0,UNO Spin,1.0,UNO MOD,1.0
20952,UNO Junior,Animals,King Size UNO,0.667,UNO H2O Splash,0.667,UNO Moo!,0.571,My First UNO,0.571,UNO Wild Jackpot,0.5
436186,UNO Junior Move!,Card Game,UNO Choo-Choo,0.571,UNO H2O Splash,0.5,Scrabble People,0.5,UNO 7-Eleven,0.5,UNO Flex!,0.5
9250,UNO Madness,Action / Dexterity,Let's Go Fishin',0.5,Magnetism Intelligence Strategy Game,0.5,Barn Buzzin' Goofy,0.5,RooTile,0.4,Beppo der Bock,0.4
411038,UNO Marvel Captain Marvel,Card Game,Unoriginal,1.0,UNO Friends Card Game,0.667,Liar's UNO,0.667,UNO Power Grab,0.5,UNO Flip!,0.5
124363,UNO MASTER,Card Game,Ancient Game of GOMI,1.0,UNO Party!,1.0,UNO Bundle Collector Tin,1.0,UNO & Skip-Bo Bonus Pak,1.0,UNO Power Grab,1.0
70912,UNO MOD,Card Game,Hot Death Uno,1.0,Giant UNO,1.0,UNO Blast,1.0,UNO Spin,1.0,UNO House Rules,1.0
42920,UNO Moo!,Animals,King Size UNO,0.8,UNO Junior,0.571,UNO Choo-Choo,0.571,Scrabble People,0.5,Barbie: Go Shopping!,0.5
372973,UNO Party!,Card Game,Ancient Game of GOMI,1.0,UNO MASTER,1.0,UNO Bundle Collector Tin,1.0,UNO & Skip-Bo Bonus Pak,1.0,UNO Power Grab,1.0
255689,UNO Pocket,Card Game,UNO Triple Play,1.0,UNO Flip!: Stranger Things,1.0,UNO Flip!,1.0,UNO Tiki Twist,0.8,UNO Wild Jackpot,0.75
472135,UNO POP,Card Game,UNO Dare!,0.833,UNO Flex!,0.8,Mini UNO Bullseye,0.8,UNO Dare: Adults Only,0.714,UNO 7-Eleven,0.714
142794,UNO Power Grab,Card Game,Ancient Game of GOMI,1.0,UNO MASTER,1.0,UNO Bundle Collector Tin,1.0,UNO & Skip-Bo Bonus Pak,1.0,UNO Party!,1.0
394783,UNO Quatro,Abstract Strategy,Connect Four,1.0,Баттелі,0.5,All Queens Chess,0.5,Chess for Juniors,0.5,Big Horse Chess,0.5
568,Rage,Card Game,UNO Hearts,1.0,ChessBriscola card game,0.75,Giant UNO,0.667,UNO: Limited Too It's A Girl's World,0.667,UNO: National Parks,0.667
97294,UNO Reflex,Action / Dexterity,UNO Roboto,0.6,UNO Tippo,0.6,UNO Flip,0.6,Jenga: Harley-Davidson Collector's Edition,0.5,Jenga Max,0.5
331830,UNO Remix,Card Game,UNO Dare!,0.857,UNO Truth: Adults Only,0.75,UNO 7-Eleven,0.75,UNO Dare: Adults Only,0.75,UNO Slam,0.75
97990,UNO Roboto,Card Game,UNO Flash,0.75,UNO Reflex,0.6,DOS! Twice the fun of UNO,0.6,UNO Tippo,0.6,UNO Flip,0.6
5522,UNO Rummy-Up,Abstract Strategy,UNO Dominos,0.6,Qwirkle Trio,0.5,Qwirkle Mega Pack,0.5,Azul: Queen's Garden,0.444,Azul: Summer Pavilion,0.444
342839,UNO Showdown,Action / Dexterity,UNO Flip,0.5,UNO Reflex,0.5,UNO Flip Attack,0.429,UNO Attack!,0.429,UNO Attack: Jurassic World,0.429
429348,UNO Slam,Card Game,UNO Dare!,0.857,UNO Remix,0.75,UNO Dare: Adults Only,0.75,UNO 7-Eleven,0.75,UNO Truth: Adults Only,0.75
13713,Solitaire,Abstract Strategy,Chessyball,0.667,Grotesque Chess,0.667,Horseshoe,0.667,Ladorean Chess,0.667,Chinese Zodiac chess,0.667
5823,Das UNO Spiel,Economic,Monopoly Canadian Tire,1.0,På egen risk,1.0,Monopoly: Berăria H,1.0,Monopoly Travel World Tour,1.0,Monopoly Party,1.0
24318,UNO Spin,Card Game,Hot Death Uno,1.0,Giant UNO,1.0,UNO Blast,1.0,UNO MOD,1.0,UNO House Rules,1.0
2821,UNO Stacko,Action / Dexterity,Jenga Ultimate,0.75,Jenga Mini,0.6,Jenga: Truth or Dare,0.5,Jenga: Space Invaders Collector's Edition,0.5,Jenga Xtreme,0.5
349555,UNO Stacko Travel Size Bonus Pak,Action / Dexterity,UNO Flex!,0.429,Mini UNO Bullseye,0.429,UNO Flip!: SPY x FAMILY (McDonald's Happy Meal Edition),0.375,UNO Flip!: Naruto (McDonald's Happy Meal Edition),0.375,UNO Flip!: My Hero Academia (McDonald's Happy Meal Edition),0.375
428030,UNO Teams!,Card Game,UNO Triple Play,0.6,ChessBriscola card game,0.6,UNO Flip!: Stranger Things,0.6,Mini UNO Bullseye,0.6,UNO Flex!,0.6
182707,UNO Tiki Twist,Ancient,UNO Flip!: Stranger Things,0.8,UNO Flip!,0.8,UNO Triple Play,0.8,UNO Pocket,0.8,UNO Wild Jackpot,0.6
64438,UNO Tippo,Action / Dexterity,Jenga Jokers,0.75,DOS! Twice the fun of UNO,0.6,UNO Reflex,0.6,UNO Flip,0.6,UNO Roboto,0.6
343122,UNO Triple Play,Card Game,UNO Pocket,1.0,UNO Flip!: Stranger Things,1.0,UNO Flip!,1.0,UNO Tiki Twist,0.8,UNO Wild Jackpot,0.75
466590,UNO Truth: Adults Only,Card Game,UNO Dare: Adults Only,1.0,UNO Dare!,0.857,UNO Remix,0.75,UNO 7-Eleven,0.75,UNO Slam,0.75
392708,UNO Ultimate DC,Card Game,UNO Ultimate Marvel: 2nd Edition,0.75,UNO Ultimate Marvel,0.714,UNO Elite NFL: 2025 All-Rookie Starter Pack,0.556,UNO Elite NFL: 2025 Core Edition,0.556,UNO Dare!,0.5
355850,UNO Ultimate Marvel,Card Game,UNO Ultimate DC,0.714,UNO Elite NFL: 2025 Core Edition,0.556,UNO Elite NFL: 2025 All-Rookie Starter Pack,0.556,UNO Dare!,0.5,UNO Elite NFL: 2024 Core Edition,0.5
381716,UNO Ultimate Marvel: 2nd Edition,Card Game,UNO Ultimate DC,0.75,UNO Elite NFL: 2024 Core Edition,0.545,UNO Elite NFL: 2025 All-Rookie Starter Pack,0.455,UNO Elite NFL: 2025 Core Edition,0.455,UNO Elite Formula 1: 2025 Core Edition,0.417
395953,UNO Ultimate: Spider-Man 2099 vs. Venom Add-On 2-Pack,Card Game,UNO Dare!,0.5,UNO Dare: Adults Only,0.444,UNO Remix,0.444,UNO Slam,0.444,UNO Truth: Adults Only,0.444
201822,UNO Wild Jackpot,Card Game,UNO H2O,1.0,UNO Pocket,0.75,Boom-O,0.75,UNO Flip!: Stranger Things,0.75,UNO Flip!,0.75
4578,UNO Wild Tiles,Abstract Strategy,Branches and Twigs and Thorns,1.0,UNO Dominos,0.667,Puzzle Board Chess,0.667,RooTile,0.667,Block Buster,0.667
447191,UNO Zero,Abstract Strategy,UNO Dare!,0.5,UNO 7-Eleven,0.455,UNO Slam,0.455,UNO Truth: Adults Only,0.455,UNO Dare: Adults Only,0.455
37127,UNO: 30 Year Anniversary Edition,Card Game,Jenga Jokers,0.667,Rage,0.667,Hanabi: Festival,0.667,Bear vs Gorilla vs CEO vs Hippie,0.667,Qwirkle Cards,0.667
358924,UNO: 50th Anniversary,Card Game,AURUXXX: The Golden 12,0.571,Are You Gonna Eat That?,0.429,Monopoly Deal: No Mercy,0.429,Monopoly Deal Pocket,0.429,Monopoly Deal Card Game,0.429
34914,UNO: A Charlie Brown Valentine,Card Game,Scrabble People,0.5,Barbie: Go Shopping!,0.5,Monopoly Deal: Disney Stitch,0.5,The Award Goes To,0.444,Buster Brown and the Goat,0.444
277140,UNO: Alex Rodriguez Limited Edition,Card Game,Arnold Palmer's Golf Card Game,0.667,1st & Goal,0.5,Qwirkle Cards,0.5,Who's the Ass?,0.5,Monopoly Deal: NFL Edition,0.5
352997,UNO: All Wild!,Card Game,Monopoly Deal Pocket,0.6,Monopoly Deal: No Mercy,0.6,Monopoly Deal Card Game,0.6,Are You Gonna Eat That?,0.6,Hanabi: Festival,0.5
430966,UNO: All Wild! Grogu!,Card Game,Monopoly Deal: Disney Stitch,0.714,Doctor Who: Nemesis,0.667,Monopoly Deal Wizarding World/Harry Potter Card Game,0.5,Monopoly Deal: KPop Demon Hunters,0.5,Exploding Kittens: Good vs Evil,0.444
28969,UNO: American Kennel Club,Animals,Wingspan Pocket,0.75,For Hive and Colony: The Great Insect War,0.6,Jenga Jokers,0.5,Hive Mind,0.5,Roots,0.5
153611,UNO: Angry Birds,Animals,Monopoly Deal: Disney Stitch,0.444,Scrabble People,0.429,Angry Birds Go! Jenga: Pirate Pig Attack,0.429,Wingspan Pocket,0.429,Angry Birds Go! Jenga: Trophy Cup Challenge,0.429
34994,UNO: Arsenal Highbury Legends,Card Game,Arnold Palmer's Golf Card Game,0.667,1st & Goal,0.5,Qwirkle Cards,0.5,Who's the Ass?,0.5,Monopoly Deal: NFL Edition,0.5
178364,UNO: Avengers,Card Game,Scrabble People,0.5,Barbie: Go Shopping!,0.5,Monopoly Deal: Disney Stitch,0.5,The Award Goes To,0.444,Buster Brown and the Goat,0.444
16218,UNO: Barbie,Card Game,Scrabble People,0.6,Barbie: Go Shopping!,0.6,Monopoly Deal: Disney Stitch,0.571,AC-Goose Story,0.5,The Award Goes To,0.5
25615,UNO: Barbie California Girl,Card Game,Barbie: Go Shopping!,0.75,Scrabble People,0.75,AC-Goose Story,0.6,Bear vs Gorilla vs CEO vs Hippie,0.5,Who's the Ass?,0.5
390621,UNO: Barbie The Movie,Card Game,Who's the Ass?,0.5,Archer: Once You Go Blackmail...,0.5,Hanabi: Festival,0.5,Qwirkle Cards,0.5,The Golden Compass,0.5
20949,UNO: Batman Begins,Card Game,Marvel Root for Groot,0.5,Archer: Once You Go Blackmail...,0.429,Rage,0.4,Hanabi: Festival,0.4,Jenga Jokers,0.4
462341,UNO: Batman Comics,Card Game,Scrabble People,0.5,Barbie: Go Shopping!,0.5,Buster Brown and the Goat,0.444,AC-Goose Story,0.429,Junior Scrabble Cards,0.375
27651,UNO: Batman Special Edition,Card Game,Marvel Root for Groot,0.5,Archer: Once You Go Blackmail...,0.429,Rage,0.4,Hanabi: Festival,0.4,Jenga Jokers,0.4
201923,UNO: Batman v Superman – Dawn of Justice,Card Game,Marvel Root for Groot,0.5,Archer: Once You Go Blackmail...,0.429,Rage,0.4,Hanabi: Festival,0.4,Jenga Jokers,0.4
462646,UNO: Beetlejuice Beetlejuice,Card Game,AURUXXX: The Golden 12,0.5,Monopoly Deal Wizarding World/Harry Potter Card Game,0.444,Monopoly Deal: KPop Demon Hunters,0.444,Monopoly Deal: Disney Stitch,0.444,Exploding Kittens: Good vs Evil,0.4
32296,UNO: Betty Boop Vintage,Card Game,Scrabble People,0.6,Barbie: Go Shopping!,0.6,Monopoly Deal: Disney Stitch,0.571,AC-Goose Story,0.5,The Award Goes To,0.5
475031,UNO: Boruto – Naruto Next Generations (McDonald's Happy Meal Edition),Card Game,Monopoly Deal: Disney Stitch,0.5,Monopoly Deal: KPop Demon Hunters,0.5,Monopoly Deal Wizarding World/Harry Potter Card Game,0.5,Exploding Kittens: Good vs Evil,0.444,Monopoly Deal Card Game,0.429
32449,UNO: Boston Celtics Legends,Card Game,Arnold Palmer's Golf Card Game,0.667,1st & Goal,0.5,Hanabi: Festival,0.5,Monopoly Deal: NFL Edition,0.5,Who's the Ass?,0.5
34777,UNO: Boston Red Sox,Card Game,Arnold Palmer's Golf Card Game,0.667,1st & Goal,0.5,Hanabi: Festival,0.5,Monopoly Deal: NFL Edition,0.5,Who's the Ass?,0.5
34842,UNO: Brett Favre NFL Greatest Players Edition,Card Game,Arnold Palmer's Golf Card Game,0.667,1st & Goal,0.5,Hanabi: Festival,0.5,Monopoly Deal: NFL Edition,0.5,Who's the Ass?,0.5
34952,UNO: Brian Urlacher Special Edition,Card Game,Arnold Palmer's Golf Card Game,0.667,1st & Goal,0.5,Hanabi: Festival,0.5,Monopoly Deal: NFL Edition,0.5,Who's the Ass?,0.5
322325,UNO: BTS,Card Game,Scrabble People,0.6,Barbie: Go Shopping!,0.6,Monopoly Deal: Disney Stitch,0.571,AC-Goose Story,0.5,The Award Goes To,0.5
132138,UNO: Burger King Edition,Card Game,Barbie: Go Shopping!,0.75,Scrabble People,0.75,AC-Goose Story,0.6,Bear vs Gorilla vs CEO vs Hippie,0.5,Who's the Ass?,0.5
12227,UNO: Care Bears,Card Game,Scrabble People,0.6,Barbie: Go Shopping!,0.6,Monopoly Deal: Disney Stitch,0.571,AC-Goose Story,0.5,The Award Goes To,0.5
25204,UNO: Cars,Card Game,Scrabble People,0.6,Barbie: Go Shopping!,0.6,Monopoly Deal: Disney Stitch,0.571,AC-Goose Story,0.5,The Award Goes To,0.5
135655,UNO: Cars 2,Card Game,Who's the Ass?,0.5,Archer: Once You Go Blackmail...,0.5,Hanabi: Festival,0.5,Qwirkle Cards,0.5,The Golden Compass,0.5
229958,UNO: Cars 3,Card Game,Monopoly Junior: Disney Pixar Cars 3 Edition,0.5,Scrabble People,0.5,Monopoly Deal: Disney Stitch,0.5,Disney Pixar Cars 3: Risky Raceway Game,0.5,Barbie: Go Shopping!,0.5
135859,UNO: Chicaco Cubs,Card Game,Ancient Game of GOMI,1.0,Top Brass,1.0,Beim Jupiter: Göttliche Sticheleien,0.5,Scrabble Word Rummy,0.5,Scrabble Word Play Poker,0.5
34997,UNO: Chicago White Sox,Card Game,Arnold Palmer's Golf Card Game,0.667,Hanabi: Festival,0.5,Monopoly Deal: NFL Edition,0.5,Who's the Ass?,0.5,Roots,0.5
193918,UNO: Cinderella,Card Game,Monopoly Deal: Disney Stitch,0.714,Monopoly Deal: KPop Demon Hunters,0.5,Monopoly Deal Wizarding World/Harry Potter Card Game,0.5,Barbie: Go Shopping!,0.5,Scrabble People,0.5
269438,UNO: Coca-Cola,Card Game,Jenga Jokers,0.667,Rage,0.667,Hanabi: Festival,0.667,Bear vs Gorilla vs CEO vs Hippie,0.667,Qwirkle Cards,0.667
261076,UNO: Colors Rule,Card Game,Monopoly Deal Card Game,0.6,Monopoly Deal: No Mercy,0.6,Monopoly Deal Pocket,0.6,Are You Gonna Eat That?,0.6,Monopoly Deal: NFL Edition,0.5
368334,UNO: Cricket,Card Game,Arnold Palmer's Golf Card Game,0.667,Qwirkle Cards,0.5,Monopoly Deal: NFL Edition,0.5,Who's the Ass?,0.5,Hanabi: Festival,0.5
34996,UNO: David Ortiz Limited,Card Game,Arnold Palmer's Golf Card Game,0.667,Qwirkle Cards,0.5,Monopoly Deal: NFL Edition,0.5,Who's the Ass?,0.5,Hanabi: Festival,0.5
34998,UNO: David Wright Special,Card Game,Arnold Palmer's Golf Card Game,0.667,Qwirkle Cards,0.5,Monopoly Deal: NFL Edition,0.5,Who's the Ass?,0.5,Hanabi: Festival,0.5
217681,UNO: DC SuperHero Girls,Card Game,Scrabble People,0.5,Barbie: Go Shopping!,0.5,Monopoly Deal: Disney Stitch,0.5,The Award Goes To,0.444,Buster Brown and the Goat,0.444
34995,UNO: Derek Jeter Limited,Card Game,Arnold Palmer's Golf Card Game,0.667,Qwirkle Cards,0.5,Monopoly Deal: NFL Edition,0.5,Who's the Ass?,0.5,Hanabi: Festival,0.5
246269,UNO: Despicable Me,Card Game,Monopoly Deal: Disney Stitch,0.571,Monopoly Card Games: Free Parking and Water Works,0.5,Theodore Tugboat Rootin' Tootin' Card Game,0.429,Shuffle: Jurassic World Dominion,0.4,The Golden Compass,0.4
12491,UNO: Disney,Card Game,Scrabble People,0.6,Barbie: Go Shopping!,0.6,Monopoly Deal: Disney Stitch,0.571,AC-Goose Story,0.5,The Award Goes To,0.5
420529,UNO: Disney 100,Card Game,Monopoly Deal: Disney Stitch,0.556,AURUXXX: The Golden 12,0.444,Monopoly Deal: KPop Demon Hunters,0.4,Monopoly Deal Wizarding World/Harry Potter Card Game,0.4,Scrabble People,0.375
354480,UNO: Disney Fairies,Card Game,The Golden Compass,0.6,Monopoly Deal: Disney Stitch,0.5,Monopoly Deal: KPop Demon Hunters,0.5,Scrabble People,0.5,Barbie: Go Shopping!,0.5
297779,UNO: Disney Frozen II,Card Game,Monopoly Deal Wizarding World/Harry Potter Card Game,0.556,Monopoly Deal: KPop Demon Hunters,0.556,Monopoly Deal: Disney Stitch,0.556,The Golden Compass,0.429,Monopoly Junior: Sofia the first,0.375
408797,UNO: Disney Pixar – Lightyear,Card Game,Monopoly Deal: Disney Stitch,0.625,Scrabble People,0.429,Barbie: Go Shopping!,0.429,The Award Goes To,0.4,AC-Goose Story,0.375
188596,UNO: Disney Planes – Fire & Rescue!,Aviation / Flight,Barbie: Go Shopping!,0.5,Scrabble People,0.5,Monopoly Deal: Disney Stitch,0.5,The Award Goes To,0.444,AC-Goose Story,0.429
14347,UNO: Disney Princess,Card Game,Scrabble People,0.6,Barbie: Go Shopping!,0.6,Monopoly Deal: Disney Stitch,0.571,AC-Goose Story,0.5,The Award Goes To,0.5
166985,UNO: Disney Princess,Card Game,Scrabble People,0.6,Barbie: Go Shopping!,0.6,Monopoly Deal: Disney Stitch,0.571,AC-Goose Story,0.5,The Award Goes To,0.5
408719,UNO: Disney Princess,Card Game,Barbie: Go Shopping!,0.5,Monopoly Deal: Disney Stitch,0.5,Scrabble People,0.5,The Award Goes To,0.444,AC-Goose Story,0.429
39637,UNO: Disney Theme Park Edition,Card Game,Scrabble People,0.6,Barbie: Go Shopping!,0.6,Monopoly Deal: Disney Stitch,0.571,AC-Goose Story,0.5,The Award Goes To,0.5
440380,UNO: Disney – Moana 2,Card Game,Monopoly Deal: Disney Stitch,0.444,Boom-O,0.429,Scrabble People,0.429,Barbie: Go Shopping!,0.429,The Award Goes To,0.4
155409,UNO: Doc McStuffins,Animals,Monopoly Deal: Disney Stitch,0.444,Wingspan Pocket,0.429,Bugs Bunny's: Who's Got The Carrot Game,0.429,Scrabble People,0.429,Barbie: Go Shopping!,0.429
32744,UNO: Doctor Who,Card Game,Monopoly Deal: Disney Stitch,0.571,Doctor Who: Nemesis,0.5,Monopoly: Beast Wars Transformers,0.5,Marvel Root for Groot,0.5,Deckmatch: The Unofficial Quake 3 Card Game,0.429
423597,UNO: Doraemon,Card Game,Monopoly Deal: Disney Stitch,0.417,Exploding Kittens: Good vs Evil,0.385,Exploding Kittens: Party Pack,0.333,AURUXXX: The Golden 12,0.333,Monopoly Deal Wizarding World/Harry Potter Card Game,0.308
399385,UNO: DragonBall Z,Card Game,Monopoly Deal Wizarding World/Harry Potter Card Game,0.5,Monopoly Deal: KPop Demon Hunters,0.5,Monopoly Deal: Disney Stitch,0.5,Battle Goomis,0.5,Exploding Kittens: Good vs Evil,0.444
11517,UNO: Elvis Presley,Card Game,Jenga Jokers,0.5,Rage,0.5,Qwirkle Cards,0.5,Roots,0.5,Hanabi: Festival,0.5
231790,UNO: Emoji,Card Game,Barbie: Go Shopping!,0.6,Scrabble People,0.6,Monopoly Deal: Disney Stitch,0.571,Monopoly Card Games: Free Parking and Water Works,0.5,Are You Gonna Eat That?,0.5
377384,UNO: Encanto,Card Game,The Golden Compass,0.375,Monopoly Deal: Disney Stitch,0.364,Monopoly Deal: KPop Demon Hunters,0.364,Monopoly Deal Wizarding World/Harry Potter Card Game,0.364,The Award Goes To,0.333
89073,UNO: England FA,Card Game,Arnold Palmer's Golf Card Game,0.667,Qwirkle Cards,0.5,Monopoly Deal: NFL Edition,0.5,Who's the Ass?,0.5,Hanabi: Festival,0.5
157892,UNO: England Rugby,Card Game,Barbie: Go Shopping!,0.6,Scrabble People,0.6,AC-Goose Story,0.5,Arnold Palmer's Golf Card Game,0.5,Monopoly Deal: NFL Edition,0.429
32448,UNO: Eragon,Card Game,Who's the Ass?,0.5,Archer: Once You Go Blackmail...,0.5,Hanabi: Festival,0.5,Qwirkle Cards,0.5,The Golden Compass,0.5
73566,UNO: Eye-Eye SpongeBob!,Card Game,Scrabble People,0.6,Barbie: Go Shopping!,0.6,Monopoly Deal: Disney Stitch,0.571,AC-Goose Story,0.5,The Award Goes To,0.5
22866,UNO: Family Guy,Card Game,Who's the Ass?,0.5,Archer: Once You Go Blackmail...,0.5,Hanabi: Festival,0.5,Qwirkle Cards,0.5,The Golden Compass,0.5
19797,UNO: Fantastic Four,Card Game,Marvel Root for Groot,0.5,Archer: Once You Go Blackmail...,0.429,Qwirkle Cards,0.4,Hanabi: Festival,0.4,Jenga Jokers,0.4
408794,UNO: FAO Schwarz,Card Game,AURUXXX: The Golden 12,0.5,Boom-O,0.429,Monopoly Deal Pocket,0.375,Monopoly Deal Card Game,0.375,Monopoly Deal: No Mercy,0.375
443097,UNO: Fast & Furious,Card Game,Exploding Kittens: Good vs Evil,0.556,Monopoly Deal Wizarding World/Harry Potter Card Game,0.444,Monopoly Deal: Disney Stitch,0.444,Monopoly Deal: KPop Demon Hunters,0.444,Monopoly Deal: No Mercy,0.375
34992,UNO: Fat Albert,Card Game,Scrabble People,0.6,Barbie: Go Shopping!,0.6,Monopoly Deal: Disney Stitch,0.571,AC-Goose Story,0.5,The Award Goes To,0.5
328619,UNO: Finding Dory,Animals,Monopoly Deal: Disney Stitch,0.455,Exploding Kittens: Good vs Evil,0.417,AURUXXX: The Golden 12,0.364,"Red Dog, Blue Dog",0.364,Monopoly Deal Wizarding World/Harry Potter Card Game,0.333
34766,UNO: Fraggle Rock,Card Game,Scrabble People,0.6,Barbie: Go Shopping!,0.6,Monopoly Deal: Disney Stitch,0.571,AC-Goose Story,0.5,The Award Goes To,0.5
200083,UNO: Frozen,Card Game,Scrabble People,0.6,Barbie: Go Shopping!,0.6,Monopoly Deal: Disney Stitch,0.571,AC-Goose Story,0.5,The Award Goes To,0.5
38714,UNO: Get Hooked,Card Game,Arnold Palmer's Golf Card Game,0.667,Monopoly Deal: NFL Edition,0.5,Who's the Ass?,0.5,Hanabi: Festival,0.5,Qwirkle Cards,0.5
284984,UNO: Ghostbusters,Card Game,Monopoly Deal Wizarding World/Harry Potter Card Game,0.571,Monopoly Deal: Disney Stitch,0.571,Monopoly Deal: KPop Demon Hunters,0.571,Exploding Kittens: Good vs Evil,0.5,Doctor Who: Nemesis,0.5
117159,UNO: Glee,Card Game,Who's the Ass?,0.5,Archer: Once You Go Blackmail...,0.5,Hanabi: Festival,0.5,Qwirkle Cards,0.5,The Golden Compass,0.5
34991,UNO: Hairspray,Card Game,Who's the Ass?,0.5,Archer: Once You Go Blackmail...,0.5,Hanabi: Festival,0.5,Qwirkle Cards,0.5,The Golden Compass,0.5
25226,UNO: Hanna-Barbera,Card Game,Scrabble People,0.6,Barbie: Go Shopping!,0.6,Monopoly Deal: Disney Stitch,0.571,AC-Goose Story,0.5,The Award Goes To,0.5
34754,UNO: Hannah Montana,Card Game,Scrabble People,0.5,Barbie: Go Shopping!,0.5,Monopoly Deal: KPop Demon Hunters,0.5,Monopoly Deal: Disney Stitch,0.5,The Game of Authors,0.455
34775,UNO: Happy Feet,Animals,Monopoly Deal: Disney Stitch,0.5,Scrabble People,0.5,Wingspan Pocket,0.5,Barbie: Go Shopping!,0.5,Bugs Bunny's: Who's Got The Carrot Game,0.5
5585,UNO: Harry Potter,Card Game,Monopoly Deal Wizarding World/Harry Potter Card Game,0.625,The Golden Compass,0.5,Monopoly Deal: KPop Demon Hunters,0.444,Scrabble: Harry Potter Edition,0.444,Scrabble: Harry Potter,0.444
7156,UNO: Hello Kitty,Animals,Monopoly Deal: Disney Stitch,0.5,Scrabble People,0.5,Wingspan Pocket,0.5,Barbie: Go Shopping!,0.5,Bugs Bunny's: Who's Got The Carrot Game,0.5
34770,UNO: Hi Hi Puffy Amiyumi,Card Game,Scrabble People,0.6,Barbie: Go Shopping!,0.6,Monopoly Deal: Disney Stitch,0.571,AC-Goose Story,0.5,The Award Goes To,0.5
29704,UNO: High School Musical,Card Game,Monopoly Deal: KPop Demon Hunters,0.571,Archer: Once You Go Blackmail...,0.429,The Golden Compass,0.4,Jenga Jokers,0.4,Roots,0.4
34768,UNO: High School Musical 2,Card Game,Monopoly Deal: KPop Demon Hunters,0.571,Archer: Once You Go Blackmail...,0.429,The Golden Compass,0.4,Jenga Jokers,0.4,Roots,0.4
277420,UNO: High School Musical 3,Card Game,Monopoly Deal: KPop Demon Hunters,0.571,Archer: Once You Go Blackmail...,0.429,The Golden Compass,0.4,Jenga Jokers,0.4,Roots,0.4
172902,UNO: Horses,Animals,Wingspan Pocket,0.75,For Hive and Colony: The Great Insect War,0.6,Jenga Jokers,0.5,Hive Mind,0.5,Roots,0.5
12193,UNO: Hulk,Card Game,Marvel Root for Groot,0.5,Archer: Once You Go Blackmail...,0.429,Qwirkle Cards,0.4,Hanabi: Festival,0.4,Jenga Jokers,0.4
328615,UNO: Incredibles 2,Card Game,Monopoly Deal: Disney Stitch,0.5,AURUXXX: The Golden 12,0.4,Monopoly Deal Wizarding World/Harry Potter Card Game,0.364,Monopoly Deal: KPop Demon Hunters,0.364,Barbie: Go Shopping!,0.333
328621,UNO: Iron Man 2,Card Game,AURUXXX: The Golden 12,0.4,Monopoly Deal Wizarding World/Harry Potter Card Game,0.364,Monopoly Deal: Disney Stitch,0.364,Monopoly Deal: KPop Demon Hunters,0.364,Boom-O,0.333
34780,"UNO: It's the Great Pumpkin, Charlie Brown",Card Game,Scrabble People,0.5,Barbie: Go Shopping!,0.5,Monopoly Deal: Disney Stitch,0.5,The Award Goes To,0.444,Buster Brown and the Goat,0.444
340908,UNO: Jean-Michel Basquiat,Card Game,Boom-O,0.6,Who's the Ass?,0.4,Roots,0.4,Rage,0.4,Qwirkle Cards,0.4
144442,UNO: Jelly Belly Special Edition,Card Game,Ancient Game of GOMI,1.0,Top Brass,1.0,Beim Jupiter: Göttliche Sticheleien,0.5,Scrabble Word Rummy,0.5,Scrabble Word Play Poker,0.5
90907,UNO: John Deere Edition,Card Game,Who's the Ass?,0.5,Bear vs Gorilla vs CEO vs Hippie,0.5,Hanabi: Festival,0.5,Rage,0.5,Roots,0.5
274034,UNO: Jurassic World,Card Game,Boom-O,0.5,Monopoly Deal: KPop Demon Hunters,0.5,Monopoly Deal Wizarding World/Harry Potter Card Game,0.5,Monopoly Deal: Disney Stitch,0.5,Exploding Kittens: Good vs Evil,0.444
458243,UNO: Jurassic World Rebirth,Animals,Exploding Kittens: Good vs Evil,0.5,Monopoly Deal: Disney Stitch,0.417,Doctor Who: Nemesis,0.364,Exploding Kittens: Curse You!,0.333,AURUXXX: The Golden 12,0.333
365044,UNO: Justice League,Card Game,Marvel Root for Groot,0.5,Archer: Once You Go Blackmail...,0.429,Qwirkle Cards,0.4,Hanabi: Festival,0.4,The Golden Compass,0.4
34839,UNO: Kobe Bryant Special Edition,Card Game,Arnold Palmer's Golf Card Game,0.667,1st & Goal,0.5,Hanabi: Festival,0.5,Who's the Ass?,0.5,Monopoly Deal: NFL Edition,0.5
473717,UNO: KPop Demon Hunters,Card Game,Monopoly Deal: Disney Stitch,0.455,Exploding Kittens: Good vs Evil,0.417,AURUXXX: The Golden 12,0.364,Monopoly Deal Wizarding World/Harry Potter Card Game,0.333,Bingo,0.333
68140,UNO: Kung Fu Panda,Animals,Monopoly Deal: Disney Stitch,0.5,Scrabble People,0.5,Wingspan Pocket,0.5,Barbie: Go Shopping!,0.5,Bugs Bunny's: Who's Got The Carrot Game,0.5
34965,UNO: LaDainian Tomlinson Special Edition,Card Game,Arnold Palmer's Golf Card Game,0.667,1st & Goal,0.5,Hanabi: Festival,0.5,Who's the Ass?,0.5,Monopoly Deal: NFL Edition,0.5
34840,UNO: LeBron James Special Edition,Card Game,Arnold Palmer's Golf Card Game,0.667,1st & Goal,0.5,Hanabi: Festival,0.5,Who's the Ass?,0.5,Monopoly Deal: NFL Edition,0.5
458178,UNO: Lilo & Stitch,Card Game,Monopoly Deal: Disney Stitch,0.6,Doctor Who: Nemesis,0.4,AURUXXX: The Golden 12,0.364,Monopoly Deal Wizarding World/Harry Potter Card Game,0.333,Monopoly Deal: KPop Demon Hunters,0.333
123226,UNO: Limited Too It's A Girl's World,Card Game,Jenga Jokers,0.667,Rage,0.667,Hanabi: Festival,0.667,Qwirkle Cards,0.667,Bear vs Gorilla vs CEO vs Hippie,0.667
34966,UNO: Los Angeles Lakers Legends Edition,Card Game,Arnold Palmer's Golf Card Game,0.667,1st & Goal,0.5,Hanabi: Festival,0.5,Who's the Ass?,0.5,Monopoly Deal: NFL Edition,0.5
34772,UNO: Magic Treehouse,Card Game,Scrabble People,0.6,Barbie: Go Shopping!,0.6,AC-Goose Story,0.5,Rootie Kazootie Word Game,0.5,Junior Scrabble Cards,0.429
342232,UNO: Mario Kart,Card Game,Monopoly Deal: Disney Stitch,0.364,Boom-O,0.333,Barbie: Go Shopping!,0.333,Scrabble People,0.333,AC-Goose Story,0.3
103331,UNO: Marvel Heroes,Card Game,Scrabble People,0.6,Barbie: Go Shopping!,0.6,AC-Goose Story,0.5,Buster Brown and the Goat,0.5,Junior Scrabble Cards,0.429
243689,UNO: Marvel Ultimate Spider-man Web-Warriors Card Game,Card Game,Monopoly Deal: Disney Stitch,0.5,Scrabble People,0.5,Barbie: Go Shopping!,0.5,Buster Brown and the Goat,0.444,Monopoly Deal: No Mercy,0.429
321714,UNO: Masters of the Universe,Card Game,Monopoly Deal: Disney Stitch,0.444,Monopoly Deal: KPop Demon Hunters,0.444,Monopoly Deal Wizarding World/Harry Potter Card Game,0.444,Boom-O,0.429,Exploding Kittens: Good vs Evil,0.4
277143,UNO: Mets Special Edition,Card Game,Arnold Palmer's Golf Card Game,0.667,Who's the Ass?,0.5,Hanabi: Festival,0.5,Monopoly Deal: NFL Edition,0.5,Roots,0.5
277142,UNO: Michigan,Card Game,Arnold Palmer's Golf Card Game,0.667,Who's the Ass?,0.5,Hanabi: Festival,0.5,Monopoly Deal: NFL Edition,0.5,Roots,0.5
244691,UNO: Minecraft,Card Game,AdventureQuest Worlds: The ANYTHING-GOES BattleOn Battle Card Game,0.5,Are You Gonna Eat That?,0.5,Monopoly Deal Card Game,0.5,Monopoly Deal Pocket,0.5,Monopoly Deal: No Mercy,0.5
352489,UNO: Minions – The Rise of Gru,Card Game,Monopoly Deal: Disney Stitch,0.5,Monopoly Card Games: Free Parking and Water Works,0.429,AURUXXX: The Golden 12,0.375,"Red Dog, Blue Dog",0.375,Theodore Tugboat Rootin' Tootin' Card Game,0.375
277452,UNO: Monster High,Card Game,Monopoly Deal Wizarding World/Harry Potter Card Game,0.625,Monopoly Deal: Disney Stitch,0.625,Monopoly Deal: KPop Demon Hunters,0.625,The Golden Compass,0.5,100 Swords: The Gold King's Dungeon,0.429
277453,UNO: Monster High,Card Game,Monopoly Deal Wizarding World/Harry Potter Card Game,0.625,Monopoly Deal: Disney Stitch,0.625,Monopoly Deal: KPop Demon Hunters,0.625,The Golden Compass,0.5,100 Swords: The Gold King's Dungeon,0.429
277454,UNO: Monster High,Card Game,Monopoly Deal Wizarding World/Harry Potter Card Game,0.714,Monopoly Deal: KPop Demon Hunters,0.714,The Golden Compass,0.6,100 Swords: The Gold King's Dungeon,0.5,Monopoly Deal: Disney Stitch,0.5
475041,UNO: My Hero Academia (McDonald's Happy Meal Edition),Card Game,Monopoly Deal: Disney Stitch,0.5,Monopoly Deal Wizarding World/Harry Potter Card Game,0.5,Monopoly Deal: KPop Demon Hunters,0.5,Exploding Kittens: Good vs Evil,0.444,Doctor Who: Nemesis,0.429
286737,UNO: My Neighbour Totoro,Card Game,Monopoly Deal: Disney Stitch,0.571,Monopoly Deal Wizarding World/Harry Potter Card Game,0.571,Monopoly Deal: KPop Demon Hunters,0.571,Doctor Who: Nemesis,0.5,Monopoly Deal: No Mercy,0.5
25614,UNO: My Scene,Card Game,Scrabble People,0.6,Barbie: Go Shopping!,0.6,Monopoly Deal: Disney Stitch,0.571,AC-Goose Story,0.5,The Award Goes To,0.5
475034,UNO: Naruto (McDonald's Happy Meal Edition),Card Game,Monopoly Deal: Disney Stitch,0.5,Monopoly Deal Wizarding World/Harry Potter Card Game,0.5,Monopoly Deal: KPop Demon Hunters,0.5,Exploding Kittens: Good vs Evil,0.444,Doctor Who: Nemesis,0.429
29798,UNO: National Football League NFL Editions,Card Game,Arnold Palmer's Golf Card Game,0.667,Who's the Ass?,0.5,Hanabi: Festival,0.5,Monopoly Deal: NFL Edition,0.5,Roots,0.5
9457,UNO: National Parks,Card Game,Jenga Jokers,0.667,Rage,0.667,Hanabi: Festival,0.667,Qwirkle Cards,0.667,Bear vs Gorilla vs CEO vs Hippie,0.667
9458,UNO: New York City,Card Game,Jenga Jokers,0.667,Rage,0.667,Hanabi: Festival,0.667,Qwirkle Cards,0.667,Bear vs Gorilla vs CEO vs Hippie,0.667
34967,UNO: New York Knicks,Card Game,Arnold Palmer's Golf Card Game,0.667,Who's the Ass?,0.5,Hanabi: Festival,0.5,Monopoly Deal: NFL Edition,0.5,Roots,0.5
25853,UNO: New York Yankees,Card Game,Arnold Palmer's Golf Card Game,0.667,Who's the Ass?,0.5,Hanabi: Festival,0.5,Monopoly Deal: NFL Edition,0.5,Roots,0.5
18858,UNO: Nintendo,Card Game,AdventureQuest Worlds: The ANYTHING-GOES BattleOn Battle Card Game,0.6,Hanabi: Festival,0.5,Qwirkle Cards,0.5,Who's the Ass?,0.5,Rage,0.5
294780,UNO: Nonpartisan,Card Game,Boom-O,0.5,Monopoly Deal: No Mercy,0.429,Monopoly Deal Pocket,0.429,Are You Gonna Eat That?,0.429,Monopoly Deal Card Game,0.429
9452,UNO: NSync,Card Game,Hanabi: Festival,0.5,Roots,0.5,Jenga Jokers,0.5,Rage,0.5,Who's the Ass?,0.5
36735,UNO: One Piece,Card Game,Archer: Once You Go Blackmail...,0.429,Bear vs Gorilla vs CEO vs Hippie,0.4,Roots,0.4,Ascension: Curse of the Golden Isles,0.4,Rage,0.4
34774,UNO: Over the Hedge,Animals,Monopoly Deal: Disney Stitch,0.5,Scrabble People,0.5,Wingspan Pocket,0.5,Barbie: Go Shopping!,0.5,Bugs Bunny's: Who's Got The Carrot Game,0.5
118778,Uno: Patriots,Card Game,AURUXXX: The Golden 12,0.5,Monopoly Deal: NFL Edition,0.5,Monopoly Deal: No Mercy,0.375,Monopoly Deal Card Game,0.375,Are You Gonna Eat That?,0.375
233001,UNO: Paw Patrol,Animals,Monopoly Deal: Disney Stitch,0.5,Scrabble People,0.5,Wingspan Pocket,0.5,Barbie: Go Shopping!,0.5,Bugs Bunny's: Who's Got The Carrot Game,0.5
9456,UNO: Peanuts,Card Game,Scrabble People,0.5,Barbie: Go Shopping!,0.5,Monopoly Deal: Disney Stitch,0.5,The Award Goes To,0.444,Buster Brown and the Goat,0.444
33804,UNO: Peanuts – A Charlie Brown Christmas,Animals,Old Maid,0.455,Monopoly Deal: Disney Stitch,0.444,Scrabble People,0.429,Bugs Bunny's: Who's Got The Carrot Game,0.429,Wingspan Pocket,0.429
32354,UNO: Philadelphia Phillies,Card Game,Arnold Palmer's Golf Card Game,0.667,1st & Goal,0.5,Who's the Ass?,0.5,Hanabi: Festival,0.5,Monopoly Deal: NFL Edition,0.5
163884,UNO: Phineas and Ferb,Card Game,Scrabble People,0.6,Barbie: Go Shopping!,0.6,Monopoly Deal: Disney Stitch,0.571,AC-Goose Story,0.5,The Award Goes To,0.5
139553,Uno: Pinkalicious,Card Game,Scrabble People,0.6,Barbie: Go Shopping!,0.6,AC-Goose Story,0.5,Rootie Kazootie Word Game,0.5,Junior Scrabble Cards,0.429
34767,UNO: Pirates of the Caribbean at World's End,Adventure,Archer: Once You Go Blackmail...,0.375,Rage,0.333,Hanabi: Festival,0.333,Roots,0.333,Jenga Jokers,0.333
400678,UNO: Pixar Card Game,Card Game,Monopoly Deal: Disney Stitch,0.5,AURUXXX: The Golden 12,0.4,Monopoly Deal Wizarding World/Harry Potter Card Game,0.364,Monopoly Deal: KPop Demon Hunters,0.364,Barbie: Go Shopping!,0.333
171304,UNO: Planes,Aviation / Flight,Scrabble People,0.5,Barbie: Go Shopping!,0.5,Monopoly Deal: Disney Stitch,0.5,The Award Goes To,0.444,AC-Goose Story,0.429
364620,UNO: Pokemon Asia,Card Game,Monopoly Deal: Disney Stitch,0.417,Monopoly Deal Wizarding World/Harry Potter Card Game,0.417,Monopoly Deal: KPop Demon Hunters,0.417,AdventureQuest Worlds: The ANYTHING-GOES BattleOn Battle Card Game,0.364,AURUXXX: The Golden 12,0.333
289597,UNO: Pokemon Sun & Moon,Card Game,The Golden Compass,0.5,Monopoly Junior: Sofia the first,0.429,스플렌더: Pokémon (Splendor: Pokémon),0.4,Monopoly Junior: Disney Frozen,0.375,Scrabble The Shrek Edition,0.375
37330,UNO: Pokémon,Card Game,AdventureQuest Worlds: The ANYTHING-GOES BattleOn Battle Card Game,0.571,The Golden Compass,0.5,Monopoly Deal: Disney Stitch,0.444,Monopoly Deal: KPop Demon Hunters,0.444,Monopoly Deal Wizarding World/Harry Potter Card Game,0.444
34128,UNO: Polly Pocket,Card Game,Barbie: Go Shopping!,0.75,Scrabble People,0.75,AC-Goose Story,0.6,Risk It For A Biscuit,0.5,Junior Scrabble Cards,0.5
34771,UNO: Ratatouille,Animals,Monopoly Deal: Disney Stitch,0.5,Scrabble People,0.5,Wingspan Pocket,0.5,Barbie: Go Shopping!,0.5,Bugs Bunny's: Who's Got The Carrot Game,0.5
34778,UNO: Red Sox 07 World Series Champions,Card Game,Arnold Palmer's Golf Card Game,0.667,1st & Goal,0.5,Who's the Ass?,0.5,Hanabi: Festival,0.5,Monopoly Deal: NFL Edition,0.5
34841,UNO: Reggie Bush Special Edition,Card Game,Arnold Palmer's Golf Card Game,0.667,1st & Goal,0.5,Who's the Ass?,0.5,Hanabi: Festival,0.5,Monopoly Deal: NFL Edition,0.5
12180,UNO: Ren and Stimpy,Card Game,Scrabble People,0.6,Barbie: Go Shopping!,0.6,Monopoly Deal: Disney Stitch,0.571,AC-Goose Story,0.5,The Award Goes To,0.5
333948,UNO: Rick & Morty,Card Game,AURUXXX: The Golden 12,0.4,Monopoly Deal Wizarding World/Harry Potter Card Game,0.364,Monopoly Deal: Disney Stitch,0.364,Monopoly Deal: KPop Demon Hunters,0.364,Boom-O,0.333
221770,UNO: Royal Revenge,Card Game,Jenga Jokers,0.667,Rage,0.667,Hanabi: Festival,0.667,Qwirkle Cards,0.667,Bear vs Gorilla vs CEO vs Hippie,0.667
34779,UNO: San Antonio Spurs,Card Game,Arnold Palmer's Golf Card Game,0.667,1st & Goal,0.5,Who's the Ass?,0.5,Hanabi: Festival,0.5,Monopoly Deal: NFL Edition,0.5
363555,UNO: Schitt's Creek,Card Game,AURUXXX: The Golden 12,0.444,Monopoly Deal: KPop Demon Hunters,0.4,Monopoly Deal: Disney Stitch,0.4,Monopoly Deal Wizarding World/Harry Potter Card Game,0.4,Boom-O,0.375
205385,UNO: Seattle Mariners,Card Game,Arnold Palmer's Golf Card Game,0.667,1st & Goal,0.5,Who's the Ass?,0.5,Hanabi: Festival,0.5,Monopoly Deal: NFL Edition,0.5
435035,UNO: Seinfeld,Card Game,Monopoly Deal: Disney Stitch,0.417,The Award Goes To,0.385,Are You Gonna Eat That?,0.364,AURUXXX: The Golden 12,0.333,Monopoly Deal Wizarding World/Harry Potter Card Game,0.308
12223,UNO: Sesame Street,Card Game,Barbie: Go Shopping!,0.6,Scrabble People,0.6,Monopoly Deal: Disney Stitch,0.571,The Award Goes To,0.5,AC-Goose Story,0.5
477056,UNO: Shark Week,Animals,Wingspan Pocket,0.75,For Hive and Colony: The Great Insect War,0.6,Hive Mind,0.5,Roots,0.5,Jenga Jokers,0.5
399088,UNO: Show 'Em No Mercy,Card Game,Bear vs Gorilla vs CEO vs Hippie,0.5,AURUXXX: The Golden 12,0.5,Battle Goomis,0.444,Arkham Horror: Lovecraft Letter,0.444,Boom-O,0.429
478437,UNO: Show 'Em No Mercy Attack,Card Game,AURUXXX: The Golden 12,0.5,Top Brass,0.333,Monopoly Deal: No Mercy,0.333,Monopoly Card Games: Free Parking and Water Works,0.333,Are You Gonna Eat That?,0.333
29757,UNO: Shrek,Card Game,The Golden Compass,0.6,Monopoly Junior: Sofia the first,0.5,Monopoly Deal Wizarding World/Harry Potter Card Game,0.5,Barbie: Go Shopping!,0.5,Scrabble People,0.5
12179,UNO: Shrek 2,Card Game,The Golden Compass,0.6,Monopoly Junior: Sofia the first,0.5,Monopoly Deal Wizarding World/Harry Potter Card Game,0.5,Barbie: Go Shopping!,0.5,Scrabble People,0.5
328623,UNO: Simpsons Edition,Card Game,AURUXXX: The Golden 12,0.5,Boom-O,0.429,Monopoly Deal: No Mercy,0.375,Monopoly Deal Pocket,0.375,Monopoly Deal Card Game,0.375
374165,UNO: Sonic The Hedgehog,Animals,Monopoly Deal: Disney Stitch,0.5,Exploding Kittens: Good vs Evil,0.455,Angry Birds: Star Wars – Jenga Hoth Battle Game,0.4,Angry Birds: Star Wars – Jenga Rise of Darth Vader Game,0.4,Angry Birds: Star Wars – Jenga Death Star Game,0.4
15679,UNO: South Park,Card Game,Archer: Once You Go Blackmail...,0.5,Qwirkle Cards,0.5,The Golden Compass,0.5,Rage,0.5,Jenga Jokers,0.5
353285,UNO: Space Jam – A New Legacy,Card Game,Monopoly Deal: Disney Stitch,0.5,Monopoly Deal: NFL Edition,0.4,AURUXXX: The Golden 12,0.4,Monopoly Deal Wizarding World/Harry Potter Card Game,0.364,Monopoly Deal: KPop Demon Hunters,0.364
312795,UNO: Speed Racer,Card Game,Monopoly Deal: Disney Stitch,0.455,AURUXXX: The Golden 12,0.364,Monopoly Deal: KPop Demon Hunters,0.333,Monopoly Deal Wizarding World/Harry Potter Card Game,0.333,Exploding Kittens: Good vs Evil,0.308
8177,UNO: Spider-Man,Card Game,The Golden Compass,0.5,Monopoly Deal: Disney Stitch,0.444,Monopoly Deal Wizarding World/Harry Potter Card Game,0.444,Monopoly Deal: KPop Demon Hunters,0.444,Monopoly Junior: Sofia the first,0.429
34773,UNO: Spider-Man 2,Card Game,Marvel Root for Groot,0.5,Archer: Once You Go Blackmail...,0.429,The Golden Compass,0.4,Bear vs Gorilla vs CEO vs Hippie,0.4,Rage,0.4
216209,UNO: Spider-Sense Spider-Man,Card Game,Roots,0.5,Hanabi: Festival,0.5,Bear vs Gorilla vs CEO vs Hippie,0.5,Qwirkle Cards,0.5,Rage,0.5
369054,UNO: Spirit Untamed,Animals,Monopoly Deal: Disney Stitch,0.444,Wingspan Pocket,0.429,Scrabble People,0.429,Barbie: Go Shopping!,0.429,Bugs Bunny's: Who's Got The Carrot Game,0.429
9583,UNO: SpongeBob SquarePants,Card Game,Scrabble People,0.6,Barbie: Go Shopping!,0.6,Monopoly Deal: Disney Stitch,0.571,AC-Goose Story,0.5,The Award Goes To,0.5
475037,UNO: SPY x FAMILY (McDonald's Happy Meal Edition),Card Game,Monopoly Deal: Disney Stitch,0.5,Monopoly Deal Wizarding World/Harry Potter Card Game,0.5,Monopoly Deal: KPop Demon Hunters,0.5,Exploding Kittens: Good vs Evil,0.444,Doctor Who: Nemesis,0.429
3806,UNO: Star Trek,Card Game,Monopoly Deal: Disney Stitch,0.571,Doctor Who: Nemesis,0.5,Monopoly: Beast Wars Transformers,0.5,Marvel Root for Groot,0.5,Deckmatch: The Unofficial Quake 3 Card Game,0.429
330568,UNO: Star Wars,Card Game,Monopoly Deal: Disney Stitch,0.5,Doctor Who: Nemesis,0.444,AURUXXX: The Golden 12,0.4,Monopoly Deal Wizarding World/Harry Potter Card Game,0.364,Monopoly Deal: KPop Demon Hunters,0.364
427528,UNO: Star Wars – Technical Schematics,Card Game,Monopoly Deal: Disney Stitch,0.6,Doctor Who: Nemesis,0.4,AURUXXX: The Golden 12,0.364,Monopoly Deal Wizarding World/Harry Potter Card Game,0.333,Monopoly Deal: KPop Demon Hunters,0.333
422893,UNO: Star Wars – The Mandalorian,Card Game,Monopoly: Beast Wars Transformers,0.667,Marvel Root for Groot,0.6,The Golden Compass,0.5,Star Trek: Alliance – Dominion War Campaign,0.5,Shuffle: Jurassic World Dominion,0.5
23461,UNO: Stars of the American League,Card Game,Arnold Palmer's Golf Card Game,0.667,Qwirkle Cards,0.5,Hanabi: Festival,0.5,Roots,0.5,1st & Goal,0.5
104214,Uno: Super Bowl XL Steelers Special Edition,Card Game,Jenga Jokers,0.667,Rage,0.667,Hanabi: Festival,0.667,Qwirkle Cards,0.667,Bear vs Gorilla vs CEO vs Hippie,0.667
209095,UNO: Super Mario,Card Game,Scrabble People,0.5,Monopoly Deal: Disney Stitch,0.5,Barbie: Go Shopping!,0.5,Monopoly Deal Pocket,0.429,Monopoly Card Games: Free Parking and Water Works,0.429
31571,UNO: Superman,Card Game,Marvel Root for Groot,0.5,Archer: Once You Go Blackmail...,0.429,The Golden Compass,0.4,Shuffle: Jurassic World Dominion,0.4,Who's the Ass?,0.4
29487,UNO: Superman Returns,Card Game,Marvel Root for Groot,0.5,Archer: Once You Go Blackmail...,0.429,The Golden Compass,0.4,Shuffle: Jurassic World Dominion,0.4,Who's the Ass?,0.4
185014,UNO: Teenage Mutant Ninja Turtles,Animals,Old Maid,0.455,Monopoly Deal: Disney Stitch,0.444,Scrabble People,0.429,Bugs Bunny's: Who's Got The Carrot Game,0.429,Wingspan Pocket,0.429
452990,UNO: Teenage Mutant Ninja Turtles – Mutant Mayhem,Animals,Marvel Root for Groot,0.5,The Golden Compass,0.4,Shuffle: Jurassic World Dominion,0.4,Hive Mind,0.4,Bugs Bunny's: Who's Got The Carrot Game,0.333
34993,UNO: Texas,Card Game,Jenga Jokers,0.667,Rage,0.667,Hanabi: Festival,0.667,Qwirkle Cards,0.667,Bear vs Gorilla vs CEO vs Hippie,0.667
450141,UNO: The Amazing Spider-Man,Card Game,AURUXXX: The Golden 12,0.4,Monopoly Deal Wizarding World/Harry Potter Card Game,0.364,Monopoly Deal: Disney Stitch,0.364,Monopoly Deal: KPop Demon Hunters,0.364,Boom-O,0.333
135154,UNO: The Big Bang Theory,Card Game,Archer: Once You Go Blackmail...,0.5,Qwirkle Cards,0.5,The Golden Compass,0.5,Rage,0.5,Jenga Jokers,0.5
40203,UNO: The Dark Knight,Card Game,Marvel Root for Groot,0.5,Archer: Once You Go Blackmail...,0.429,The Golden Compass,0.4,Shuffle: Jurassic World Dominion,0.4,Who's the Ass?,0.4
9459,UNO: The Dog,Animals,Wingspan Pocket,0.75,For Hive and Colony: The Great Insect War,0.6,Hanabi: Festival,0.5,Who's the Ass?,0.5,Bear vs Gorilla vs CEO vs Hippie,0.5
33976,UNO: The Golden Compass,Card Game,Barbie: Go Shopping!,0.6,Scrabble People,0.6,Monopoly Deal: Disney Stitch,0.571,The Award Goes To,0.5,AC-Goose Story,0.5
254814,UNO: The Legend of Zelda,Card Game,AdventureQuest Worlds: The ANYTHING-GOES BattleOn Battle Card Game,0.8,100 Swords: The Gold King's Dungeon,0.6,Anima: Twilight of the Gods,0.5,Ascension: Deckbuilding Game,0.5,Boba Goba,0.5
328614,UNO: The Lion King,Animals,Monopoly Deal: Disney Stitch,0.455,Exploding Kittens: Good vs Evil,0.417,"Red Dog, Blue Dog",0.364,AURUXXX: The Golden 12,0.364,Monopoly Deal: KPop Demon Hunters,0.333
12225,UNO: The Muppet Show,Card Game,Barbie: Go Shopping!,0.6,Scrabble People,0.6,Monopoly Deal: Disney Stitch,0.571,The Award Goes To,0.5,AC-Goose Story,0.5
59071,UNO: The National Parks Edition,Card Game,Jenga Jokers,0.667,Rage,0.667,Hanabi: Festival,0.667,Qwirkle Cards,0.667,Bear vs Gorilla vs CEO vs Hippie,0.667
34769,UNO: The Nightmare Before Christmas,Card Game,Who's the Ass?,0.5,Archer: Once You Go Blackmail...,0.5,Qwirkle Cards,0.5,The Golden Compass,0.5,Rage,0.5
429393,UNO: The Office,Card Game,AURUXXX: The Golden 12,0.444,Monopoly Deal Wizarding World/Harry Potter Card Game,0.4,Monopoly Deal: KPop Demon Hunters,0.4,Monopoly Deal: Disney Stitch,0.4,Boom-O,0.375
284978,UNO: The Peanuts Movie Card Game,Card Game,Scrabble People,0.5,Barbie: Go Shopping!,0.5,Monopoly Deal: Disney Stitch,0.5,The Award Goes To,0.444,Buster Brown and the Goat,0.444
453027,UNO: The Simpsons,Card Game,AURUXXX: The Golden 12,0.444,Monopoly Deal Wizarding World/Harry Potter Card Game,0.4,Monopoly Deal: KPop Demon Hunters,0.4,Monopoly Deal: Disney Stitch,0.4,Boom-O,0.375
367563,UNO: The Simpsons Springfield Edition,Card Game,AURUXXX: The Golden 12,0.444,Monopoly Deal Wizarding World/Harry Potter Card Game,0.4,Monopoly Deal: KPop Demon Hunters,0.4,Monopoly Deal: Disney Stitch,0.4,Boom-O,0.375
33801,UNO: The Simpsons – Special Edition Card Game,Card Game,Who's the Ass?,0.5,Archer: Once You Go Blackmail...,0.5,Qwirkle Cards,0.5,The Golden Compass,0.5,Rage,0.5
29795,UNO: The Simpsons – Treehouse of Horror,Card Game,Archer: Once You Go Blackmail...,0.429,Bear vs Gorilla vs CEO vs Hippie,0.4,Roots,0.4,Rage,0.4,Hanabi: Festival,0.4
63967,UNO: The Wizard of Oz,Card Game,Monopoly Deal Wizarding World/Harry Potter Card Game,0.571,Scrabble: The Hobbit – An Unexpected Journey Edition,0.429,Archer: Once You Go Blackmail...,0.429,The Golden Compass,0.4,Qwirkle Cards,0.4
34990,UNO: Tom Brady NFL Greatest Players,Card Game,Arnold Palmer's Golf Card Game,0.667,Qwirkle Cards,0.5,Hanabi: Festival,0.5,Roots,0.5,1st & Goal,0.5
328616,UNO: Toy Story,Card Game,AURUXXX: The Golden 12,0.444,Monopoly Deal Wizarding World/Harry Potter Card Game,0.4,Monopoly Deal: KPop Demon Hunters,0.4,Monopoly Deal: Disney Stitch,0.4,Boom-O,0.375
73563,UNO: Toy Story 3,Card Game,Barbie: Go Shopping!,0.6,Scrabble People,0.6,Monopoly Deal: Disney Stitch,0.571,The Award Goes To,0.5,AC-Goose Story,0.5
281659,UNO: Toy Story 4,Card Game,Monopoly Deal: Disney Stitch,0.714,Monopoly Deal: KPop Demon Hunters,0.5,Monopoly Deal Wizarding World/Harry Potter Card Game,0.5,Scrabble People,0.5,Barbie: Go Shopping!,0.5
328143,UNO: Trolls World Tour,Card Game,Monopoly Deal: Disney Stitch,0.5,AURUXXX: The Golden 12,0.4,Monopoly Deal Wizarding World/Harry Potter Card Game,0.364,Monopoly Deal: KPop Demon Hunters,0.364,The Award Goes To,0.333
258946,UNO: UNOcorns,Card Game,Barbie: Go Shopping!,0.6,Scrabble People,0.6,100 Swords: The Gold King's Dungeon,0.6,Boba Goba,0.5,Anima: Twilight of the Gods,0.5
26074,UNO: Vacation,Card Game,Jenga Jokers,0.667,Rage,0.667,Hanabi: Festival,0.667,Qwirkle Cards,0.667,Bear vs Gorilla vs CEO vs Hippie,0.667
25192,UNO: Vintage Peanuts,Card Game,Scrabble People,0.5,Barbie: Go Shopping!,0.5,Monopoly Deal: Disney Stitch,0.5,The Award Goes To,0.444,Buster Brown and the Goat,0.444
405837,UNO: WellieWishers,Card Game,AURUXXX: The Golden 12,0.5,Monopoly Deal: Disney Stitch,0.444,Barbie: Go Shopping!,0.429,Scrabble People,0.429,Are You Gonna Eat That?,0.375
455606,UNO: Wicked,Card Game,Monopoly Deal: Disney Stitch,0.5,AURUXXX: The Golden 12,0.4,Monopoly Deal Wizarding World/Harry Potter Card Game,0.364,Monopoly Deal: KPop Demon Hunters,0.364,The Award Goes To,0.333
191128,UNO: With Customizable Wild Cards,Card Game,Jenga Jokers,0.667,Rage,0.667,Hanabi: Festival,0.667,Qwirkle Cards,0.667,Bear vs Gorilla vs CEO vs Hippie,0.667
251520,UNO: WWE Card Game,Card Game,Monopoly Deal: NFL Edition,0.667,Monopoly Deal: No Mercy,0.5,Are You Gonna Eat That?,0.5,Arnold Palmer's Golf Card Game,0.5,Monopoly Deal Pocket,0.5
328705,UNO: WWE Card Game,Card Game,Arnold Palmer's Golf Card Game,1.0,Top Brass,0.5,APBA Golf Game,0.5,Arnold Palmer's Inside Golf,0.5,Ancient Game of GOMI,0.5
34776,UNO: WWE Legends of Wrestling,Card Game,WaveLength,0.5,Arnold Palmer's Golf Card Game,0.5,AGE: The Amazing Goal Era,0.429,1st & Goal,0.429,Archer: Once You Go Blackmail...,0.429
12228,UNO: X Games,Card Game,WaveLength,0.5,Arnold Palmer's Golf Card Game,0.5,AGE: The Amazing Goal Era,0.429,1st & Goal,0.429,Archer: Once You Go Blackmail...,0.429
8176,UNO: X-Men,Card Game,The Golden Compass,0.6,Marvel Root for Groot,0.429,Arith Magica: Adventures in Gossamyr,0.4,Boba Goba,0.4,Monopoly Deal Wizarding World/Harry Potter Card Game,0.333
57920,Unocitta,Abstract Strategy,Melting Chess,0.5,Branches and Twigs and Thorns,0.5,Chess Unbound,0.5,UNO Wild Tiles,0.5,Puzzle Board Chess,0.4
309214,Unoriginal,Card Game,UNO Marvel Captain Marvel,1.0,Liar's UNO,0.667,UNO Friends Card Game,0.667,UNO Flex!,0.5,UNO Flip!,0.5
38274,Fädelzoo,Action / Dexterity,Animal Merry-Go-Round Motor Skill Game,0.5,Billy Goat,0.429,Bee Hive Game,0.429,Baby Shark Let's Go Hunt Game,0.429,"Button, Button, who's got Bear's Button?",0.429
172225,Exploding Kittens,Animals,Old Maid,0.429,Buster Brown and the Goat,0.385,100vs1: Gorilla Clash,0.385,Are You Gonna Eat That?,0.364,A Risk Cat,0.364
356226,Exploding Kittens: 2-Player Edition,Animals,100vs1: Gorilla Clash,0.455,Apples to Apples to Go,0.4,UNO: Horses,0.375,UNO: American Kennel Club,0.375,Hive Mind,0.375
383201,Exploding Kittens: Cat Burglar Edition,Animals,Old Maid,0.429,Buster Brown and the Goat,0.385,100vs1: Gorilla Clash,0.385,Are You Gonna Eat That?,0.364,A Risk Cat,0.364
476165,Exploding Kittens: Curse You!,Animals,100vs1: Gorilla Clash,0.385,Monopoly Deal Pocket,0.364,Are You Gonna Eat That?,0.364,Monopoly Deal: No Mercy,0.364,Monopoly Deal Card Game,0.364
435944,Exploding Kittens: Duels,Animals,Old Maid,0.462,Buster Brown and the Goat,0.417,100vs1: Gorilla Clash,0.417,A Risk Cat,0.4,Monopoly Deal: No Mercy,0.4
395906,Exploding Kittens: Good vs Evil,Animals,UNO: Fast & Furious,0.556,UNO: Ghostbusters,0.5,UNO: Jurassic World Rebirth,0.5,UNO: My Neighbour Totoro,0.5,UNO: Sonic The Hedgehog,0.455
430593,Exploding Kittens: Grab & Game,Animals,Old Maid,0.429,100vs1: Gorilla Clash,0.385,Buster Brown and the Goat,0.385,A Risk Cat,0.364,Are You Gonna Eat That?,0.364
246398,Exploding Kittens: Newbie Edition,Animals,Monopoly Deal Pocket,0.4,A Risk Cat,0.4,Monopoly Deal: No Mercy,0.4,Are You Gonna Eat That?,0.4,UNO: Marvel Ultimate Spider-man Web-Warriors Card Game,0.4
172242,Exploding Kittens: NSFW Edition,Animals,Monopoly Deal Pocket,0.364,UNO: Marvel Ultimate Spider-man Web-Warriors Card Game,0.364,Monopoly Deal Card Game,0.364,A Risk Cat,0.364,Monopoly Deal: No Mercy,0.364
256804,Exploding Kittens: Party Pack,Animals,100vs1: Gorilla Clash,0.385,Monopoly Deal: No Mercy,0.364,Monopoly Deal Card Game,0.364,Monopoly Deal Pocket,0.364,Are You Gonna Eat That?,0.364
476128,Exploding Kittens: Rage Mode,Card Game,UNO Marvel Captain Marvel,0.4,Unoriginal,0.4,UNO: Fast & Furious,0.375,UNO: Show 'Em No Mercy,0.375,UNO: Colors Rule,0.333
343282,Exploding Kittens: Recipes for Disaster,Card Game,100vs1: Gorilla Clash,0.5,Apples to Apples to Go,0.444,5 Alive / Uno,0.429,Bear vs Gorilla vs CEO vs Hippie,0.429,UNO Roboto,0.375
447244,Exploding Kittens: The Board Game,Animals,Magical Athlete,0.308,Jenga: Spider-Man,0.286,Hive Mind,0.286,Monopoly Gamer: Sonic The Hedgehog,0.273,UNO Ultimate Marvel: 2nd Edition,0.273
242594,Aussie Scrabble,Word Game,Braille Scrabble,1.0,Scrabble Book Lovers,1.0,Kiwi Scrabble,1.0,Scrabble Keychain,1.0,Scrabble NHL Edition,0.8
69972,Braille Scrabble,Word Game,Aussie Scrabble,1.0,Scrabble Book Lovers,1.0,Kiwi Scrabble,1.0,Scrabble Keychain,1.0,Scrabble NHL Edition,0.8
38067,Disney Scrabble,Movies / TV / Radio theme,Star Trek Scrabble,0.8,Star Wars: Scrabble,0.75,Scrabble Crossword / Dominoes,0.75,Scrabble Brand Turntiles,0.75,Super Scrabble,0.75
135262,Electronic Catch Phrase,Electronic,Scrabble Interactivo,0.4,Carrera de Mente,0.4,UNO Reflex,0.333,Jenga: Transformers – Rise of the Fallen,0.333,Wavelength,0.333
160001,"Family Game Night Book and Game Set: Scrabble, Clue, Sorry, Yahtzee",Children's Game,Scrabble and Yahtzee,0.556,Scrabble Express,0.5,Scrabble Junior,0.5,Sunshine Cheez-It Scrabble Junior,0.5,Scrabble Scramble,0.5
39625,Junior Scrabble Cards,Card Game,Scrabble Card Game,0.571,UNO: Barbie California Girl,0.5,UNO: Burger King Edition,0.5,Scrabble Junior: Wildlife,0.5,Scrabble Junior Madeline,0.5
274534,Kiwi Scrabble,Word Game,Aussie Scrabble,1.0,Braille Scrabble,1.0,Scrabble Book Lovers,1.0,Scrabble Keychain,1.0,Scrabble NHL Edition,0.8
39682,A-Math,Math,Kham Khom,0.333,Scrabble Overturn,0.333,Scrabble Speed,0.333,Scrabble: Chocolate Edition,0.333,Carcassonne: Demo-Spiel,0.333
19629,Monty Plays Scrabble,Electronic,Scrabble Flash,0.6,Scrabble Got a Minute,0.5,Scrabble Sensor,0.5,Scrabble Duplicate Crossword Game,0.5,Scrabblers Roll & Write,0.429
29356,My First Scrabble,Children's Game,Scrabble Junior Madeline,0.714,Scrabble Junior: Wildlife,0.714,Sunshine Cheez-It Scrabble Junior,0.667,Scrabble Junior,0.667,Scrabble Junior: Dora the Explorer Edition,0.625
3359,Anagrams,Children's Game,Scrabble Junior,0.75,Sunshine Cheez-It Scrabble Junior,0.75,Scrabble Got a Minute,0.667,Scrabble Junior: Pinkalicious,0.6,Stack Spell,0.5
16314,Party Scrabble,Party Game,Scrabble Got a Minute,0.667,Scrabble Duplicate Crossword Game,0.6,Star Wars: Scrabble,0.5,Scrabble Valentine's Day,0.5,Spill and Spell,0.5
320,Scrabble,Word Game,Upwords,0.714,Ipswich,0.5,Qwirkle,0.375,Qwirkle Flex,0.375,Kham Khom,0.333
428019,Scrabble / Scrabble Together,Word Game,Scrabble Pokémon Edition,0.75,Scrabble Plus Scrabble Junior,0.714,Upwords,0.714,Aussie Scrabble,0.667,Braille Scrabble,0.667
225480,Turnspell,Word Game,Scrabble Got a Minute,0.667,Scrabble: The National Parks Edition,0.5,Scrabble Trickster,0.5,Scrabble: Cooking Edition,0.5,Scrabble: Gardening Edition,0.5
104768,Scrabble Alphabet Scoop,Real-time,Scrabble Apple,1.0,Super Scrabble,0.75,Scrabble Valentine's Day,0.75,Scrabble Trickster,0.75,Scrabble Me,0.75
147369,Scrabble and Yahtzee,Dice,Scrabble Scramble,0.667,Scrabble Express,0.667,"Family Game Night Book and Game Set: Scrabble, Clue, Sorry, Yahtzee",0.556,Scrabble Brand Turntiles,0.5,Spill and Spell,0.5
40514,Scrabble Apple,Real-time,Scrabble Alphabet Scoop,1.0,Super Scrabble,0.75,Scrabble Valentine's Day,0.75,Scrabble Trickster,0.75,Scrabble Crossword / Dominoes,0.75
392954,Scrabble BINGO,Word Game,Scrabble Plus Scrabble Junior,0.857,Scrabble / Scrabble Together,0.625,Upwords,0.625,Scrabble Book Lovers,0.571,Braille Scrabble,0.571
116449,Scrabble Book Lovers,Word Game,Aussie Scrabble,1.0,Braille Scrabble,1.0,Kiwi Scrabble,1.0,Scrabble Keychain,1.0,Scrabble NHL Edition,0.8
25571,Scrabble Brand Turntiles,Word Game,Super Scrabble,1.0,Scrabble Trickster,1.0,Scrabble Valentine's Day,1.0,Scrabble Me,1.0,Scrabble Golf Edition,1.0
6994,Scrabble Card Game,Card Game,Braille Scrabble,0.8,Scrabble Book Lovers,0.8,Aussie Scrabble,0.8,Kiwi Scrabble,0.8,Scrabble Keychain,0.8
143766,Scrabble Cards,Card Game,Scrabble DASH,0.75,Scrabble Word Rummy,0.667,Scrabble Got a Minute,0.667,Scrabble Word Play Poker,0.667,Scrabble Slam!,0.6
338732,Scrabble Coasters,Word Game,Scrabble Trap Tiles,1.0,Scrabble Pocket Puzzle,1.0,Kham Khom,0.5,Twister Scrabble,0.5,Scrabble Speed,0.5
7452,Scrabble Crossword / Dominoes,Word Game,Super Scrabble,1.0,Scrabble Trickster,1.0,Scrabble Valentine's Day,1.0,Scrabble Me,1.0,Scrabble Golf Edition,1.0
3374,Scrabble Crossword Cubes Game,Dice,Scrabble Scramble,0.75,Scrabble Express,0.75,Scrabble Got a Minute,0.667,Super Scrabble,0.5,Spill and Spell,0.5
101335,Scrabble DASH,Card Game,Scrabble Slam!,0.8,Scrabble Slam! (2-6p),0.75,Scrabble Cards,0.75,Scrabble Flash,0.6,Scrabble Apple,0.6
15090,Scrabble Dice,Dice,Scrabble Express,0.667,Scrabble Scramble,0.667,Boggle,0.625,Scrabble Sentence Cube Game,0.5,Spill and Spell,0.5
331790,Scrabble Duplicate,Word Game,Scrabble Trap Tiles,0.5,Scrabble Pocket Puzzle,0.5,Scrabble Coasters,0.5,Twister Scrabble,0.333,Scrabble Overturn,0.333
2813,Scrabble Duplicate Crossword Game,Party Game,Party Scrabble,0.6,Monty Plays Scrabble,0.5,Scattergories,0.429,Scrabble Got a Minute,0.4,Scrabblers Roll & Write,0.375
31935,Scrabble Express,Dice,Scrabble Scramble,1.0,Scrabble Crossword Cubes Game,0.75,Scrabble Sentence Cube Game,0.75,Scrabble Dice,0.667,Scrabble and Yahtzee,0.667
67631,Scrabble Flash,Electronic,Scrabble Apple,0.6,Scrabble DASH,0.6,Scrabble Alphabet Scoop,0.6,Monty Plays Scrabble,0.6,Scrabble Slam!,0.5
419465,Scrabble Flip,Word Game,Scrabble Got a Minute,0.5,Star Wars: Scrabble,0.4,Super Scrabble,0.4,Scrabble Crossword Cubes Game,0.4,Scrabble Valentine's Day,0.4
412105,Scrabble Frenzy,Word Game,Pronto,0.75,Scrabble Up,0.667,Scrabble Got a Minute,0.667,Scrabble Slam!,0.6,Spill and Spell,0.5
32489,Scrabble Golf Edition,Word Game,Super Scrabble,1.0,Scrabble Trickster,1.0,Scrabble Valentine's Day,1.0,Ipswich,1.0,Scrabble Me,1.0
11833,Scrabble Got a Minute,Word Game,Super Scrabble,0.667,Star Wars: Scrabble,0.667,Scrabble Valentine's Day,0.667,Stack Spell,0.667,Scrabble Trickster,0.667
31015,Scrabble Head to Head,Word Game,Stack Spell,1.0,Scrabble Got a Minute,0.667,Star Wars: Scrabble,0.5,Super Scrabble,0.5,Scrabble Valentine's Day,0.5
179194,Scrabble Interactivo,Electronic,Scrabble Sensor,0.667,Party Scrabble,0.5,Scrabble Twist,0.5,Scrabble Turbo Slam,0.5,UNO Reflex,0.4
4114,Ipswich,Word Game,Super Scrabble,1.0,Scrabble: The National Parks Edition,1.0,Scrabble: Cooking Edition,1.0,Scrabble Trickster,1.0,Scrabble: Holiday Edition,1.0
2318,Scrabble Junior,Children's Game,Scrabble Valentine's Day,0.75,Scrabble Sentence Game for Juniors,0.75,Scrabble Trickster,0.75,Scrabble Golf Edition,0.75,Scrabble Brand Turntiles,0.75
31426,Scrabble Junior Madeline,Children's Game,My First Scrabble,0.714,Sunshine Cheez-It Scrabble Junior,0.667,Super Scrabble,0.5,Lewis Carroll's Chess Wordgame,0.5,Sesame Street Scrabble,0.5
103410,Scrabble Junior: Charlotte's Web,Animals,My First Scrabble,0.5,Sesame Street Scrabble,0.5,Disney Scrabble,0.444,Arthur Goes to the Library,0.4,Star Trek Scrabble,0.4
34658,Scrabble Junior: Dora the Explorer Edition,Children's Game,Sesame Street Scrabble,0.625,My First Scrabble,0.625,Disney Scrabble,0.571,Scrabble The Shrek Edition,0.5,Star Trek Scrabble,0.5
136560,Scrabble Junior: Pinkalicious,Children's Game,Scrabble Brand Turntiles,0.6,Super Scrabble,0.6,Scrabble Valentine's Day,0.6,Scrabble Sentence Game for Juniors,0.6,Scrabble Me,0.6
26030,Scrabble Junior: The Disney Edition,Children's Game,Sesame Street Scrabble,0.625,My First Scrabble,0.625,Disney Scrabble,0.571,Scrabble The Shrek Edition,0.5,Star Trek Scrabble,0.5
24404,Scrabble Junior: Wildlife,Animals,My First Scrabble,0.714,Super Scrabble,0.5,Junior Scrabble Cards,0.5,Scrabble Golf Edition,0.5,Sesame Street Scrabble,0.5
36298,Scrabble Keychain,Word Game,Aussie Scrabble,1.0,Braille Scrabble,1.0,Scrabble Book Lovers,1.0,Kiwi Scrabble,1.0,Scrabble NHL Edition,0.8
34065,Scrabble Me,Word Game,Super Scrabble,1.0,Scrabble Trickster,1.0,Scrabble Valentine's Day,1.0,Scrabble Golf Edition,1.0,Ipswich,1.0
185441,Scrabble NHL Edition,Sports,Braille Scrabble,0.8,Aussie Scrabble,0.8,Kiwi Scrabble,0.8,Scrabble Book Lovers,0.8,Scrabble Keychain,0.8
6865,Scrabble Overturn,Word Game,Kham Khom,1.0,Scrabble Speed,1.0,Super Scrabble,0.667,Scrabble Valentine's Day,0.667,Scrabble Sentence Game for Juniors,0.667
22039,Scrabble People,Card Game,UNO: Burger King Edition,0.75,UNO: Barbie California Girl,0.75,UNO: Polly Pocket,0.75,Barbie: Go Shopping!,0.6,UNO: Barbie,0.6
68239,Scrabble People Letter-Matching Board Game,Children's Game,Monopoly Junior: Trek Alaska,0.6,Batman Gotham City In Danger!,0.6,Dino Dig: Risky Sites,0.5,Guard the Hive's Golden Treasure!,0.5,Armor of God,0.5
373833,Scrabble Plus Scrabble Junior,Word Game,Scrabble BINGO,0.857,Scrabble / Scrabble Together,0.714,Upwords,0.714,Scrabble Book Lovers,0.667,Scrabble Keychain,0.667
96760,Scrabble Pocket Puzzle,Word Game,Scrabble Trap Tiles,1.0,Scrabble Coasters,1.0,Scrabble Word Rummy,0.5,Kham Khom,0.5,Scrabble Speed,0.5
33573,Scrabble Poker,Card Game,Roots,0.75,UNO: With Customizable Wild Cards,0.5,UNO: New York City,0.5,UNO: Vacation,0.5,UNO: The National Parks Edition,0.5
423156,Scrabble Pokémon Edition,Children's Game,Scrabble / Scrabble Together,0.75,Upwords,0.556,Scrabble Plus Scrabble Junior,0.556,Sunshine Cheez-It Scrabble Junior,0.5,Braille Scrabble,0.5
4906,Pronto,Word Game,Scrabble Frenzy,0.75,Spill and Spell,0.667,Scrabble Express,0.6,Scrabble Scramble,0.6,Scrabble Slam!,0.5
3440,Quip Qubes,Dice,Kham Khom,0.667,Scrabble: Chocolate Edition,0.667,Scrabble Overturn,0.667,Scrabble Speed,0.667,Scrabble: The National Parks Edition,0.5
8088,Scrabble Rebus,Educational,Sesame Street Scrabble,0.667,Kham Khom,0.5,Scrabble Speed,0.5,Scrabble Overturn,0.5,Azuleo,0.5
6287,RPM,Action / Dexterity,Twister Scrabble,0.667,Kham Khom,0.667,Scrabble Speed,0.667,Scrabble: Chocolate Edition,0.667,Scrabble Overturn,0.667
2381,Scattergories,Party Game,Boggle,0.5,Scrabble Duplicate Crossword Game,0.429,Scrabble Dice,0.375,Spill and Spell,0.375,Scrabblers Roll & Write,0.375
7572,Scrabble Scoring Anagrams,Abstract Strategy,Scrabble Got a Minute,0.667,Scrabble Trickster,0.5,Stack Spell,0.5,Scrabble Frenzy,0.5,Letter Chess,0.5
24927,Scrabble Scramble,Dice,Scrabble Express,1.0,Scrabble Crossword Cubes Game,0.75,Scrabble Sentence Cube Game,0.75,Scrabble and Yahtzee,0.667,Spill and Spell,0.667
327182,Scrabble Sensor,Electronic,Scrabble Twist,0.667,Scrabble Turbo Slam,0.667,Scrabble Interactivo,0.667,Scrabble Trap Tiles,0.5,Scrabble Flash,0.5
2356,Scrabble Sentence Cube Game,Dice,Scrabble Scramble,0.75,The Risk Factor,0.75,Scrabble Express,0.75,Happy Double: No Risk No Run!,0.667,Risky,0.667
18268,Scrabble Sentence Game for Juniors,Children's Game,Scrabble Junior,0.75,Sunshine Cheez-It Scrabble Junior,0.75,Scrabble Overturn,0.667,Scrabble Speed,0.667,Kham Khom,0.667
40508,Scrabble Slam!,Card Game,Scrabble DASH,0.8,Scrabble Frenzy,0.6,Scrabble Cards,0.6,Pronto,0.5,Scrabble Alphabet Scoop,0.5
166239,Scrabble Slam! (2-6p),Card Game,Scrabble DASH,0.75,Scrabble Word Rummy,0.667,Scrabble Word Play Poker,0.667,Scrabble Cards,0.5,Roots,0.5
435066,Scrabble Slots,Word Game,Scrabble Speed,0.4,Scrabble Overturn,0.4,Kham Khom,0.4,Scrabble and Yahtzee,0.375,Scrabble Me,0.333
256711,Scrabble Speed,Word Game,Kham Khom,1.0,Scrabble Overturn,1.0,Super Scrabble,0.667,Scrabble Sentence Game for Juniors,0.667,Scrabble Valentine's Day,0.667
88460,Scrabble Switch-Up,Card Game,Scrabble Sentence Game for Juniors,0.5,Scrabble Junior,0.429,Sunshine Cheez-It Scrabble Junior,0.429,My First Carcassonne,0.375,Scrabble Junior: Pinkalicious,0.375
35018,Scrabble The Shrek Edition,Children's Game,Scrabble Sentence Game for Juniors,0.6,Sesame Street Scrabble,0.571,Scrabble Junior: Dora the Explorer Edition,0.5,Disney Scrabble,0.5,Monopoly Junior: Sofia the first,0.5
260505,Stack Spell,Word Game,Scrabble Head to Head,1.0,Scrabble Got a Minute,0.667,Star Wars: Scrabble,0.5,Super Scrabble,0.5,Scrabble: Cooking Edition,0.5
375772,Scrabble Trap Tiles,Word Game,Scrabble Pocket Puzzle,1.0,Scrabble Coasters,1.0,Scrabble Word Rummy,0.5,Kham Khom,0.5,Scrabble Speed,0.5
69721,Scrabble Trickster,Word Game,Super Scrabble,1.0,Scrabble Valentine's Day,1.0,Scrabble Golf Edition,1.0,Scrabble Me,1.0,Ipswich,1.0
104766,Scrabble Turbo Slam,Card Game,Scrabble Word Rummy,0.667,Scrabble Word Play Poker,0.667,Scrabble Sensor,0.667,Scrabble Twist,0.5,Scrabble Cards,0.5
233595,Scrabble Twist,Electronic,Scrabble Sensor,0.667,Scrabble Turbo Slam,0.5,Scrabble Interactivo,0.5,UNO Blitzo,0.5,Scrabble Flash,0.4
151603,Scrabble Twists & Turns,Party Game,Scrabble Book Lovers,0.6,Scrabble Keychain,0.6,Kiwi Scrabble,0.6,Braille Scrabble,0.6,Aussie Scrabble,0.6
4064,Scrabble Up,Word Game,Scrabble Frenzy,0.667,Scrabble Trap Tiles,0.5,Scrabble Pocket Puzzle,0.5,Pronto,0.5,Scrabble Coasters,0.5
13219,Scrabble Upper Hand,Word Game,Kham Khom,0.667,Scrabble Overturn,0.667,Scrabble Speed,0.667,Super Scrabble,0.5,SCRxBBLE: Print and Play Words Games using Scrabble Tiles,0.5
1515,Upwords,Word Game,Scrabble Plus Scrabble Junior,0.714,Scrabble: National Parks Special Edition,0.714,Scrabble,0.714,Scrabble / Scrabble Together,0.714,Aussie Scrabble,0.667
41356,Scrabble Valentine's Day,Word Game,Super Scrabble,1.0,Scrabble Trickster,1.0,Scrabble Golf Edition,1.0,Scrabble Me,1.0,Ipswich,1.0
42094,Scrabble Word Play Poker,Card Game,Scrabble Word Rummy,1.0,Scrabble Turbo Slam,0.667,Scrabble Slam! (2-6p),0.667,Roots,0.667,Scrabble Cards,0.667
2959,Scrabble Word Rummy,Card Game,Scrabble Word Play Poker,1.0,Scrabble Slam! (2-6p),0.667,Roots,0.667,Scrabble Turbo Slam,0.667,Scrabble Cards,0.667
19571,The Sudoku Game,Educational,Integer Chess,0.333,Scrabble Rebus,0.25,UNO Dice Game,0.25,Patchwork Doodle,0.25,Hive Alive,0.25
40105,Scrabble: 2007 Boston Red Sox Worlds Series Championship Edition,Sports,Kham Khom,0.667,Dixit: The Dictionary Game,0.5,SCRxBBLE: Print and Play Words Games using Scrabble Tiles,0.5,RPM,0.5,Quip Qubes,0.5
135661,Scrabble: Bible Edition,Religious,Kham Khom,0.5,Upwords,0.429,RPM,0.4,Ipswich,0.4,Quip Qubes,0.4
37401,Scrabble: Chocolate Edition,Word Game,Kham Khom,1.0,SCRxBBLE: Print and Play Words Games using Scrabble Tiles,0.667,Quip Qubes,0.667,Ipswich,0.667,RPM,0.667
114216,Scrabble: Cooking Edition,Word Game,Ipswich,1.0,Kham Khom,0.667,Upwords,0.5,RPM,0.5,Quip Qubes,0.5
102472,Scrabble: Diary of a Wimpy Kid,Novel-based,Lewis Carroll's Chess Wordgame,0.75,Kham Khom,0.5,Upwords,0.429,Dixit: The Dictionary Game,0.4,SCRxBBLE: Print and Play Words Games using Scrabble Tiles,0.4
153517,Scrabble: Disney Theme Park Edition,Word Game,Ipswich,0.75,Upwords,0.667,Kham Khom,0.5,Lewis Carroll's Chess Wordgame,0.4,Quip Qubes,0.4
333956,Scrabble: Disney Vacation Club,Educational,Kham Khom,0.5,Roots: A Game of Inventing Words,0.444,Rootword,0.429,Upwords,0.429,Ipswich,0.4
401946,Scrabble: Dr. Seuss,Children's Game,Upwords,0.556,Lewis Carroll's Chess Wordgame,0.375,Ipswich,0.375,Anagrams,0.375,UNO: Magic Treehouse,0.333
114217,Scrabble: Gardening Edition,Word Game,Ipswich,1.0,Kham Khom,0.667,Upwords,0.5,RPM,0.5,Quip Qubes,0.5
272578,Scrabble: Harry Potter,Fantasy,Harry Potter Unofficial Magic Duel Card Game,0.444,UNO: Harry Potter,0.444,Star Wars: Scrabble,0.429,Monopoly Deal Wizarding World/Harry Potter Card Game,0.4,UNO: The Wizard of Oz,0.375
217959,Scrabble: Harry Potter Edition,Fantasy,Harry Potter Unofficial Magic Duel Card Game,0.444,UNO: Harry Potter,0.444,Upwords,0.444,Star Wars: Scrabble,0.429,Lewis Carroll's Chess Wordgame,0.429
114218,Scrabble: Holiday Edition,Word Game,Ipswich,1.0,Kham Khom,0.667,Upwords,0.5,Stack Spell,0.5,RPM,0.5
130207,Scrabble: Limited Too – Collector's Edition,Word Game,Ipswich,0.75,Upwords,0.667,Kham Khom,0.5,Lewis Carroll's Chess Wordgame,0.4,Quip Qubes,0.4
72684,Scrabble: Major League Baseball Edition,Sports,Kham Khom,0.667,Lewis Carroll's Chess Wordgame,0.5,SCRxBBLE: Print and Play Words Games using Scrabble Tiles,0.5,Dixit: The Dictionary Game,0.5,RPM,0.5
283248,Scrabble: Milk Chocolate Edition,Word Game,Kham Khom,0.667,RPM,0.5,Quip Qubes,0.5,Ipswich,0.5,Roots,0.5
419112,Scrabble: National Parks Special Edition,Word Game,Upwords,0.714,Ipswich,0.5,Qwirkle,0.375,Qwirkle Flex,0.375,Kham Khom,0.333
32730,Scrabble: Pirates of the Caribbean Edition,Movies / TV / Radio theme,Kham Khom,0.667,Dixit: The Dictionary Game,0.5,Star Wars: Scrabble,0.5,SCRxBBLE: Print and Play Words Games using Scrabble Tiles,0.5,Quip Qubes,0.5
21755,Scrabble: Simpsons Edition,Movies / TV / Radio theme,Ipswich,0.6,Star Wars: Scrabble,0.6,Upwords,0.571,Kham Khom,0.4,UNO: Eragon,0.333
448322,Scrabble: Texas Spell ‘Em,Dice,Spill and Spell,0.364,Boggle,0.333,Battle Goomis,0.333,"Family Game Night Book and Game Set: Scrabble, Clue, Sorry, Yahtzee",0.308,Risk & Reward,0.3
141904,Scrabble: The Beatles Edition,Music,Ipswich,0.6,Upwords,0.571,Kham Khom,0.4,Star Wars: Scrabble,0.333,Turnspell,0.333
142040,Scrabble: The Hobbit – An Unexpected Journey Edition,Movies / TV / Radio theme,Upwords,0.5,Ipswich,0.5,Star Wars: Scrabble,0.5,Lewis Carroll's Chess Wordgame,0.5,UNO: The Wizard of Oz,0.429
59070,Scrabble: The National Parks Edition,Word Game,Ipswich,1.0,Kham Khom,0.667,Upwords,0.5,SCRxBBLE: Print and Play Words Games using Scrabble Tiles,0.5,RPM,0.5
39585,Scrabble: The Presidential Edition,Political,Ipswich,0.75,Kham Khom,0.5,Upwords,0.429,Turnspell,0.4,Quip Qubes,0.4
35246,Scrabble: The Simpsons Edition,Movies / TV / Radio theme,Kham Khom,0.667,Dixit: The Dictionary Game,0.5,Star Wars: Scrabble,0.5,SCRxBBLE: Print and Play Words Games using Scrabble Tiles,0.5,Quip Qubes,0.5
58153,Scrabble: Tim Burton's The Nightmare Before Christmas Edition,Movies / TV / Radio theme,Star Wars: Scrabble,0.5,Ipswich,0.5,Upwords,0.5,Doctor Who: Nemesis,0.375,Kham Khom,0.333
287470,Scrabblers,Game System,Scrabble Got a Minute,0.5,Scrabble and Yahtzee,0.429,Stack Spell,0.4,Scrabble Me,0.4,Scrabble Brand Turntiles,0.4
287469,Scrabblers Roll & Write,Print & Play,Scrabble Dice,0.5,Scrabble and Yahtzee,0.5,Boggle,0.444,7 Dice Wonders,0.444,Monty Plays Scrabble,0.429
437342,SCRxBBLE: Print and Play Words Games using Scrabble Tiles,Print & Play,Kham Khom,0.667,Scrabble: Chocolate Edition,0.667,Scrabble Speed,0.667,Scrabble Overturn,0.667,Scrabble: The National Parks Edition,0.5
30609,Sesame Street Scrabble,Children's Game,Scrabble Rebus,0.667,Scrabble Junior: Dora the Explorer Edition,0.625,Scrabble Junior: The Disney Edition,0.625,Scrabble The Shrek Edition,0.571,Scrabble Junior Madeline,0.5
42778,Star Trek Scrabble,Movies / TV / Radio theme,Disney Scrabble,0.8,Super Scrabble,0.6,Star Wars: Scrabble,0.6,Scrabble Valentine's Day,0.6,Scrabble Trickster,0.6
353598,Star Wars: Scrabble,Movies / TV / Radio theme,Disney Scrabble,0.75,Scrabble Got a Minute,0.667,Star Trek Scrabble,0.6,Scrabble: Simpsons Edition,0.6,Scrabble: The Hobbit – An Unexpected Journey Edition,0.5
53392,Sunshine Cheez-It Scrabble Junior,Children's Game,Scrabble Valentine's Day,0.75,Scrabble Sentence Game for Juniors,0.75,Scrabble Crossword / Dominoes,0.75,Scrabble Me,0.75,Scrabble Golf Edition,0.75
11182,Super Scrabble,Word Game,Scrabble Trickster,1.0,Scrabble Valentine's Day,1.0,Scrabble Golf Edition,1.0,Scrabble Me,1.0,Ipswich,1.0
39681,Kham Khom,Word Game,Scrabble Speed,1.0,Scrabble: Chocolate Edition,1.0,Scrabble Overturn,1.0,Super Scrabble,0.667,Scrabble: The Simpsons Edition,0.667
6801,TV Scrabble,Movies / TV / Radio theme,Star Wars: Scrabble,0.4,WaveLength,0.333,5 Gold Rings Card Game,0.333,Jenga: Transformers – Rise of the Fallen,0.333,Disney Scrabble,0.333
237073,Twin Play Classics: Monopoly and Scrabble,Deduction,Monopoly: Bad Homburg,0.5,Monopoly: Baden-Baden,0.5,Monopoly: Baden-Württemberg,0.5,Monopoly: Bailiwick of Guernsey,0.5,Monopoly: Baku City,0.5
300447,Twister Scrabble,Action / Dexterity,RPM,0.667,Jenga: Holiday Edition,0.5,Jenga Gold,0.5,Jenga Halloween Edition,0.5,Scrabble Trap Tiles,0.5
57219,3D Risk,Abstract Strategy,Maya Chess,1.0,Men Row Chess,1.0,Sea Chess,0.667,Chess-kers,0.5,Imperial Chess,0.5
218814,7s 11s: A Fast Paced Dice Game of Chance & Risk Taking,Dice,Risky Dice,1.0,High Risk,1.0,The Risk Factor,0.75,Carcassonne: The Dice Game,0.75,Risk 'n' Roll 2000,0.75
72349,Alien: Invasion Risk,Print & Play,Rescue from the Hive,0.389,Risk: Halo Legendary Edition,0.312,Risk: Star Wars – Clone Wars Edition,0.312,Risk,0.3,Risk: Marvel Cinematic Universe,0.294
2557,Castle Risk,Napoleonic,Risk (Revised Edition),0.545,Risk G.I. JOE: Special Missions,0.5,Risk  Transformers: The Decepticon Invasion of Earth,0.462,Risk II (fan adaptation of Risk),0.455,Risk 2210 A.D.,0.385
269887,Dino Dig: Risky Sites,Children's Game,Splendor Kids,1.0,Baby Shark Let's Go Hunt Game,0.667,Batman Gotham City In Danger!,0.5,The Ants Go Marching,0.5,Scrabble People Letter-Matching Board Game,0.5
262838,Disney Pixar Cars 3: Risky Raceway Game,Children's Game,Monopoly Junior: Disney Pixar Cars 3 Edition,1.0,Batman: The Chase Through Gotham City,0.6,Monopoly Junior: Sofia the first,0.6,Monopoly Junior Game: Disney/Pixar Incredibles 2 Edition,0.6,Bugs Bunny's: Who's Got The Carrot Game,0.6
36745,Simply Ingenious,Abstract Strategy,Egg Chess,0.5,Hex Hive: Syzygy,0.4,Monopoly Chance,0.4,Monopoly Get Out of Jail Mini Game,0.4,Hex Hive: Buzzerker,0.333
340596,Escape Box: Risk,Card Game,EXIT: The Game – The Forgotten Island,0.667,EXIT: The Game – Kidnapped in Fortune City,0.667,Unlock!: Game Adventures – Mysterium,0.5,Unlock!: Risky Adventures,0.444,Hivemind,0.429
462984,Happy Double: No Risk No Run!,Dice,Risky,1.0,Risky Dice,0.667,High Risk,0.667,Monopoly Junior: Kung Fu Panda 3,0.667,UNO Dice,0.667
264452,High Risk,Dice,Risky Dice,1.0,7s 11s: A Fast Paced Dice Game of Chance & Risk Taking,1.0,The Risk Factor,0.75,Carcassonne: The Dice Game,0.75,Risk 'n' Roll 2000,0.75
11907,High Risk!,Economic,Anti-Monopoly: Luxus-Edition,0.222,Monopoly Junior: Bakugan Battle Brawlers,0.222,Batman: Gotham City Strategy Game,0.2,Liberia: Descent Into Hell – The Liberian Civil War 1989-1996,0.2,Rex: Final Days of an Empire,0.188
408281,Hit Send: The High Risk Game of Text Roulette,Mature / Adult,As Good As It Gets,0.5,Beer Goggles Game,0.429,Black Sheep Gone Wild,0.375,Purple Ronnie's Risks and Rhymes,0.333,Dixit: Disney Edition,0.286
452637,I'm Gonna Risk It,Number,Jenga: Tetris,0.333,Blackjack Golf,0.286,Stella: Dixit Universe,0.25,Codenames: Singapore Edition,0.25,The Bee-Hive of Fun,0.25
357701,Kellia: The Risk of the Desert,Environmental,Fall of Rome,0.308,Bantam West (2nd Edition): Graves of Gold,0.286,Prelude to Revolution: Russia's Descent into Anarchy 1905 - 1917,0.273,Mortals: Descent of the Gods,0.25,Bee Good,0.231
36389,Live Action Risk (Lark),Dice,Cathedr'l: Fantasy Role Playing Chess,0.286,Scattergories,0.273,Activity: Gold Edition,0.25,Sexopoly,0.25,Spill and Spell,0.25
22254,Narnia Risk Junior,Adventure,War of the Ring Collector's Edition,0.6,War of the Ring,0.562,Risk G.I. JOE: Special Missions,0.417,War of the Ring: Second Edition,0.4,Risk  Transformers: The Decepticon Invasion of Earth,0.4
470352,"No Risk, No Tower!",Animals,Boo to the Goose,0.429,By Golly!,0.375,Go Fish,0.375,Hanabi & Ikebana,0.333,Old Maid,0.333
464760,Project Risk,Deduction,Monopoly & Clue: Deluxe Vintage 2-in-1 Game Collection,0.375,Monopoly: Baltimore Edition,0.375,Monopoly Junior: Dragons,0.333,Detetive Júnior Turma da Mônica,0.333,Hometown Monopoly: Bloomington,0.3
27017,Purple Ronnie's Risks and Rhymes,Humor,The Root Beer Float Challenge,0.5,Sexopoly,0.429,Time's Up! Edición Azul,0.375,Black Sheep Gone Wild,0.375,Shot in the Dark: The Ultimate Unorthodox Quiz Game,0.333
69195,På egen risk,Economic,Monopoly Canadian Tire,1.0,Das UNO Spiel,1.0,Monopoly: Berăria H,1.0,Monopoly Travel World Tour,1.0,Monopoly Party,1.0
436457,Raise the Risk,Card Game,Giog,1.0,Beim Jupiter: Göttliche Sticheleien,1.0,Rage,0.667,UNO Hearts,0.667,Euchre,0.667
3238,Rally: Risk and Evaluation on All Roads in the Worlds,Racing,Ace in the Chains: A Disc Golf Game,0.429,Auto-Go,0.4,Il gioco della Formula Uno,0.4,Campionato Mondiale Formula Uno,0.4,1500 Gold,0.333
60018,Regimental Risk,Napoleonic,1813: Napoleon's Nemesis,0.5,Vikings Risk: The Conquest of Europe,0.333,Bug Wars: Insect Armies Battle for Hive Domination on an 'Eat or be Eaten' world,0.333,Dominion of Napoleon Bonaparte: Fight Battles of the Napoleonic Wars – Solo Game,0.286,The Battle of Changde: Operation Yo Go,0.25
181,Risk,Territory Building,Over the Trenches,0.417,Root: Jeu de base + La Rivière,0.381,Root,0.364,War of the Ring Collector's Edition,0.353,War of the Ring: Second Edition,0.35
2331,Spill and Spell,Dice,Scrabble Express,0.667,Scrabble Scramble,0.667,Pronto,0.667,Scrabble Frenzy,0.5,Scrabble Sentence Cube Game,0.5
170408,Risk  Transformers: The Decepticon Invasion of Earth,Movies / TV / Radio theme,Risk (Revised Edition),0.6,Risk G.I. JOE: Special Missions,0.556,Risk 2210 A.D.,0.545,Risk II (fan adaptation of Risk),0.5,Castle Risk,0.462
154432,Risk & Castle Risk,Territory Building,Risk G.I. JOE: Special Missions,0.4,Batman: Perigo em Gotham,0.333,APBA Professional Golf,0.333,Roots and Shoots,0.333,Risky Business,0.333
361719,Risk & Reward,Children's Game,UNO Dice,0.75,Popit Chess,0.6,Monopoly Junior: Shopkins,0.6,Risk 'n' Roll 2000,0.6,"Frühling, Sommer, Herbst und Winter",0.6
1963,Risk 'n' Roll 2000,Dice,Risky Dice,0.75,High Risk,0.75,7s 11s: A Fast Paced Dice Game of Chance & Risk Taking,0.75,Carcassonne: The Dice Game,0.6,The Risk Factor,0.6
37198,Risk (Revised Edition),Territory Building,Risk II (fan adaptation of Risk),0.857,Risk G.I. JOE: Special Missions,0.714,Over the Trenches,0.625,Risk  Transformers: The Decepticon Invasion of Earth,0.6,Castle Risk,0.545
1829,Risk 2210 A.D.,Science Fiction,Risk G.I. JOE: Special Missions,0.625,Risk II (fan adaptation of Risk),0.556,Risk  Transformers: The Decepticon Invasion of Earth,0.545,Risk (Revised Edition),0.5,Risk Legacy,0.455
476757,A Risk Cat,Card Game,Monopoly Deal: No Mercy,0.429,Monopoly Card Games: Free Parking and Water Works,0.429,Monopoly Deal Card Game,0.429,Monopoly Deal Pocket,0.429,UNO Marvel Captain Marvel,0.4
28086,Age of War,Ancient,Risk It All,0.312,Monopoly Express,0.308,Risk II (fan adaptation of Risk),0.286,Risky Adventure,0.286,The Castles of Burgundy: Special Edition,0.278
154540,The Risk Factor,Dice,Risky Dice,0.75,Scrabble Sentence Cube Game,0.75,7s 11s: A Fast Paced Dice Game of Chance & Risk Taking,0.75,High Risk,0.75,Risk 'n' Roll 2000,0.6
449412,Risk G.I. JOE: Special Missions,Territory Building,Risk II (fan adaptation of Risk),0.833,Risk (Revised Edition),0.714,Risk 2210 A.D.,0.625,Over the Trenches,0.571,Risk  Transformers: The Decepticon Invasion of Earth,0.556
129485,Risk Hors Série,Ancient,Vikings Risk: The Conquest of Europe,0.333,Risk (Revised Edition),0.3,Risiko!: Batman – La Caduta Di Gotham City,0.3,"Agricola: Roman Campaign in Britain, AD 82-84",0.286,Castle Chess,0.286
101782,Risk II (fan adaptation of Risk),Territory Building,Risk (Revised Edition),0.857,Risk G.I. JOE: Special Missions,0.833,Over the Trenches,0.714,Risk 2210 A.D.,0.556,Risk  Transformers: The Decepticon Invasion of Earth,0.5
468787,Risk It All,Card Game,Monopoly Deal Wizarding World/Harry Potter Card Game,0.333,Battle Goomis,0.333,Age of War,0.312,Dragon Dice game,0.3,UNO Harry Potter Fandom Dark Arts,0.3
466154,Risk It For A Biscuit,Card Game,Riskit,0.667,Monopoly Card Games: Free Parking and Water Works,0.6,UNO: Burger King Edition,0.5,UNO: Barbie California Girl,0.5,UNO: Polly Pocket,0.5
295484,Risk Junior,Children's Game,Catan: Junior,0.571,Catan Junior,0.429,UNO Dice,0.333,Blood & Gold: Naval Warfare During The Age of Piracy,0.333,Memory Chess,0.333
105134,Risk Legacy,Science Fiction,Risk 2210 A.D.,0.455,Risk  Transformers: The Decepticon Invasion of Earth,0.417,NI-SHI-KI: The Sliding Samurai Card Chess,0.364,Risk (Revised Edition),0.364,Dominion At Dawn,0.333
450574,Risk of Rain: The Board Game,Adventure,Slay the Spire: The Board Game,0.353,Alpha Team Mechanized Battle Force Go!,0.308,Hive Mind,0.308,Side Quest: Nemesis,0.286,Codenames: Critical Role Adventures,0.286
394144,Risk Strike,Card Game,Catan Dice Game Deluxe Edition,0.6,Monopoly Express,0.5,Happy Double: No Risk No Run!,0.5,Risky,0.5,Agricola Express,0.5
451359,Risk the Abyss,Dice,Battle of Gods,0.3,Age of War,0.263,Pandemic: The Cure,0.25,Arena: For the Gods!,0.235,Monopoly Express,0.214
456612,Risk-O-Disk,,The Aussie Gold Rush Game,0.5,Chess Race,0.333,Das UNO Spiel,0.333,Riskit,0.333,Monopoly Junior: Party,0.333
23010,Risk: 40th Anniversary Collector's Edition,Territory Building,Over the Trenches,0.625,War of the Ring Collector's Edition,0.357,War of the Rings,0.333,War of the Ring,0.333,Alaric the Goth: Fall of the Western Roman Empire,0.333
287083,Risk: Assassin's Creed,Territory Building,Over the Trenches,0.5,War of the Ring Collector's Edition,0.385,Alaric the Goth: Fall of the Western Roman Empire,0.375,War of the Ring,0.357,Liberia: Descent Into Hell – The Liberian Civil War 1989-1996,0.333
311263,Risk: Asterix – Collector's Edition,Ancient,Batman: Perigo em Gotham,0.5,Alaric the Goth: Fall of the Western Roman Empire,0.5,"Agricola: Roman Campaign in Britain, AD 82-84",0.4,Risiko!: Batman – La Caduta Di Gotham City,0.375,Attila: Scourge O'God,0.333
40251,Risk: Balance of Power,Modern Warfare,Over the Trenches,0.357,Root: Jeu de base + La Rivière,0.348,Root,0.333,War of the Ring: Second Edition,0.318,War of the Ring Collector's Edition,0.316
354505,Risiko!: Batman – La Caduta Di Gotham City,Abstract Strategy,Risk: Captain America – Civil War Edition,0.455,Risk: Star Wars – Clone Wars Edition,0.444,Risk: Marvel Cinematic Universe,0.4,Risk: Star Trek 50th Anniversary Edition,0.4,Risk: Game of Thrones,0.4
147523,Risk: Battlefield Rogue,Dice,War of the Ring Collector's Edition,0.429,Against All Odds: Battle for the Golan Heights,0.333,War of the Ring,0.312,Random Coping Chess,0.278,War of the Ring,0.273
34238,Risk: Black Ops,Modern Warfare,Over the Trenches,0.556,Liberia: Descent Into Hell – The Liberian Civil War 1989-1996,0.4,War of the Ring Collector's Edition,0.333,Against All Odds: Battle for the Golan Heights,0.333,War of the Ring,0.312
270087,Risk: Call of Duty Zombies,Dice,Altar of the Dead Gods,0.3,Over the Trenches,0.3,Happy Double: No Risk No Run!,0.286,Risiko!: Batman – La Caduta Di Gotham City,0.273,War of the Ring Collector's Edition,0.267
194496,Risk: Captain America – Civil War Edition,Comic Book / Strip,Batman: Gotham City Strategy Game,0.5,Batman: The Animated Series – Gotham City Under Siege,0.462,Risiko!: Batman – La Caduta Di Gotham City,0.455,Batman Miniature Game (Third Edition): Back to Gotham,0.444,War of the Ring Collector's Edition,0.4
344638,Risk: Deep Space,Children's Game,Over the Trenches,0.444,Monopoly Deal: Disney Stitch,0.4,Barbie: Go Shopping!,0.375,Dominion At Dawn,0.375,Ticket to Ride: First Journey (U.S.),0.333
426483,Risk: Dune,Movies / TV / Radio theme,Star Trek: Into The Unknown – Federation vs. Dominion Core Set,0.417,NI-SHI-KI: The Sliding Samurai Card Chess,0.364,Klin Zha,0.364,Dominion At Dawn,0.333,War of the Ring: The Game of Middle Earth,0.308
204184,Risk: Europe,Dice,Root,0.308,NI-SHI-KI: The Sliding Samurai Card Chess,0.294,War of the Ring Collector's Edition,0.286,Root: Jeu de base + La Rivière,0.269,Arcs,0.25
179719,Risk: Game of Thrones,Movies / TV / Radio theme,Over the Trenches,0.444,Risiko!: Batman – La Caduta Di Gotham City,0.4,War of the Ring Collector's Edition,0.357,War of the Rings,0.333,War of the Ring,0.333
10383,Risk: Godstorm,Mythology,War of the Ring Collector's Edition,0.429,Over the Trenches,0.4,War of the Ring,0.4,Random Coping Chess,0.353,War of the Ring: Second Edition,0.333
13764,Over the Trenches,Wargame,Risk II (fan adaptation of Risk),0.714,Risk (Revised Edition),0.625,Risk: 40th Anniversary Collector's Edition,0.625,Risk G.I. JOE: Special Missions,0.571,Risk: Black Ops,0.556
126789,Risk: Halo Legendary Edition,Science Fiction,Over the Trenches,0.5,Dominion At Dawn,0.429,Alaric the Goth: Fall of the Western Roman Empire,0.375,Rescue from the Hive,0.333,Iron & Brass,0.333
40638,Risk: Halo Wars Collector's Edition,Science Fiction,Over the Trenches,0.556,Arcs,0.353,Dominion At Dawn,0.333,War of the Ring Collector's Edition,0.333,War of the Ring,0.312
184337,Risk: Marvel Cinematic Universe,Movies / TV / Radio theme,Star Trek: Into The Unknown – Federation vs. Dominion Core Set,0.455,Over the Trenches,0.444,Risiko!: Batman – La Caduta Di Gotham City,0.4,NI-SHI-KI: The Sliding Samurai Card Chess,0.4,Arcs,0.375
150049,Risk: Mass Effect – Galaxy at War Edition,Dice,Dominion At Dawn,0.429,Over the Trenches,0.333,Happy Double: No Risk No Run!,0.333,Iron & Brass,0.333,Risiko!: Batman – La Caduta Di Gotham City,0.3
103469,Risk: Metal Gear Solid,Territory Building,Over the Trenches,0.556,War of the Ring Collector's Edition,0.333,War of the Ring,0.312,War of the Rings,0.308,Alaric the Goth: Fall of the Western Roman Empire,0.3
286125,Risk: Office Politics,Fighting,Maya Chess,0.25,Men Row Chess,0.25,El Grande & Carcassonne,0.25,Cola Wars,0.222,Carcassonne Limited Edition,0.2
388331,Risk: Peaky Blinders,Mafia,NI-SHI-KI: The Sliding Samurai Card Chess,0.364,Star Trek: Into The Unknown – Federation vs. Dominion Core Set,0.308,Alaric the Goth: Fall of the Western Roman Empire,0.3,ChessWar,0.273,Over the Trenches,0.273
148036,Risk: Plants vs. Zombies,Fighting,Chess & Balance,0.286,Konkvest,0.286,Deckmatch: The Unofficial Quake 3 Card Game,0.25,Batman: Gotham City Strategy Game,0.25,Duel of Meloch,0.222
318013,Risk: Processions et Marches folkloriques de l'Entre-Sambre-et-Meuse,Territory Building,Over the Trenches,0.5,War of the Ring Collector's Edition,0.385,Alaric the Goth: Fall of the Western Roman Empire,0.375,War of the Rings,0.364,War of the Ring,0.357
265948,Risk: Rick and Morty,Movies / TV / Radio theme,Doctor Who: Nemesis,0.429,Monopoly: Beast Wars Transformers,0.4,Star Trek: Into The Unknown – Federation vs. Dominion Core Set,0.4,Batman: Gotham City Strategy Game,0.375,Power Rangers: Heroes of the Grid,0.333
349769,Risk: Shadow Forces,Modern Warfare,Against All Odds: Battle for the Golan Heights,0.286,Commando Chess,0.25,ChessWar,0.222,Liberia: Descent Into Hell – The Liberian Civil War 1989-1996,0.222,Twilight Imperium,0.214
199882,Risk: Star Trek 50th Anniversary Edition,Adventure,Serenity: The Unofficial Board Game,0.455,Over the Trenches,0.444,Risiko!: Batman – La Caduta Di Gotham City,0.4,Dominion At Dawn,0.375,War of the Ring Collector's Edition,0.357
183880,Risk: Star Wars Edition,Movies / TV / Radio theme,Arcs,0.5,Doctor Who: Nemesis,0.4,War of the Ring Collector's Edition,0.4,War of the Ring: Second Edition,0.389,Star Trek: Into The Unknown – Federation vs. Dominion Core Set,0.385
15045,Risk: Star Wars – Clone Wars Edition,Movies / TV / Radio theme,Over the Trenches,0.5,Risiko!: Batman – La Caduta Di Gotham City,0.444,Dominion At Dawn,0.429,Alaric the Goth: Fall of the Western Roman Empire,0.375,Serenity: The Unofficial Board Game,0.364
22551,Risk: Star Wars – Original Trilogy Edition,Movies / TV / Radio theme,Star Trek: Into The Unknown – Federation vs. Dominion Core Set,0.417,Over the Trenches,0.4,ChessWar,0.4,Rescue from the Hive,0.385,NI-SHI-KI: The Sliding Samurai Card Chess,0.364
131261,Risk: StarCraft Collector's Edition,Science Fiction,Over the Trenches,0.4,Dominion At Dawn,0.333,War of the Ring Collector's Edition,0.333,War of the Ring,0.312,War of the Rings,0.308
429636,Risk: Stranger Things,Movies / TV / Radio theme,Monopoly: Beast Wars Transformers,0.5,5 Gold Rings,0.5,Blockbusters Gold Run Card Game,0.5,3-D Chess,0.333,Shuffle: Jurassic World Dominion,0.333
291741,Risk: The Battle for Medieval England,Wargame,Alaric the Goth: Fall of the Western Roman Empire,0.6,"Agricola: Roman Campaign in Britain, AD 82-84",0.5,Over the Trenches,0.5,NI-SHI-KI: The Sliding Samurai Card Chess,0.429,Attila: Scourge O'God,0.4
149296,Risk: The Dalek Invasion of Earth,Movies / TV / Radio theme,War of the Ring Collector's Edition,0.4,War of the Ring,0.375,Over the Trenches,0.364,Risiko!: Batman – La Caduta Di Gotham City,0.333,Arcs,0.333
275280,Risk: The Elder Scrolls V – Skyrim,Video Game Theme,Descent,0.4,Over the Trenches,0.286,Liberia: Descent Into Hell – The Liberian Civil War 1989-1996,0.286,The Assault on Goblintown,0.25,Maya Chess,0.25
4324,Risk: The Lord of the Rings,Adventure,War of the Ring Collector's Edition,0.692,War of the Ring,0.643,War of the Ring: Second Edition,0.444,Galaxy Zento: Chessmen,0.364,Over the Trenches,0.333
8107,Risk: The Lord of the Rings Trilogy Edition,Adventure,War of the Ring Collector's Edition,0.643,War of the Ring,0.6,War of the Ring: Second Edition,0.5,Galaxy Zento: Chessmen,0.333,War of the Ring,0.316
147568,Risk: The Walking Dead – Survival Edition,Horror,Over the Trenches,0.364,Risiko!: Batman – La Caduta Di Gotham City,0.333,War of the Ring Collector's Edition,0.312,War of the Ring,0.294,War of the Rings,0.286
27961,Risk: Transformers – Cybertron Battle Edition,Dice,War of the Ring Collector's Edition,0.5,Serenity: The Unofficial Board Game,0.385,War of the Ring,0.375,Over the Trenches,0.364,Monopoly Junior: Kung Fu Panda 3,0.333
307929,"Risk: Warhammer 40,000",Science Fiction,NI-SHI-KI: The Sliding Samurai Card Chess,0.444,Dominion At Dawn,0.429,Alaric the Goth: Fall of the Western Roman Empire,0.375,Star Trek: Into The Unknown – Federation vs. Dominion Core Set,0.364,ChessWar,0.333
1794,Risk: Édition Napoléon,Napoleonic,War of the Ring Collector's Edition,0.462,Over the Trenches,0.444,War of the Ring,0.429,1813: Napoleon's Nemesis,0.375,War of the Ring: Second Edition,0.353
2766,Jeopardy!,Animals,WaveLength,0.375,Risky Business,0.375,WaveLength,0.333,5 Gold Rings,0.286,Risky ITZI,0.286
12096,Riskier Was,Children's Game,5 Gold Rings,0.5,Blockbusters Gold Run Card Game,0.5,Sesame Street Scrabble,0.429,Riskland,0.4,Brainbox: On The Go Cornwall,0.4
455218,Riskit,Card Game,Risk It For A Biscuit,0.667,UNO: Jelly Belly Special Edition,0.5,UNO: Chicaco Cubs,0.5,Top Brass,0.5,UNO Power Grab,0.5
6651,Riskkapitalist,Economic,Inflatable Monopoly,0.75,Hamleys Monopoly,0.714,Monopoly: Stock Exchange,0.667,Chocolate Monopoly,0.625,Monopoly City,0.6
14061,Riskland,Educational,Neuron Nemesis,1.0,Chess more than a game!,0.5,Risky Business,0.4,Medical Monopoly,0.4,Riskier Was,0.4
34050,Risky,Dice,Happy Double: No Risk No Run!,1.0,Scrabble Sentence Cube Game,0.667,Monopoly Junior: Kung Fu Panda 3,0.667,7s 11s: A Fast Paced Dice Game of Chance & Risk Taking,0.667,UNO Dice,0.667
5259,Oh Snap!,Action / Dexterity,Magnetism Intelligence Strategy Game,0.667,Disney's Tarzan Jenga,0.5,Bee Hive Game,0.5,Billy Goat,0.5,Beppo der Bock,0.5
192349,Risky Adventure,Adventure,Monopoly Express,0.571,High Risk,0.5,7s 11s: A Fast Paced Dice Game of Chance & Risk Taking,0.5,Risky Dice,0.5,Carcassonne: The Dice Game,0.429
10833,Risky Business,Educational,Ani-gram-it To Go,0.5,Jenga: Chicago Cubs Collector's Edition,0.333,Integer Chess,0.333,APBA Professional Golf,0.333,Risk & Castle Risk,0.333
12431,Risky Business,Economic,Riskkapitalist,0.5,Black Gold,0.5,Hamleys Monopoly,0.444,Busine$$ GO,0.375,Risky Deals,0.375
41796,Risky Business,Educational,Risky ITZI,0.5,Neuron Nemesis,0.4,Riskland,0.4,Carrera de Mente,0.4,Jeopardy!,0.375
325349,Risky Chicken,Animals,Magical Athlete,0.3,Spiritual Dominion,0.278,Monopoly Express,0.25,Spill and Spell,0.235,Exploding Kittens: The Board Game,0.235
324317,Risky Deals,Economic,Busine$$ GO,0.5,Riskkapitalist,0.429,Monopoly Junior: Super Mario,0.4,Rollout: The Game of the Risk-Takers,0.4,Monopoly Junior: Shopkins,0.4
245635,Risky Dice,Dice,High Risk,1.0,7s 11s: A Fast Paced Dice Game of Chance & Risk Taking,1.0,The Risk Factor,0.75,Carcassonne: The Dice Game,0.75,Risk 'n' Roll 2000,0.75
367548,Risky ITZI,Party Game,Carrera de Mente,0.667,Risky Business,0.5,WaveLength,0.5,Big Orange: Good Luck,0.5,The Bee-Hive of Fun,0.5
368788,Risky Kittens,Animals,Wingspan Pocket,0.5,Anima: Twilight of the Gods,0.429,Anima: Beyond Good and Evil,0.429,Riskit,0.4,UNO Express,0.4
17077,Risky Mgax,Action / Dexterity,Dixit: Journey,0.455,Body Be Gone,0.444,Dixit Jinx,0.417,Dixit,0.417,Dixit Universe Access+,0.4
287228,Risky Mixes,Card Game,Monopoly Card Games: Free Parking and Water Works,0.4,Black Stories Junior: Golden Stories,0.364,Dixit: Demo Deck,0.364,Dixit Universe Access+,0.364,UNO: Monster High,0.364
93984,Sexopoly,Action / Dexterity,Activity: Gold Edition,0.5,Jenga Ultimate,0.5,Jenga: Transformers – Rise of the Fallen,0.429,UNO Stacko,0.429,Purple Ronnie's Risks and Rhymes,0.429
10111,Risky Roll,Puzzle,Behind Gold,0.4,Azuleo,0.25,Scrabble Twist,0.2,UNO Blitzo,0.2,"Button, Button, who's got Bear's Button?",0.2
2391,Risky Strategy,Dice,Monopoly of Three Kingdoms,0.5,Anti-Monopoly III: Washington-Moskau,0.4,Armchair Golf,0.4,The Battle for Gotham City,0.4,Zodiac,0.333
467067,Risky Whisky: A Poisonous Party Game,Bluffing,Exploding Kittens: Recipes for Disaster,0.333,Exploding Kittens: Good vs Evil,0.308,Exploding Kittens: 2-Player Edition,0.308,Exploding Kittens: Rage Mode,0.273,Black Stories: Bloody Cases Edition,0.25
1790,Rollout: The Game of the Risk-Takers,Economic,Busine$$ GO,0.4,Risky Deals,0.4,Inflatable Monopoly,0.375,Riskkapitalist,0.375,Monopoly Secret Vault,0.333
378073,Russian roulette: Risk.Be_Smart.Survive!,Card Game,Archer: Once You Go Blackmail...,0.333,Riskit,0.333,Stella: Dixit Universe,0.333,Exploding Kittens: Recipes for Disaster,0.3,Arkham Horror: Lovecraft Letter,0.3
425433,Unlock!: Risky Adventures,Deduction,EXIT: The Game – The Forgotten Island,0.571,EXIT: The Game – Kidnapped in Fortune City,0.571,Escape Box: Risk,0.444,The Arkham Asylum Files: Panic in Gotham City,0.385,Mysterium im Kloster,0.375
280100,Vikings Risk: The Conquest of Europe,Wargame,Risk G.I. JOE: Special Missions,0.4,Liberia: Descent Into Hell – The Liberian Civil War 1989-1996,0.333,Over the Trenches,0.333,Risk II (fan adaptation of Risk),0.333,Risk Hors Série,0.333
306925,World at Risk,Card Game,Qwirkle Cards,0.6,Hanabi: Festival,0.6,Monopoly Millionaire Deal Card Game,0.5,Barbie: Go Shopping!,0.5,The Armor of God,0.5
154657,Angry Birds: Star Wars – Jenga Bespin Battle Game,Action / Dexterity,Let's Go Fishin',0.429,Monopoly: Beast Wars Transformers,0.4,Star Trek: Alliance – Dominion War Campaign,0.333,Jenga: Godzilla – Extreme Edition,0.333,Jenga: Donkey Kong Collector's Edition,0.333
134255,Angry Birds: Star Wars – Jenga Death Star Game,Action / Dexterity,Let's Go Fishin',0.571,Bee Hive Game,0.5,Billy Goat,0.5,Bugs Bunny's: Who's Got The Carrot Game,0.429,Jenga: Disney Frozen,0.429
134254,Angry Birds: Star Wars – Jenga Hoth Battle Game,Action / Dexterity,Let's Go Fishin',0.571,Bee Hive Game,0.5,Billy Goat,0.5,Bugs Bunny's: Who's Got The Carrot Game,0.429,Jenga: Disney Frozen,0.429
152971,Angry Birds: Star Wars – Jenga Rise of Darth Vader Game,Action / Dexterity,Let's Go Fishin',0.571,Bee Hive Game,0.5,Billy Goat,0.5,Bugs Bunny's: Who's Got The Carrot Game,0.429,Jenga: Disney Frozen,0.429
134252,Angry Birds: Star Wars – Jenga Tatooine Battle Game,Action / Dexterity,Let's Go Fishin',0.571,Bee Hive Game,0.5,Billy Goat,0.5,Bugs Bunny's: Who's Got The Carrot Game,0.429,Jenga: Disney Frozen,0.429
152745,Angry Birds: Star Wars – Jenga TIE Fighter Game,Action / Dexterity,Let's Go Fishin',0.571,Bee Hive Game,0.5,Billy Goat,0.5,Bugs Bunny's: Who's Got The Carrot Game,0.429,Jenga: Disney Frozen,0.429
462315,Disney's Tarzan Jenga,Action / Dexterity,Jenga Mini,0.667,Throw 'n Go Jenga,0.5,Oh Snap!,0.5,UNO Stacko,0.429,Barn Buzzin' Goofy,0.375
2452,Jenga,Action / Dexterity,UNO Stacko,0.429,テーブル花火 (Table Hanabi),0.286,Britain's Got Talent The Electronic Board Game,0.286,Oh Snap!,0.286,UNO Tippo,0.25
144208,Jenga Blast,Action / Dexterity,Jenga Xtreme,1.0,Jenga Max,1.0,Jenga Pass Challenge,1.0,Jenga Girl Talk,1.0,Jenga Casino,1.0
136609,Jenga BOOM,Action / Dexterity,Jenga Halloween Edition,1.0,Jenga Gold,1.0,Brass Balls & Nerves of Steel,1.0,Jenga Ocean,0.5,Jenga Pass Challenge,0.5
15991,Jenga Casino,Action / Dexterity,Jenga Xtreme,1.0,Jenga Max,1.0,Jenga Pass Challenge,1.0,Jenga Girl Talk,1.0,Jenga Blast,1.0
34120,Jenga Cubes,Action / Dexterity,Jenga Halloween Edition,0.333,Jenga Gold,0.333,Jenga BOOM,0.333,Brass Balls & Nerves of Steel,0.333,Jenga Max,0.25
42417,Jenga Girl Talk,Action / Dexterity,Jenga Xtreme,1.0,Jenga Max,1.0,Jenga Pass Challenge,1.0,Jenga Casino,1.0,Jenga Blast,1.0
211002,Jenga Gold,Action / Dexterity,Jenga BOOM,1.0,Jenga Halloween Edition,1.0,Brass Balls & Nerves of Steel,1.0,Jenga Ocean,0.5,Jenga Pass Challenge,0.5
35078,Jenga Halloween Edition,Action / Dexterity,Jenga BOOM,1.0,Jenga Gold,1.0,Brass Balls & Nerves of Steel,1.0,Jenga Ocean,0.5,Jenga Pass Challenge,0.5
6643,Jenga Jokers,Action / Dexterity,UNO Tippo,0.75,UNO Flip,0.75,UNO: Limited Too It's A Girl's World,0.667,UNO: 30 Year Anniversary Edition,0.667,UNO: Texas,0.667
360740,Jenga Maker,Action / Dexterity,Monopoly Knockout,0.5,UNO Stacko,0.4,Jenga Mini,0.4,Jenga BOOM,0.333,Jenga Gold,0.333
43890,Jenga Max,Action / Dexterity,Jenga Xtreme,1.0,Jenga Pass Challenge,1.0,Jenga Girl Talk,1.0,Jenga Casino,1.0,Jenga Blast,1.0
295439,Jenga Mini,Action / Dexterity,Disney's Tarzan Jenga,0.667,UNO Stacko,0.6,Jenga Xtreme,0.5,Jenga Max,0.5,Jenga Pass Challenge,0.5
289475,Jenga Ocean,Action / Dexterity,Monopoly Knockout,0.667,Jenga Gold,0.5,Jenga Halloween Edition,0.5,Brass Balls & Nerves of Steel,0.5,Jenga BOOM,0.5
258447,Jenga Pass Challenge,Action / Dexterity,Jenga Xtreme,1.0,Jenga Max,1.0,Jenga Girl Talk,1.0,Jenga Casino,1.0,Jenga Blast,1.0
171087,Jenga Quake,Action / Dexterity,UNO Blitzo,0.5,UNO Flip,0.4,UNO Reflex,0.4,UNO Madness,0.4,Jenga BOOM,0.333
20810,Jenga Ultimate,Action / Dexterity,UNO Stacko,0.75,Jenga Pass Challenge,0.667,Jenga Xtreme,0.667,Jenga Max,0.667,Jenga Blast,0.667
8915,Jenga Xtreme,Action / Dexterity,Jenga Pass Challenge,1.0,Jenga Max,1.0,Jenga Girl Talk,1.0,Jenga Casino,1.0,Jenga Blast,1.0
463766,Jenga: Bob's Burgers,Action / Dexterity,UNO Stacko,0.5,テーブル花火 (Table Hanabi),0.333,Britain's Got Talent The Electronic Board Game,0.333,Oh Snap!,0.333,UNO Tippo,0.286
331365,Jenga: Book Lovers Edition,Action / Dexterity,UNO Stacko,0.5,Oh Snap!,0.333,テーブル花火 (Table Hanabi),0.333,UNO Reflex,0.286,UNO Tippo,0.286
40797,Jenga: Boston Red Sox Collector's Edition,Action / Dexterity,Arnold Palmer's Pro Shot Golf,1.0,Bumper Golf,1.0,Arnold Palmer's Table Golf,1.0,Bunker Golf,0.667,FS Chess Football: A Thinking Fan's Game,0.667
42573,Jenga: Chicago Bears Collector's Edition,Action / Dexterity,Arnold Palmer's Pro Shot Golf,1.0,Bumper Golf,1.0,Arnold Palmer's Table Golf,1.0,Bunker Golf,0.667,FS Chess Football: A Thinking Fan's Game,0.667
42236,Jenga: Chicago Cubs Collector's Edition,Sports,APBA Professional Golf,1.0,Auto-Go,0.667,ASG Golf,0.667,Ace Handicap Golf,0.667,Just One Die Soccer,0.667
49378,Jenga: Dallas Cowboys Collector's Edition,Action / Dexterity,Arnold Palmer's Pro Shot Golf,1.0,Bumper Golf,1.0,Arnold Palmer's Table Golf,1.0,Bunker Golf,0.667,FS Chess Football: A Thinking Fan's Game,0.667
245614,Jenga: Disney Frozen,Action / Dexterity,1-2-3 Go!,0.6,Magnetism Intelligence Strategy Game,0.5,Let's Go Fishin',0.5,Barn Buzzin' Goofy,0.5,Angry Birds: Star Wars – Jenga TIE Fighter Game,0.429
333959,Jenga: Disney Theme Park Edition – Hollywood Tower Hotel,Action / Dexterity,UNO Stacko,0.375,Brink: aim for the edge but don't go over!,0.286,Oh Snap!,0.25,RPM,0.25,テーブル花火 (Table Hanabi),0.25
37931,Jenga: Donkey Kong Collector's Edition,Action / Dexterity,テーブル花火 (Table Hanabi),0.5,UNO Reflex,0.4,UNO Stacko,0.4,UNO Tippo,0.4,Angry Birds: Star Wars – Jenga Bespin Battle Game,0.333
292569,Jenga: Fortnite,Action / Dexterity,Magnetism Intelligence Strategy Game,0.5,Angry Birds: Star Wars – Jenga Tatooine Battle Game,0.429,Angry Birds: Star Wars – Jenga Hoth Battle Game,0.429,Angry Birds: Star Wars – Jenga TIE Fighter Game,0.429,Angry Birds: Star Wars – Jenga Death Star Game,0.429
331498,Jenga: Godzilla – Extreme Edition,Action / Dexterity,UNO Stacko,0.4,Risk: Stranger Things,0.333,Let's Go Fishin',0.333,Angry Birds: Star Wars – Jenga Bespin Battle Game,0.333,Brass Balls & Nerves of Steel,0.333
49174,Jenga: Harley-Davidson Collector's Edition,Action / Dexterity,テーブル花火 (Table Hanabi),0.667,UNO Reflex,0.5,UNO Stacko,0.5,UNO Tippo,0.5,Big Orange: Good Luck,0.5
340862,Jenga: Harry Potter,Action / Dexterity,テーブル花火 (Table Hanabi),0.5,Britain's Got Talent The Electronic Board Game,0.5,WaveLength,0.4,UNO Tippo,0.4,UNO Reflex,0.4
49380,Jenga: Holiday Edition,Action / Dexterity,Brass Balls & Nerves of Steel,1.0,Twister Scrabble,0.5,Dan Qi,0.5,Magnetism Intelligence Strategy Game,0.5,Brink: aim for the edge but don't go over!,0.5
46423,Jenga: John Deere Collector's Edition,Action / Dexterity,Monopoly Free Parking Mini Game,0.667,テーブル花火 (Table Hanabi),0.5,FS Chess Football: A Thinking Fan's Game,0.5,UNO Reflex,0.4,UNO Stacko,0.4
49377,Jenga: New England Patriots Collector's Edition,Action / Dexterity,Bumper Golf,0.667,Arnold Palmer's Table Golf,0.667,Arnold Palmer's Pro Shot Golf,0.667,Bunker Golf,0.5,FS Chess Football: A Thinking Fan's Game,0.5
36845,Jenga: New York Yankees Collector's Edition,Action / Dexterity,Bumper Golf,0.667,Arnold Palmer's Table Golf,0.667,Arnold Palmer's Pro Shot Golf,0.667,Bunker Golf,0.5,FS Chess Football: A Thinking Fan's Game,0.5
36544,Jenga: Oakland Raiders Collector's Edition,Action / Dexterity,Bumper Golf,0.667,Arnold Palmer's Table Golf,0.667,Arnold Palmer's Pro Shot Golf,0.667,Bunker Golf,0.5,FS Chess Football: A Thinking Fan's Game,0.5
348561,Jenga: Party,Action / Dexterity,UNO Stacko,0.5,Oh Snap!,0.333,テーブル花火 (Table Hanabi),0.333,UNO Reflex,0.286,UNO Tippo,0.286
42574,Jenga: Philadelphia Eagles Collector's Edition,Action / Dexterity,Bumper Golf,0.667,Arnold Palmer's Table Golf,0.667,Arnold Palmer's Pro Shot Golf,0.667,Bunker Golf,0.5,FS Chess Football: A Thinking Fan's Game,0.5
36545,Jenga: Pittsburgh Steelers Collector's Edition,Action / Dexterity,Bumper Golf,0.667,Arnold Palmer's Table Golf,0.667,Arnold Palmer's Pro Shot Golf,0.667,Bunker Golf,0.5,FS Chess Football: A Thinking Fan's Game,0.5
147317,Jenga: Space Invaders Collector's Edition,Action / Dexterity,テーブル花火 (Table Hanabi),0.667,UNO Reflex,0.5,UNO Stacko,0.5,UNO Tippo,0.5,Big Orange: Good Luck,0.5
130156,Jenga: Spider-Man,Action / Dexterity,テーブル花火 (Table Hanabi),0.5,UNO Stacko,0.4,UNO Tippo,0.4,UNO Reflex,0.4,Big Orange: Good Luck,0.333
327612,Jenga: Super Mario,Action / Dexterity,Monopoly Free Parking Mini Game,0.4,Oh Snap!,0.333,Monopoly Gamer: Overwatch Collector's Edition,0.333,FS Chess Football: A Thinking Fan's Game,0.333,UNO Stacko,0.286
145259,Jenga: Tetris,Action / Dexterity,Brink: aim for the edge but don't go over!,0.5,Monopoly Get Out of Jail Mini Game,0.4,テーブル花火 (Table Hanabi),0.4,I'm Gonna Risk It,0.333,UNO Stacko,0.333
331366,Jenga: The Walking Dead Edition,Action / Dexterity,UNO Stacko,0.333,Oh Snap!,0.222,テーブル花火 (Table Hanabi),0.222,Britain's Got Talent The Electronic Board Game,0.222,UNO Tippo,0.2
184293,Jenga: Transformers – Rise of the Fallen,Action / Dexterity,WaveLength,0.6,Sexopoly,0.429,Britain's Got Talent The Electronic Board Game,0.4,Carrera de Mente,0.4,テーブル花火 (Table Hanabi),0.4
8916,Jenga: Truth or Dare,Action / Dexterity,テーブル花火 (Table Hanabi),0.667,UNO Reflex,0.5,UNO Stacko,0.5,UNO Tippo,0.5,Big Orange: Good Luck,0.5
41061,Love Jenga,Action / Dexterity,Jenga BOOM,0.5,Jenga Halloween Edition,0.5,Jenga Gold,0.5,Brass Balls & Nerves of Steel,0.5,GUATAFAC 'Unos Vicios',0.5
12420,Throw 'n Go Jenga,Action / Dexterity,Magnetism Intelligence Strategy Game,0.667,Jenga Xtreme,0.667,Jenga Girl Talk,0.667,Jenga Blast,0.667,Jenga Pass Challenge,0.667
17687,Bernini Mysterie,Abstract Strategy,CardChess,0.5,Millennium 3D Chess,0.5,Chessapeak Challenge Chess,0.4,Crown Chess,0.333,Cronk Chess,0.333
362797,Mini Escapes: The Mystery of the Lost Cult,Adventure,Side Quest: Nemesis,0.5,EXIT: The Game – Kidnapped in Fortune City,0.429,Behind Gold,0.429,EXIT: The Game – The Forgotten Island,0.429,Mysterium im Kloster,0.429
181304,Mysterium,Deduction,Tajemnicze Domostwo,0.5,Hivemind,0.333,Unlock!: Game Adventures – Mysterium,0.312,Dixit Universe Access+,0.286,Black Stories: Bloody Cases Edition,0.286
113997,Tajemnicze Domostwo,Deduction,Mysterium,0.5,Hanabi Deluxe: What a Show!,0.444,Mysterium im Kloster,0.429,Hanabi,0.4,Perspectives Blue,0.4
423424,Mysterium im Kloster,Deduction,EXIT: The Game – Kidnapped in Fortune City,0.6,EXIT: The Game – The Forgotten Island,0.6,Behind Gold,0.6,Perspectives Blue,0.5,Unlock!: Game Adventures – Mysterium,0.444
367206,Mysterium Kids: Captain Echo's Treasure,Children's Game,Tajemnicze Domostwo,0.375,Just One,0.333,Codenames: Duet,0.333,Hanabi Deluxe: What a Show!,0.333,Perspectives Blue,0.3
301767,Mysterium Park,Deduction,Tajemnicze Domostwo,0.4,Black Stories: Bloody Cases Edition,0.4,Crime Zoom: A Deadly Writer,0.4,Just One,0.364,An Evening of Murder: Dead of Winter,0.333
461166,Unlock!: Game Adventures – Mysterium,Deduction,Escape Box: Risk,0.5,Mysterium im Kloster,0.444,EXIT: The Game – Kidnapped in Fortune City,0.444,EXIT: The Game – The Forgotten Island,0.444,Mysterium,0.312
439983,The Voynich Puzzle,Medieval,Carcassonne: Demo-Spiel,0.4,Carcassonne Big Box 6,0.375,Mists over Carcassonne,0.333,Carcassonne Limited Edition,0.333,UNO Dominos,0.333
240423,Marvel Contest of Champions: Battlerealm,Comic Book / Strip,Risky Dice,0.429,High Risk,0.429,7s 11s: A Fast Paced Dice Game of Chance & Risk Taking,0.429,Batman: The Animated Series – Gotham City Under Siege,0.417,Battle Goomis,0.4
34,Arkham Horror,Adventure,Reign of Cthulhu,0.364,City of Brass: a game of colonial exploration,0.308,Batman: Gotham City Crimes,0.286,Hive Mind,0.273,Arkham Noir: Case #3 – Infinite Gulfs of Darkness,0.273
15987,Arkham Horror,Adventure,Mansions of Madness: Second Edition,0.407,Fall of Rome,0.389,Reign of Cthulhu,0.333,Dead of Winter: Tabletop Edition,0.333,Descent: Legends of the Dark,0.318
257499,Arkham Horror (Third Edition),Adventure,Mansions of Madness: Second Edition,0.375,Dead of Winter: Tabletop Edition,0.357,Reign of Cthulhu,0.357,Batman: The Animated Series – Gotham City Under Siege,0.333,Nemesis: Retaliation,0.333
285773,Arkham Horror: Final Hour,Adventure,Batman: Gotham City Crimes,0.4,24 godziny,0.286,Mysterium Kids: Captain Echo's Treasure,0.286,Vantage,0.273,Elden Ring: Dominion of Rot,0.273
424784,Arkham Horror: Lovecraft Letter,Card Game,Archer: Once You Go Blackmail...,0.444,UNO: Show 'Em No Mercy,0.444,Bear vs Gorilla vs CEO vs Hippie,0.429,UNO: Colors Rule,0.429,5 Alive / Uno,0.429
205637,Arkham Horror: The Card Game,Adventure,Mansions of Madness: Second Edition,0.452,Nemesis,0.323,Marvel Champions: The Card Game,0.321,Gloomhaven (Second Edition),0.306,Descent: Journeys in the Dark (Second Edition),0.303
463126,Arkham Horror: The Card Game,Card Game,Mansions of Madness: Second Edition,0.4,Nemesis,0.357,Nemesis: Retaliation,0.32,Marvel Champions: The Card Game,0.308,Nemesis: Lockdown,0.296
359609,Arkham Horror: The Card Game (Revised Core Set),Adventure,Mansions of Madness: Second Edition,0.5,Codenames: Critical Role Adventures,0.348,Mansions of Madness,0.345,Descent: Journeys in the Dark (Second Edition),0.344,Gloomhaven (Second Edition),0.343
412268,Aeon's End: The Descent,Card Game,Dominion: Intrigue,0.462,Dominion: Einsteiger-Bigbox,0.429,Dominion: Second Edition,0.429,Alpha Team Mechanized Battle Force Go!,0.429,Dominion,0.429
477022,Deck Descent,Card Game,Boba Goba,0.5,All Hail The Goblin King,0.4,The Golden Compass,0.4,Dixit: Kids,0.4,Dungeon Keeper Unofficial Card Game,0.333
150586,Descent,Abstract Strategy,3D Risk,0.5,Branches and Twigs and Thorns,0.5,Men Row Chess,0.5,UNO Wild Tiles,0.5,Maya Chess,0.5
5860,Descent on Crete: May 1941,Wargame,Nemesis: Burma 1944,1.0,"Nemesis: The Battle of Abbey Ardenne, June 7 1944",0.667,Black Gold (Texas Tea),0.6,The Battle of Changde: Operation Yo Go,0.6,The Battle of Khalkhin Gol,0.556
321124,Descent on Malta,Wargame,Ardennes Snow: A Roll & Go Wargame,0.6,Black Gold (Texas Tea),0.5,The Battle of Changde: Operation Yo Go,0.5,Dominion of the Sherman and T-34 WWII: Fight Battles of the late 2nd World War – Solo Game,0.429,Bloody Hell: Operations Goodwood and Spring,0.4
17226,Descent: Journeys in the Dark,Adventure,Mansions of Madness,0.556,Chezz Tactic Summoner Master,0.417,City of Brass: a game of colonial exploration,0.375,The Elder Scrolls: Betrayal of the Second Era,0.368,Mansions of Madness: Second Edition,0.36
104162,Descent: Journeys in the Dark (Second Edition),Adventure,Mansions of Madness: Second Edition,0.517,Mansions of Madness,0.462,Gloomhaven: Jaws of the Lion,0.441,Gloomhaven,0.432,Gloomhaven (Second Edition),0.394
322708,Descent: Legends of the Dark,Adventure,Mansions of Madness: Second Edition,0.423,Elden Ring: Dominion of Rot,0.412,Mansions of Madness,0.409,Slay the Spire: The Board Game,0.4,Gloomhaven (Second Edition),0.393
466429,Divine Descent,Adventure,Brassbound: Adamantine Dawn,0.636,Apocalypse: Earth – Wargaming in a World Gone Wrong,0.5,Dominion of the Blitzkrieg WWII: Fight Battles of the Early 2nd World War – Solo Game,0.462,"Warhammer 40,000: Kill Team – Hivestorm",0.429,Dominion of Marlborough and Peter the Great,0.417
4871,How to Host a Murder: The Duke's Descent,Deduction,An Evening of Murder: Dead of Winter,0.75,Mysterium im Kloster,0.4,SherBlock: Uno Scandalo in Boemia,0.333,Monopoly & Clue: Deluxe Vintage 2-in-1 Game Collection,0.333,Mystery Party in the Box: Bajo la Luna Azul,0.333
31846,Liberia: Descent Into Hell – The Liberian Civil War 1989-1996,Civil War,Risk: Black Ops,0.4,Risk G.I. JOE: Special Missions,0.375,War of the Rings,0.364,Over the Trenches,0.333,Risk: Processions et Marches folkloriques de l'Entre-Sambre-et-Meuse,0.333
270604,Mortals: Descent of the Gods,Mythology,People Vs Pandemic,0.4,Babblarna: Kan-du-göra-spelet,0.333,Battle of the Gods,0.333,Age of Gods,0.333,APBA Professional Golf,0.25
6813,Operation Market Garden: Descent Into Hell,Wargame,The Battle of Khalkhin Gol,0.5,War of the Ring,0.444,Descent on Crete: May 1941,0.417,Nemesis: Burma 1944,0.417,Rescue from the Hive,0.375
294712,Prelude to Revolution: Russia's Descent into Anarchy 1905 - 1917,Political,Over the Trenches,0.3,Kellia: The Risk of the Desert,0.273,War of the Ring,0.25,Fall of Rome,0.214,Risk: Rick and Morty,0.2
456564,Red Descent: The Air and Ground Assault for Vyamza 1942,Print & Play,Leyte Gulf Naval Chess Game,0.8,The Battle of Changde: Operation Yo Go,0.75,Black Gold (Texas Tea),0.75,Bloody Hell: Operations Goodwood and Spring,0.6,Descent on Crete: May 1941,0.5
440176,Stellar Descent,Space Exploration,Catan: Starfarers Duel,0.25,Dead Man's Chess,0.222,Divine Descent,0.214,Honey Hive,0.2,Bantam West (2nd Edition): Graves of Gold,0.2
440447,Tranquility: The Descent,Card Game,UNO H2O,0.375,UNO Wild Jackpot,0.375,Hanabi Deluxe: What a Show!,0.364,UNO Triple Play,0.333,Hanabi,0.333
319327,Wyrd: The Descent,Ancient,Mansions of Madness: Second Edition,0.333,Descent: Journeys in the Dark (Second Edition),0.31,Chezz Tactic Summoner Master,0.278,Descent: Journeys in the Dark,0.273,7 Dice Wonders,0.263
83330,Mansions of Madness,Adventure,Descent: Journeys in the Dark,0.556,Descent: Journeys in the Dark (Second Edition),0.462,Descent: Legends of the Dark,0.409,Batman: Gotham City Chronicles,0.364,Arkham Horror: The Card Game (Revised Core Set),0.345
205059,Mansions of Madness: Second Edition,Adventure,Descent: Journeys in the Dark (Second Edition),0.517,Arkham Horror: The Card Game (Revised Core Set),0.5,Arkham Horror: The Card Game,0.452,Descent: Legends of the Dark,0.423,Arkham Horror,0.407
200959,1813: Napoleon's Nemesis,Napoleonic,Against All Odds: Battle for the Golan Heights,0.6,"Nemesis: The Battle of Abbey Ardenne, June 7 1944",0.5,Descent on Crete: May 1941,0.5,Nemesis: Burma 1944,0.5,Regimental Risk,0.5
366788,Doctor Who: Nemesis,Movies / TV / Radio theme,UNO: All Wild! Grogu!,0.667,Uno Flip!: Transformers,0.571,Monopoly Deal: Disney Stitch,0.5,UNO: Star Trek,0.5,UNO: Doctor Who,0.5
3481,Nemesis,Book,"Warhammer 40,000: Kill Team – Hivestorm",0.429,Power Rangers: Heroes of the Grid,0.4,Brassbound: Adamantine Dawn,0.385,Apocalypse: Earth – Wargaming in a World Gone Wrong,0.385,Risk: Star Wars Edition,0.357
20818,Nemesis,Ancient,Dungeon Keeper Unofficial Card Game,0.5,Wingspan Pocket,0.5,UNO: DragonBall Z,0.429,Dominion: Special Edition,0.429,UNO Tiki Twist,0.429
167355,Nemesis,Adventure,Mansions of Madness: Second Edition,0.4,Arkham Horror: The Card Game,0.357,Mansions of Madness,0.333,Descent: Journeys in the Dark (Second Edition),0.333,Arkham Horror: The Card Game,0.323
406548,Nemesis Collectible Card Game,Card Game,Legend of the Five Rings: The Currency of War,0.5,"Chess-a-tete, Classic Edition",0.4,Marvel Champions: The Card Game,0.333,Altar: Realms of the Gods,0.3,"A game about deciding which cards to use before the game, technically known as 'deck construction', designed basically just for one event.",0.286
197076,Nemesis: Burma 1944,Wargame,Descent on Crete: May 1941,1.0,Black Gold (Texas Tea),0.6,The Battle of Changde: Operation Yo Go,0.6,The Battle of Khalkhin Gol,0.556,Bloody Hell: Operations Goodwood and Spring,0.5
465821,Nemesis: Legacy,Exploration,Vantage,0.333,Necromunda: Hive War,0.333,Necromunda: Hive Secundus,0.333,Risk of Rain: The Board Game,0.267,Pandemic Legacy: Season 2,0.25
310100,Nemesis: Lockdown,Adventure,Mansions of Madness: Second Edition,0.345,Descent: Legends of the Dark,0.304,Vantage,0.3,Arkham Horror (Third Edition),0.3,Arkham Horror: The Card Game,0.296
381248,Nemesis: Retaliation,Exploration,Mansions of Madness: Second Edition,0.37,Arkham Horror (Third Edition),0.333,Descent: Legends of the Dark,0.333,"Warhammer 40,000: Kill Team – Hivestorm",0.333,Arkham Horror: The Card Game,0.32
57188,Nemesis: Skirmish Miniatures,Fantasy,Altar of the Dead Gods,0.571,War of the Ring,0.5,Dominion of the Orc: Fight Fantasy Battles – Solo Game,0.444,Cathedr'l: Fantasy Role Playing Chess,0.4,Necromunda: Hive Secundus,0.375
201603,"Nemesis: The Battle of Abbey Ardenne, June 7 1944",Wargame,Descent on Crete: May 1941,0.667,The Battle of Changde: Operation Yo Go,0.6,Black Gold (Texas Tea),0.6,Bloody Hell: Operations Goodwood and Spring,0.5,1813: Napoleon's Nemesis,0.5
253964,Nemesis: TL;DR Version,Bluffing,Aether Captains: Capek Golems,0.455,Nova's Ark,0.429,Buster Brown and the Goat,0.417,Ticket to Ride: The Card Game,0.4,Exploding Kittens: Newbie Edition,0.385
60786,Neuron Nemesis,Educational,Riskland,1.0,Chess more than a game!,0.5,Risky Business,0.4,Medical Monopoly,0.4,Riskier Was,0.4
387538,Side Quest: Nemesis,Adventure,Mini Escapes: The Mystery of the Lost Cult,0.5,Codenames: Critical Role Adventures,0.385,Crime Zoom: A Deadly Writer,0.364,Escape Box: Risk,0.364,Nova's Ark,0.333
150376,Dead of Winter: A Crossroads Game,Bluffing,Nemesis,0.31,Mansions of Madness: Second Edition,0.235,Arkham Horror: The Card Game,0.226,Nemesis: Retaliation,0.222,Risk: Star Wars Edition,0.217
176601,Dead of Winter: Tabletop Edition,Horror,Reign of Cthulhu,0.5,Fall of Rome,0.462,Pandemic: Hot Zone – North America,0.385,Pandemic: Hot Zone – Europe,0.364,Arkham Horror (Third Edition),0.357
35477,Dead of Winter: The Battle of Stones River (Second Edition),American Civil War,Nemesis: Burma 1944,0.5,Descent on Crete: May 1941,0.5,Azules y grises,0.429,Against All Odds: Battle for the Golan Heights,0.375,Bloody Hell: Operations Goodwood and Spring,0.375
10361,"Dead of Winter: The Battle of Stones River – Murfreesboro, Tennessee",American Civil War,Azules y grises,0.5,Descent on Crete: May 1941,0.375,"""An' go to your Gawd like a soldier"": Small Wars on the North-West Frontier",0.375,Nemesis: Burma 1944,0.375,The Battle of Changde: Operation Yo Go,0.286
193037,Dead of Winter: The Long Night,Bluffing,Nemesis,0.321,Reign of Cthulhu,0.286,Nemesis: Retaliation,0.28,City of Brass: a game of colonial exploration,0.261,Power Rangers: Heroes of the Grid,0.261
207016,Flick 'em Up!: Dead of Winter,Action / Dexterity,Monopoly Knockout,0.429,Jenga Ocean,0.286,Jenga Maker,0.25,Hive Mind,0.25,テーブル花火 (Table Hanabi),0.25
